ISO-10303-21;
HEADER;
FILE_DESCRIPTION(('FreeCAD Model'),'2;1');
FILE_NAME('Open CASCADE Shape Model','2026-10-02T06:55:24',('FreeCAD'),(
    'FreeCAD'),'Open CASCADE STEP processor 7.8','FreeCAD','Unknown');
FILE_SCHEMA(('AUTOMOTIVE_DESIGN { 1 0 10303 214 1 1 1 1 }'));
ENDSEC;
DATA;
#1 = APPLICATION_PROTOCOL_DEFINITION('international standard',
  'automotive_design',2000,#2);
#2 = APPLICATION_CONTEXT(
  'core data for automotive mechanical design processes');
#3 = SHAPE_DEFINITION_REPRESENTATION(#4,#10);
#4 = PRODUCT_DEFINITION_SHAPE('','',#5);
#5 = PRODUCT_DEFINITION('design','',#6,#9);
#6 = PRODUCT_DEFINITION_FORMATION('','',#7);
#7 = PRODUCT('Open CASCADE STEP translator 7.8 1',
  'Open CASCADE STEP translator 7.8 1','',(#8));
#8 = PRODUCT_CONTEXT('',#2,'mechanical');
#9 = PRODUCT_DEFINITION_CONTEXT('part definition',#2,'design');
#10 = ADVANCED_BREP_SHAPE_REPRESENTATION('',(#11,#15),#2753);
#11 = AXIS2_PLACEMENT_3D('',#12,#13,#14);
#12 = CARTESIAN_POINT('',(0.,0.,0.));
#13 = DIRECTION('',(0.,0.,1.));
#14 = DIRECTION('',(1.,0.,-0.));
#15 = MANIFOLD_SOLID_BREP('',#16);
#16 = CLOSED_SHELL('',(#17,#57,#136,#176,#303,#382,#447,#471,#502,#533,
    #564,#595,#626,#657,#688,#719,#750,#822,#853,#1019,#1043,#1067,#1091
    ,#1108,#1180,#1211,#1228,#1259,#1290,#1314,#1338,#1355,#1386,#1417,
    #1448,#1479,#1503,#1527,#1551,#1568,#1599,#1623,#1647,#1671,#1702,
    #1733,#1764,#1795,#1819,#1843,#1874,#1905,#1936,#1960,#1984,#2008,
    #2032,#2056,#2073,#2090,#2114,#2138,#2162,#2186,#2203,#2225,#2247,
    #2278,#2300,#2331,#2353,#2388,#2419,#2481,#2502,#2520,#2555,#2595,
    #2612,#2640,#2669,#2693,#2717,#2741));
#17 = ADVANCED_FACE('',(#18),#52,.T.);
#18 = FACE_BOUND('',#19,.T.);
#19 = EDGE_LOOP('',(#20,#30,#38,#46));
#20 = ORIENTED_EDGE('',*,*,#21,.F.);
#21 = EDGE_CURVE('',#22,#24,#26,.T.);
#22 = VERTEX_POINT('',#23);
#23 = CARTESIAN_POINT('',(10.,35.5,0.));
#24 = VERTEX_POINT('',#25);
#25 = CARTESIAN_POINT('',(10.,35.5,0.8));
#26 = LINE('',#27,#28);
#27 = CARTESIAN_POINT('',(10.,35.5,-0.1));
#28 = VECTOR('',#29,1.);
#29 = DIRECTION('',(0.,0.,1.));
#30 = ORIENTED_EDGE('',*,*,#31,.T.);
#31 = EDGE_CURVE('',#22,#32,#34,.T.);
#32 = VERTEX_POINT('',#33);
#33 = CARTESIAN_POINT('',(10.,38.8,0.));
#34 = LINE('',#35,#36);
#35 = CARTESIAN_POINT('',(10.,0.,0.));
#36 = VECTOR('',#37,1.);
#37 = DIRECTION('',(-0.,1.,0.));
#38 = ORIENTED_EDGE('',*,*,#39,.T.);
#39 = EDGE_CURVE('',#32,#40,#42,.T.);
#40 = VERTEX_POINT('',#41);
#41 = CARTESIAN_POINT('',(10.,38.8,0.8));
#42 = LINE('',#43,#44);
#43 = CARTESIAN_POINT('',(10.,38.8,0.));
#44 = VECTOR('',#45,1.);
#45 = DIRECTION('',(0.,0.,1.));
#46 = ORIENTED_EDGE('',*,*,#47,.F.);
#47 = EDGE_CURVE('',#24,#40,#48,.T.);
#48 = LINE('',#49,#50);
#49 = CARTESIAN_POINT('',(10.,0.,0.8));
#50 = VECTOR('',#51,1.);
#51 = DIRECTION('',(-0.,1.,0.));
#52 = PLANE('',#53);
#53 = AXIS2_PLACEMENT_3D('',#54,#55,#56);
#54 = CARTESIAN_POINT('',(10.,0.,0.));
#55 = DIRECTION('',(1.,0.,-0.));
#56 = DIRECTION('',(0.,0.,1.));
#57 = ADVANCED_FACE('',(#58),#131,.F.);
#58 = FACE_BOUND('',#59,.F.);
#59 = EDGE_LOOP('',(#60,#61,#69,#77,#85,#93,#101,#109,#117,#125));
#60 = ORIENTED_EDGE('',*,*,#21,.F.);
#61 = ORIENTED_EDGE('',*,*,#62,.T.);
#62 = EDGE_CURVE('',#22,#63,#65,.T.);
#63 = VERTEX_POINT('',#64);
#64 = CARTESIAN_POINT('',(4.3,35.5,0.));
#65 = LINE('',#66,#67);
#66 = CARTESIAN_POINT('',(-2.85,35.5,0.));
#67 = VECTOR('',#68,1.);
#68 = DIRECTION('',(-1.,-0.,0.));
#69 = ORIENTED_EDGE('',*,*,#70,.T.);
#70 = EDGE_CURVE('',#63,#71,#73,.T.);
#71 = VERTEX_POINT('',#72);
#72 = CARTESIAN_POINT('',(4.3,35.5,3.2));
#73 = LINE('',#74,#75);
#74 = CARTESIAN_POINT('',(4.3,35.5,-0.1));
#75 = VECTOR('',#76,1.);
#76 = DIRECTION('',(0.,0.,1.));
#77 = ORIENTED_EDGE('',*,*,#78,.F.);
#78 = EDGE_CURVE('',#79,#71,#81,.T.);
#79 = VERTEX_POINT('',#80);
#80 = CARTESIAN_POINT('',(6.3,35.5,3.2));
#81 = LINE('',#82,#83);
#82 = CARTESIAN_POINT('',(-2.35,35.5,3.2));
#83 = VECTOR('',#84,1.);
#84 = DIRECTION('',(-1.,-0.,0.));
#85 = ORIENTED_EDGE('',*,*,#86,.T.);
#86 = EDGE_CURVE('',#79,#87,#89,.T.);
#87 = VERTEX_POINT('',#88);
#88 = CARTESIAN_POINT('',(6.3,35.5,7.2));
#89 = LINE('',#90,#91);
#90 = CARTESIAN_POINT('',(6.3,35.5,1.55));
#91 = VECTOR('',#92,1.);
#92 = DIRECTION('',(0.,0.,1.));
#93 = ORIENTED_EDGE('',*,*,#94,.F.);
#94 = EDGE_CURVE('',#95,#87,#97,.T.);
#95 = VERTEX_POINT('',#96);
#96 = CARTESIAN_POINT('',(7.1,35.5,7.2));
#97 = LINE('',#98,#99);
#98 = CARTESIAN_POINT('',(5.3,35.5,7.2));
#99 = VECTOR('',#100,1.);
#100 = DIRECTION('',(-1.,-0.,0.));
#101 = ORIENTED_EDGE('',*,*,#102,.F.);
#102 = EDGE_CURVE('',#103,#95,#105,.T.);
#103 = VERTEX_POINT('',#104);
#104 = CARTESIAN_POINT('',(7.1,35.5,3.2));
#105 = LINE('',#106,#107);
#106 = CARTESIAN_POINT('',(7.1,35.5,1.55));
#107 = VECTOR('',#108,1.);
#108 = DIRECTION('',(0.,0.,1.));
#109 = ORIENTED_EDGE('',*,*,#110,.F.);
#110 = EDGE_CURVE('',#111,#103,#113,.T.);
#111 = VERTEX_POINT('',#112);
#112 = CARTESIAN_POINT('',(9.,35.5,3.2));
#113 = LINE('',#114,#115);
#114 = CARTESIAN_POINT('',(-2.35,35.5,3.2));
#115 = VECTOR('',#116,1.);
#116 = DIRECTION('',(-1.,-0.,0.));
#117 = ORIENTED_EDGE('',*,*,#118,.F.);
#118 = EDGE_CURVE('',#119,#111,#121,.T.);
#119 = VERTEX_POINT('',#120);
#120 = CARTESIAN_POINT('',(9.,35.5,0.8));
#121 = LINE('',#122,#123);
#122 = CARTESIAN_POINT('',(9.,35.5,0.35));
#123 = VECTOR('',#124,1.);
#124 = DIRECTION('',(0.,0.,1.));
#125 = ORIENTED_EDGE('',*,*,#126,.F.);
#126 = EDGE_CURVE('',#24,#119,#127,.T.);
#127 = LINE('',#128,#129);
#128 = CARTESIAN_POINT('',(-2.85,35.5,0.8));
#129 = VECTOR('',#130,1.);
#130 = DIRECTION('',(-1.,-0.,0.));
#131 = PLANE('',#132);
#132 = AXIS2_PLACEMENT_3D('',#133,#134,#135);
#133 = CARTESIAN_POINT('',(4.3,35.5,-0.1));
#134 = DIRECTION('',(-0.,1.,0.));
#135 = DIRECTION('',(0.,0.,1.));
#136 = ADVANCED_FACE('',(#137),#171,.T.);
#137 = FACE_BOUND('',#138,.T.);
#138 = EDGE_LOOP('',(#139,#149,#157,#165));
#139 = ORIENTED_EDGE('',*,*,#140,.T.);
#140 = EDGE_CURVE('',#141,#143,#145,.T.);
#141 = VERTEX_POINT('',#142);
#142 = CARTESIAN_POINT('',(10.,0.8,0.8));
#143 = VERTEX_POINT('',#144);
#144 = CARTESIAN_POINT('',(-10.,0.8,0.8));
#145 = LINE('',#146,#147);
#146 = CARTESIAN_POINT('',(-10.,0.8,0.8));
#147 = VECTOR('',#148,1.);
#148 = DIRECTION('',(-1.,-0.,0.));
#149 = ORIENTED_EDGE('',*,*,#150,.T.);
#150 = EDGE_CURVE('',#143,#151,#153,.T.);
#151 = VERTEX_POINT('',#152);
#152 = CARTESIAN_POINT('',(-10.,0.8,10.4));
#153 = LINE('',#154,#155);
#154 = CARTESIAN_POINT('',(-10.,0.8,0.));
#155 = VECTOR('',#156,1.);
#156 = DIRECTION('',(0.,0.,1.));
#157 = ORIENTED_EDGE('',*,*,#158,.F.);
#158 = EDGE_CURVE('',#159,#151,#161,.T.);
#159 = VERTEX_POINT('',#160);
#160 = CARTESIAN_POINT('',(10.,0.8,10.4));
#161 = LINE('',#162,#163);
#162 = CARTESIAN_POINT('',(-10.,0.8,10.4));
#163 = VECTOR('',#164,1.);
#164 = DIRECTION('',(-1.,-0.,0.));
#165 = ORIENTED_EDGE('',*,*,#166,.F.);
#166 = EDGE_CURVE('',#141,#159,#167,.T.);
#167 = LINE('',#168,#169);
#168 = CARTESIAN_POINT('',(10.,0.8,0.));
#169 = VECTOR('',#170,1.);
#170 = DIRECTION('',(0.,0.,1.));
#171 = PLANE('',#172);
#172 = AXIS2_PLACEMENT_3D('',#173,#174,#175);
#173 = CARTESIAN_POINT('',(-10.,0.8,0.));
#174 = DIRECTION('',(-0.,1.,0.));
#175 = DIRECTION('',(0.,0.,1.));
#176 = ADVANCED_FACE('',(#177),#298,.T.);
#177 = FACE_BOUND('',#178,.T.);
#178 = EDGE_LOOP('',(#179,#187,#188,#196,#204,#212,#220,#228,#236,#244,
    #252,#260,#268,#276,#284,#292));
#179 = ORIENTED_EDGE('',*,*,#180,.F.);
#180 = EDGE_CURVE('',#143,#181,#183,.T.);
#181 = VERTEX_POINT('',#182);
#182 = CARTESIAN_POINT('',(-10.,31.5,0.8));
#183 = LINE('',#184,#185);
#184 = CARTESIAN_POINT('',(-10.,0.,0.8));
#185 = VECTOR('',#186,1.);
#186 = DIRECTION('',(-0.,1.,0.));
#187 = ORIENTED_EDGE('',*,*,#140,.F.);
#188 = ORIENTED_EDGE('',*,*,#189,.T.);
#189 = EDGE_CURVE('',#141,#190,#192,.T.);
#190 = VERTEX_POINT('',#191);
#191 = CARTESIAN_POINT('',(10.,31.5,0.8));
#192 = LINE('',#193,#194);
#193 = CARTESIAN_POINT('',(10.,0.,0.8));
#194 = VECTOR('',#195,1.);
#195 = DIRECTION('',(-0.,1.,0.));
#196 = ORIENTED_EDGE('',*,*,#197,.T.);
#197 = EDGE_CURVE('',#190,#198,#200,.T.);
#198 = VERTEX_POINT('',#199);
#199 = CARTESIAN_POINT('',(9.,31.5,0.8));
#200 = LINE('',#201,#202);
#201 = CARTESIAN_POINT('',(-2.85,31.5,0.8));
#202 = VECTOR('',#203,1.);
#203 = DIRECTION('',(-1.,-0.,0.));
#204 = ORIENTED_EDGE('',*,*,#205,.F.);
#205 = EDGE_CURVE('',#206,#198,#208,.T.);
#206 = VERTEX_POINT('',#207);
#207 = CARTESIAN_POINT('',(9.,30.1,0.8));
#208 = LINE('',#209,#210);
#209 = CARTESIAN_POINT('',(9.,12.8,0.8));
#210 = VECTOR('',#211,1.);
#211 = DIRECTION('',(-0.,1.,0.));
#212 = ORIENTED_EDGE('',*,*,#213,.F.);
#213 = EDGE_CURVE('',#214,#206,#216,.T.);
#214 = VERTEX_POINT('',#215);
#215 = CARTESIAN_POINT('',(9.,27.1,0.8));
#216 = LINE('',#217,#218);
#217 = CARTESIAN_POINT('',(9.,12.8,0.8));
#218 = VECTOR('',#219,1.);
#219 = DIRECTION('',(-0.,1.,0.));
#220 = ORIENTED_EDGE('',*,*,#221,.F.);
#221 = EDGE_CURVE('',#222,#214,#224,.T.);
#222 = VERTEX_POINT('',#223);
#223 = CARTESIAN_POINT('',(9.,20.1,0.8));
#224 = LINE('',#225,#226);
#225 = CARTESIAN_POINT('',(9.,12.8,0.8));
#226 = VECTOR('',#227,1.);
#227 = DIRECTION('',(-0.,1.,0.));
#228 = ORIENTED_EDGE('',*,*,#229,.F.);
#229 = EDGE_CURVE('',#230,#222,#232,.T.);
#230 = VERTEX_POINT('',#231);
#231 = CARTESIAN_POINT('',(9.,17.1,0.8));
#232 = LINE('',#233,#234);
#233 = CARTESIAN_POINT('',(9.,12.8,0.8));
#234 = VECTOR('',#235,1.);
#235 = DIRECTION('',(-0.,1.,0.));
#236 = ORIENTED_EDGE('',*,*,#237,.F.);
#237 = EDGE_CURVE('',#238,#230,#240,.T.);
#238 = VERTEX_POINT('',#239);
#239 = CARTESIAN_POINT('',(9.,12.8,0.8));
#240 = LINE('',#241,#242);
#241 = CARTESIAN_POINT('',(9.,12.8,0.8));
#242 = VECTOR('',#243,1.);
#243 = DIRECTION('',(-0.,1.,0.));
#244 = ORIENTED_EDGE('',*,*,#245,.F.);
#245 = EDGE_CURVE('',#246,#238,#248,.T.);
#246 = VERTEX_POINT('',#247);
#247 = CARTESIAN_POINT('',(-9.,12.8,0.8));
#248 = LINE('',#249,#250);
#249 = CARTESIAN_POINT('',(-9.,12.8,0.8));
#250 = VECTOR('',#251,1.);
#251 = DIRECTION('',(1.,0.,-0.));
#252 = ORIENTED_EDGE('',*,*,#253,.T.);
#253 = EDGE_CURVE('',#246,#254,#256,.T.);
#254 = VERTEX_POINT('',#255);
#255 = CARTESIAN_POINT('',(-9.,17.1,0.8));
#256 = LINE('',#257,#258);
#257 = CARTESIAN_POINT('',(-9.,12.8,0.8));
#258 = VECTOR('',#259,1.);
#259 = DIRECTION('',(-0.,1.,0.));
#260 = ORIENTED_EDGE('',*,*,#261,.T.);
#261 = EDGE_CURVE('',#254,#262,#264,.T.);
#262 = VERTEX_POINT('',#263);
#263 = CARTESIAN_POINT('',(-9.,20.1,0.8));
#264 = LINE('',#265,#266);
#265 = CARTESIAN_POINT('',(-9.,12.8,0.8));
#266 = VECTOR('',#267,1.);
#267 = DIRECTION('',(-0.,1.,0.));
#268 = ORIENTED_EDGE('',*,*,#269,.T.);
#269 = EDGE_CURVE('',#262,#270,#272,.T.);
#270 = VERTEX_POINT('',#271);
#271 = CARTESIAN_POINT('',(-9.,27.1,0.8));
#272 = LINE('',#273,#274);
#273 = CARTESIAN_POINT('',(-9.,12.8,0.8));
#274 = VECTOR('',#275,1.);
#275 = DIRECTION('',(-0.,1.,0.));
#276 = ORIENTED_EDGE('',*,*,#277,.T.);
#277 = EDGE_CURVE('',#270,#278,#280,.T.);
#278 = VERTEX_POINT('',#279);
#279 = CARTESIAN_POINT('',(-9.,30.1,0.8));
#280 = LINE('',#281,#282);
#281 = CARTESIAN_POINT('',(-9.,12.8,0.8));
#282 = VECTOR('',#283,1.);
#283 = DIRECTION('',(-0.,1.,0.));
#284 = ORIENTED_EDGE('',*,*,#285,.T.);
#285 = EDGE_CURVE('',#278,#286,#288,.T.);
#286 = VERTEX_POINT('',#287);
#287 = CARTESIAN_POINT('',(-9.,31.5,0.8));
#288 = LINE('',#289,#290);
#289 = CARTESIAN_POINT('',(-9.,12.8,0.8));
#290 = VECTOR('',#291,1.);
#291 = DIRECTION('',(-0.,1.,0.));
#292 = ORIENTED_EDGE('',*,*,#293,.T.);
#293 = EDGE_CURVE('',#286,#181,#294,.T.);
#294 = LINE('',#295,#296);
#295 = CARTESIAN_POINT('',(-10.,31.5,0.8));
#296 = VECTOR('',#297,1.);
#297 = DIRECTION('',(-1.,-0.,0.));
#298 = PLANE('',#299);
#299 = AXIS2_PLACEMENT_3D('',#300,#301,#302);
#300 = CARTESIAN_POINT('',(-10.,0.,0.8));
#301 = DIRECTION('',(0.,0.,1.));
#302 = DIRECTION('',(1.,0.,-0.));
#303 = ADVANCED_FACE('',(#304),#377,.T.);
#304 = FACE_BOUND('',#305,.T.);
#305 = EDGE_LOOP('',(#306,#316,#324,#330,#331,#339,#347,#355,#363,#371)
  );
#306 = ORIENTED_EDGE('',*,*,#307,.F.);
#307 = EDGE_CURVE('',#308,#310,#312,.T.);
#308 = VERTEX_POINT('',#309);
#309 = CARTESIAN_POINT('',(-4.3,31.5,0.));
#310 = VERTEX_POINT('',#311);
#311 = CARTESIAN_POINT('',(-4.3,31.5,3.2));
#312 = LINE('',#313,#314);
#313 = CARTESIAN_POINT('',(-4.3,31.5,-0.1));
#314 = VECTOR('',#315,1.);
#315 = DIRECTION('',(0.,0.,1.));
#316 = ORIENTED_EDGE('',*,*,#317,.T.);
#317 = EDGE_CURVE('',#308,#318,#320,.T.);
#318 = VERTEX_POINT('',#319);
#319 = CARTESIAN_POINT('',(-10.,31.5,0.));
#320 = LINE('',#321,#322);
#321 = CARTESIAN_POINT('',(-10.,31.5,0.));
#322 = VECTOR('',#323,1.);
#323 = DIRECTION('',(-1.,-0.,0.));
#324 = ORIENTED_EDGE('',*,*,#325,.T.);
#325 = EDGE_CURVE('',#318,#181,#326,.T.);
#326 = LINE('',#327,#328);
#327 = CARTESIAN_POINT('',(-10.,31.5,-0.1));
#328 = VECTOR('',#329,1.);
#329 = DIRECTION('',(0.,0.,1.));
#330 = ORIENTED_EDGE('',*,*,#293,.F.);
#331 = ORIENTED_EDGE('',*,*,#332,.T.);
#332 = EDGE_CURVE('',#286,#333,#335,.T.);
#333 = VERTEX_POINT('',#334);
#334 = CARTESIAN_POINT('',(-9.,31.5,3.2));
#335 = LINE('',#336,#337);
#336 = CARTESIAN_POINT('',(-9.,31.5,0.35));
#337 = VECTOR('',#338,1.);
#338 = DIRECTION('',(0.,0.,1.));
#339 = ORIENTED_EDGE('',*,*,#340,.F.);
#340 = EDGE_CURVE('',#341,#333,#343,.T.);
#341 = VERTEX_POINT('',#342);
#342 = CARTESIAN_POINT('',(-7.1,31.5,3.2));
#343 = LINE('',#344,#345);
#344 = CARTESIAN_POINT('',(-9.5,31.5,3.2));
#345 = VECTOR('',#346,1.);
#346 = DIRECTION('',(-1.,-0.,0.));
#347 = ORIENTED_EDGE('',*,*,#348,.T.);
#348 = EDGE_CURVE('',#341,#349,#351,.T.);
#349 = VERTEX_POINT('',#350);
#350 = CARTESIAN_POINT('',(-7.1,31.5,7.2));
#351 = LINE('',#352,#353);
#352 = CARTESIAN_POINT('',(-7.1,31.5,1.55));
#353 = VECTOR('',#354,1.);
#354 = DIRECTION('',(0.,0.,1.));
#355 = ORIENTED_EDGE('',*,*,#356,.F.);
#356 = EDGE_CURVE('',#357,#349,#359,.T.);
#357 = VERTEX_POINT('',#358);
#358 = CARTESIAN_POINT('',(-6.3,31.5,7.2));
#359 = LINE('',#360,#361);
#360 = CARTESIAN_POINT('',(-8.55,31.5,7.2));
#361 = VECTOR('',#362,1.);
#362 = DIRECTION('',(-1.,-0.,0.));
#363 = ORIENTED_EDGE('',*,*,#364,.F.);
#364 = EDGE_CURVE('',#365,#357,#367,.T.);
#365 = VERTEX_POINT('',#366);
#366 = CARTESIAN_POINT('',(-6.3,31.5,3.2));
#367 = LINE('',#368,#369);
#368 = CARTESIAN_POINT('',(-6.3,31.5,1.55));
#369 = VECTOR('',#370,1.);
#370 = DIRECTION('',(0.,0.,1.));
#371 = ORIENTED_EDGE('',*,*,#372,.F.);
#372 = EDGE_CURVE('',#310,#365,#373,.T.);
#373 = LINE('',#374,#375);
#374 = CARTESIAN_POINT('',(-9.5,31.5,3.2));
#375 = VECTOR('',#376,1.);
#376 = DIRECTION('',(-1.,-0.,0.));
#377 = PLANE('',#378);
#378 = AXIS2_PLACEMENT_3D('',#379,#380,#381);
#379 = CARTESIAN_POINT('',(-10.,31.5,-0.1));
#380 = DIRECTION('',(-0.,1.,0.));
#381 = DIRECTION('',(0.,0.,1.));
#382 = ADVANCED_FACE('',(#383,#408),#442,.F.);
#383 = FACE_BOUND('',#384,.F.);
#384 = EDGE_LOOP('',(#385,#393,#394,#402));
#385 = ORIENTED_EDGE('',*,*,#386,.F.);
#386 = EDGE_CURVE('',#151,#387,#389,.T.);
#387 = VERTEX_POINT('',#388);
#388 = CARTESIAN_POINT('',(-10.,38.8,10.4));
#389 = LINE('',#390,#391);
#390 = CARTESIAN_POINT('',(-10.,0.,10.4));
#391 = VECTOR('',#392,1.);
#392 = DIRECTION('',(-0.,1.,0.));
#393 = ORIENTED_EDGE('',*,*,#158,.F.);
#394 = ORIENTED_EDGE('',*,*,#395,.T.);
#395 = EDGE_CURVE('',#159,#396,#398,.T.);
#396 = VERTEX_POINT('',#397);
#397 = CARTESIAN_POINT('',(10.,38.8,10.4));
#398 = LINE('',#399,#400);
#399 = CARTESIAN_POINT('',(10.,0.,10.4));
#400 = VECTOR('',#401,1.);
#401 = DIRECTION('',(-0.,1.,0.));
#402 = ORIENTED_EDGE('',*,*,#403,.F.);
#403 = EDGE_CURVE('',#387,#396,#404,.T.);
#404 = LINE('',#405,#406);
#405 = CARTESIAN_POINT('',(-10.,38.8,10.4));
#406 = VECTOR('',#407,1.);
#407 = DIRECTION('',(1.,0.,-0.));
#408 = FACE_BOUND('',#409,.F.);
#409 = EDGE_LOOP('',(#410,#420,#428,#436));
#410 = ORIENTED_EDGE('',*,*,#411,.T.);
#411 = EDGE_CURVE('',#412,#414,#416,.T.);
#412 = VERTEX_POINT('',#413);
#413 = CARTESIAN_POINT('',(3.,8.8,10.4));
#414 = VERTEX_POINT('',#415);
#415 = CARTESIAN_POINT('',(-3.,8.8,10.4));
#416 = LINE('',#417,#418);
#417 = CARTESIAN_POINT('',(-6.5,8.8,10.4));
#418 = VECTOR('',#419,1.);
#419 = DIRECTION('',(-1.,-0.,0.));
#420 = ORIENTED_EDGE('',*,*,#421,.T.);
#421 = EDGE_CURVE('',#414,#422,#424,.T.);
#422 = VERTEX_POINT('',#423);
#423 = CARTESIAN_POINT('',(-3.,12.8,10.4));
#424 = LINE('',#425,#426);
#425 = CARTESIAN_POINT('',(-3.,4.4,10.4));
#426 = VECTOR('',#427,1.);
#427 = DIRECTION('',(-0.,1.,0.));
#428 = ORIENTED_EDGE('',*,*,#429,.F.);
#429 = EDGE_CURVE('',#430,#422,#432,.T.);
#430 = VERTEX_POINT('',#431);
#431 = CARTESIAN_POINT('',(3.,12.8,10.4));
#432 = LINE('',#433,#434);
#433 = CARTESIAN_POINT('',(-6.5,12.8,10.4));
#434 = VECTOR('',#435,1.);
#435 = DIRECTION('',(-1.,-0.,0.));
#436 = ORIENTED_EDGE('',*,*,#437,.F.);
#437 = EDGE_CURVE('',#412,#430,#438,.T.);
#438 = LINE('',#439,#440);
#439 = CARTESIAN_POINT('',(3.,4.4,10.4));
#440 = VECTOR('',#441,1.);
#441 = DIRECTION('',(-0.,1.,0.));
#442 = PLANE('',#443);
#443 = AXIS2_PLACEMENT_3D('',#444,#445,#446);
#444 = CARTESIAN_POINT('',(-10.,0.,10.4));
#445 = DIRECTION('',(0.,0.,1.));
#446 = DIRECTION('',(1.,0.,-0.));
#447 = ADVANCED_FACE('',(#448),#466,.F.);
#448 = FACE_BOUND('',#449,.F.);
#449 = EDGE_LOOP('',(#450,#458,#459,#460));
#450 = ORIENTED_EDGE('',*,*,#451,.F.);
#451 = EDGE_CURVE('',#278,#452,#454,.T.);
#452 = VERTEX_POINT('',#453);
#453 = CARTESIAN_POINT('',(-9.,30.1,3.2));
#454 = LINE('',#455,#456);
#455 = CARTESIAN_POINT('',(-9.,30.1,-0.1));
#456 = VECTOR('',#457,1.);
#457 = DIRECTION('',(0.,0.,1.));
#458 = ORIENTED_EDGE('',*,*,#285,.T.);
#459 = ORIENTED_EDGE('',*,*,#332,.T.);
#460 = ORIENTED_EDGE('',*,*,#461,.F.);
#461 = EDGE_CURVE('',#452,#333,#462,.T.);
#462 = LINE('',#463,#464);
#463 = CARTESIAN_POINT('',(-9.,12.8,3.2));
#464 = VECTOR('',#465,1.);
#465 = DIRECTION('',(-0.,1.,0.));
#466 = PLANE('',#467);
#467 = AXIS2_PLACEMENT_3D('',#468,#469,#470);
#468 = CARTESIAN_POINT('',(-9.,12.8,0.8));
#469 = DIRECTION('',(1.,0.,-0.));
#470 = DIRECTION('',(0.,0.,1.));
#471 = ADVANCED_FACE('',(#472),#497,.T.);
#472 = FACE_BOUND('',#473,.T.);
#473 = EDGE_LOOP('',(#474,#475,#483,#491));
#474 = ORIENTED_EDGE('',*,*,#277,.F.);
#475 = ORIENTED_EDGE('',*,*,#476,.F.);
#476 = EDGE_CURVE('',#477,#270,#479,.T.);
#477 = VERTEX_POINT('',#478);
#478 = CARTESIAN_POINT('',(-9.,27.1,0.));
#479 = LINE('',#480,#481);
#480 = CARTESIAN_POINT('',(-9.,27.1,-0.1));
#481 = VECTOR('',#482,1.);
#482 = DIRECTION('',(0.,0.,1.));
#483 = ORIENTED_EDGE('',*,*,#484,.T.);
#484 = EDGE_CURVE('',#477,#485,#487,.T.);
#485 = VERTEX_POINT('',#486);
#486 = CARTESIAN_POINT('',(-9.,30.1,0.));
#487 = LINE('',#488,#489);
#488 = CARTESIAN_POINT('',(-9.,13.55,0.));
#489 = VECTOR('',#490,1.);
#490 = DIRECTION('',(-0.,1.,0.));
#491 = ORIENTED_EDGE('',*,*,#492,.T.);
#492 = EDGE_CURVE('',#485,#278,#493,.T.);
#493 = LINE('',#494,#495);
#494 = CARTESIAN_POINT('',(-9.,30.1,-0.1));
#495 = VECTOR('',#496,1.);
#496 = DIRECTION('',(0.,0.,1.));
#497 = PLANE('',#498);
#498 = AXIS2_PLACEMENT_3D('',#499,#500,#501);
#499 = CARTESIAN_POINT('',(-9.,27.1,-0.1));
#500 = DIRECTION('',(1.,0.,-0.));
#501 = DIRECTION('',(0.,0.,1.));
#502 = ADVANCED_FACE('',(#503),#528,.F.);
#503 = FACE_BOUND('',#504,.F.);
#504 = EDGE_LOOP('',(#505,#513,#514,#522));
#505 = ORIENTED_EDGE('',*,*,#506,.F.);
#506 = EDGE_CURVE('',#262,#507,#509,.T.);
#507 = VERTEX_POINT('',#508);
#508 = CARTESIAN_POINT('',(-9.,20.1,3.2));
#509 = LINE('',#510,#511);
#510 = CARTESIAN_POINT('',(-9.,20.1,-0.1));
#511 = VECTOR('',#512,1.);
#512 = DIRECTION('',(0.,0.,1.));
#513 = ORIENTED_EDGE('',*,*,#269,.T.);
#514 = ORIENTED_EDGE('',*,*,#515,.T.);
#515 = EDGE_CURVE('',#270,#516,#518,.T.);
#516 = VERTEX_POINT('',#517);
#517 = CARTESIAN_POINT('',(-9.,27.1,3.2));
#518 = LINE('',#519,#520);
#519 = CARTESIAN_POINT('',(-9.,27.1,-0.1));
#520 = VECTOR('',#521,1.);
#521 = DIRECTION('',(0.,0.,1.));
#522 = ORIENTED_EDGE('',*,*,#523,.F.);
#523 = EDGE_CURVE('',#507,#516,#524,.T.);
#524 = LINE('',#525,#526);
#525 = CARTESIAN_POINT('',(-9.,12.8,3.2));
#526 = VECTOR('',#527,1.);
#527 = DIRECTION('',(-0.,1.,0.));
#528 = PLANE('',#529);
#529 = AXIS2_PLACEMENT_3D('',#530,#531,#532);
#530 = CARTESIAN_POINT('',(-9.,12.8,0.8));
#531 = DIRECTION('',(1.,0.,-0.));
#532 = DIRECTION('',(0.,0.,1.));
#533 = ADVANCED_FACE('',(#534),#559,.T.);
#534 = FACE_BOUND('',#535,.T.);
#535 = EDGE_LOOP('',(#536,#537,#545,#553));
#536 = ORIENTED_EDGE('',*,*,#261,.F.);
#537 = ORIENTED_EDGE('',*,*,#538,.F.);
#538 = EDGE_CURVE('',#539,#254,#541,.T.);
#539 = VERTEX_POINT('',#540);
#540 = CARTESIAN_POINT('',(-9.,17.1,0.));
#541 = LINE('',#542,#543);
#542 = CARTESIAN_POINT('',(-9.,17.1,-0.1));
#543 = VECTOR('',#544,1.);
#544 = DIRECTION('',(0.,0.,1.));
#545 = ORIENTED_EDGE('',*,*,#546,.T.);
#546 = EDGE_CURVE('',#539,#547,#549,.T.);
#547 = VERTEX_POINT('',#548);
#548 = CARTESIAN_POINT('',(-9.,20.1,0.));
#549 = LINE('',#550,#551);
#550 = CARTESIAN_POINT('',(-9.,8.55,0.));
#551 = VECTOR('',#552,1.);
#552 = DIRECTION('',(-0.,1.,0.));
#553 = ORIENTED_EDGE('',*,*,#554,.T.);
#554 = EDGE_CURVE('',#547,#262,#555,.T.);
#555 = LINE('',#556,#557);
#556 = CARTESIAN_POINT('',(-9.,20.1,-0.1));
#557 = VECTOR('',#558,1.);
#558 = DIRECTION('',(0.,0.,1.));
#559 = PLANE('',#560);
#560 = AXIS2_PLACEMENT_3D('',#561,#562,#563);
#561 = CARTESIAN_POINT('',(-9.,17.1,-0.1));
#562 = DIRECTION('',(1.,0.,-0.));
#563 = DIRECTION('',(0.,0.,1.));
#564 = ADVANCED_FACE('',(#565),#590,.F.);
#565 = FACE_BOUND('',#566,.F.);
#566 = EDGE_LOOP('',(#567,#575,#576,#584));
#567 = ORIENTED_EDGE('',*,*,#568,.F.);
#568 = EDGE_CURVE('',#246,#569,#571,.T.);
#569 = VERTEX_POINT('',#570);
#570 = CARTESIAN_POINT('',(-9.,12.8,3.2));
#571 = LINE('',#572,#573);
#572 = CARTESIAN_POINT('',(-9.,12.8,0.8));
#573 = VECTOR('',#574,1.);
#574 = DIRECTION('',(0.,0.,1.));
#575 = ORIENTED_EDGE('',*,*,#253,.T.);
#576 = ORIENTED_EDGE('',*,*,#577,.T.);
#577 = EDGE_CURVE('',#254,#578,#580,.T.);
#578 = VERTEX_POINT('',#579);
#579 = CARTESIAN_POINT('',(-9.,17.1,3.2));
#580 = LINE('',#581,#582);
#581 = CARTESIAN_POINT('',(-9.,17.1,-0.1));
#582 = VECTOR('',#583,1.);
#583 = DIRECTION('',(0.,0.,1.));
#584 = ORIENTED_EDGE('',*,*,#585,.F.);
#585 = EDGE_CURVE('',#569,#578,#586,.T.);
#586 = LINE('',#587,#588);
#587 = CARTESIAN_POINT('',(-9.,12.8,3.2));
#588 = VECTOR('',#589,1.);
#589 = DIRECTION('',(-0.,1.,0.));
#590 = PLANE('',#591);
#591 = AXIS2_PLACEMENT_3D('',#592,#593,#594);
#592 = CARTESIAN_POINT('',(-9.,12.8,0.8));
#593 = DIRECTION('',(1.,0.,-0.));
#594 = DIRECTION('',(0.,0.,1.));
#595 = ADVANCED_FACE('',(#596),#621,.T.);
#596 = FACE_BOUND('',#597,.T.);
#597 = EDGE_LOOP('',(#598,#606,#607,#615));
#598 = ORIENTED_EDGE('',*,*,#599,.F.);
#599 = EDGE_CURVE('',#238,#600,#602,.T.);
#600 = VERTEX_POINT('',#601);
#601 = CARTESIAN_POINT('',(9.,12.8,3.2));
#602 = LINE('',#603,#604);
#603 = CARTESIAN_POINT('',(9.,12.8,0.8));
#604 = VECTOR('',#605,1.);
#605 = DIRECTION('',(0.,0.,1.));
#606 = ORIENTED_EDGE('',*,*,#237,.T.);
#607 = ORIENTED_EDGE('',*,*,#608,.T.);
#608 = EDGE_CURVE('',#230,#609,#611,.T.);
#609 = VERTEX_POINT('',#610);
#610 = CARTESIAN_POINT('',(9.,17.1,3.2));
#611 = LINE('',#612,#613);
#612 = CARTESIAN_POINT('',(9.,17.1,-0.1));
#613 = VECTOR('',#614,1.);
#614 = DIRECTION('',(0.,0.,1.));
#615 = ORIENTED_EDGE('',*,*,#616,.F.);
#616 = EDGE_CURVE('',#600,#609,#617,.T.);
#617 = LINE('',#618,#619);
#618 = CARTESIAN_POINT('',(9.,12.8,3.2));
#619 = VECTOR('',#620,1.);
#620 = DIRECTION('',(-0.,1.,0.));
#621 = PLANE('',#622);
#622 = AXIS2_PLACEMENT_3D('',#623,#624,#625);
#623 = CARTESIAN_POINT('',(9.,12.8,0.8));
#624 = DIRECTION('',(1.,0.,-0.));
#625 = DIRECTION('',(0.,0.,1.));
#626 = ADVANCED_FACE('',(#627),#652,.F.);
#627 = FACE_BOUND('',#628,.F.);
#628 = EDGE_LOOP('',(#629,#630,#638,#646));
#629 = ORIENTED_EDGE('',*,*,#229,.F.);
#630 = ORIENTED_EDGE('',*,*,#631,.F.);
#631 = EDGE_CURVE('',#632,#230,#634,.T.);
#632 = VERTEX_POINT('',#633);
#633 = CARTESIAN_POINT('',(9.,17.1,0.));
#634 = LINE('',#635,#636);
#635 = CARTESIAN_POINT('',(9.,17.1,-0.1));
#636 = VECTOR('',#637,1.);
#637 = DIRECTION('',(0.,0.,1.));
#638 = ORIENTED_EDGE('',*,*,#639,.T.);
#639 = EDGE_CURVE('',#632,#640,#642,.T.);
#640 = VERTEX_POINT('',#641);
#641 = CARTESIAN_POINT('',(9.,20.1,0.));
#642 = LINE('',#643,#644);
#643 = CARTESIAN_POINT('',(9.,8.55,0.));
#644 = VECTOR('',#645,1.);
#645 = DIRECTION('',(-0.,1.,0.));
#646 = ORIENTED_EDGE('',*,*,#647,.T.);
#647 = EDGE_CURVE('',#640,#222,#648,.T.);
#648 = LINE('',#649,#650);
#649 = CARTESIAN_POINT('',(9.,20.1,-0.1));
#650 = VECTOR('',#651,1.);
#651 = DIRECTION('',(0.,0.,1.));
#652 = PLANE('',#653);
#653 = AXIS2_PLACEMENT_3D('',#654,#655,#656);
#654 = CARTESIAN_POINT('',(9.,17.1,-0.1));
#655 = DIRECTION('',(1.,0.,-0.));
#656 = DIRECTION('',(0.,0.,1.));
#657 = ADVANCED_FACE('',(#658),#683,.T.);
#658 = FACE_BOUND('',#659,.T.);
#659 = EDGE_LOOP('',(#660,#668,#669,#677));
#660 = ORIENTED_EDGE('',*,*,#661,.F.);
#661 = EDGE_CURVE('',#222,#662,#664,.T.);
#662 = VERTEX_POINT('',#663);
#663 = CARTESIAN_POINT('',(9.,20.1,3.2));
#664 = LINE('',#665,#666);
#665 = CARTESIAN_POINT('',(9.,20.1,-0.1));
#666 = VECTOR('',#667,1.);
#667 = DIRECTION('',(0.,0.,1.));
#668 = ORIENTED_EDGE('',*,*,#221,.T.);
#669 = ORIENTED_EDGE('',*,*,#670,.T.);
#670 = EDGE_CURVE('',#214,#671,#673,.T.);
#671 = VERTEX_POINT('',#672);
#672 = CARTESIAN_POINT('',(9.,27.1,3.2));
#673 = LINE('',#674,#675);
#674 = CARTESIAN_POINT('',(9.,27.1,-0.1));
#675 = VECTOR('',#676,1.);
#676 = DIRECTION('',(0.,0.,1.));
#677 = ORIENTED_EDGE('',*,*,#678,.F.);
#678 = EDGE_CURVE('',#662,#671,#679,.T.);
#679 = LINE('',#680,#681);
#680 = CARTESIAN_POINT('',(9.,12.8,3.2));
#681 = VECTOR('',#682,1.);
#682 = DIRECTION('',(-0.,1.,0.));
#683 = PLANE('',#684);
#684 = AXIS2_PLACEMENT_3D('',#685,#686,#687);
#685 = CARTESIAN_POINT('',(9.,12.8,0.8));
#686 = DIRECTION('',(1.,0.,-0.));
#687 = DIRECTION('',(0.,0.,1.));
#688 = ADVANCED_FACE('',(#689),#714,.F.);
#689 = FACE_BOUND('',#690,.F.);
#690 = EDGE_LOOP('',(#691,#692,#700,#708));
#691 = ORIENTED_EDGE('',*,*,#213,.F.);
#692 = ORIENTED_EDGE('',*,*,#693,.F.);
#693 = EDGE_CURVE('',#694,#214,#696,.T.);
#694 = VERTEX_POINT('',#695);
#695 = CARTESIAN_POINT('',(9.,27.1,0.));
#696 = LINE('',#697,#698);
#697 = CARTESIAN_POINT('',(9.,27.1,-0.1));
#698 = VECTOR('',#699,1.);
#699 = DIRECTION('',(0.,0.,1.));
#700 = ORIENTED_EDGE('',*,*,#701,.T.);
#701 = EDGE_CURVE('',#694,#702,#704,.T.);
#702 = VERTEX_POINT('',#703);
#703 = CARTESIAN_POINT('',(9.,30.1,0.));
#704 = LINE('',#705,#706);
#705 = CARTESIAN_POINT('',(9.,13.55,0.));
#706 = VECTOR('',#707,1.);
#707 = DIRECTION('',(-0.,1.,0.));
#708 = ORIENTED_EDGE('',*,*,#709,.T.);
#709 = EDGE_CURVE('',#702,#206,#710,.T.);
#710 = LINE('',#711,#712);
#711 = CARTESIAN_POINT('',(9.,30.1,-0.1));
#712 = VECTOR('',#713,1.);
#713 = DIRECTION('',(0.,0.,1.));
#714 = PLANE('',#715);
#715 = AXIS2_PLACEMENT_3D('',#716,#717,#718);
#716 = CARTESIAN_POINT('',(9.,27.1,-0.1));
#717 = DIRECTION('',(1.,0.,-0.));
#718 = DIRECTION('',(0.,0.,1.));
#719 = ADVANCED_FACE('',(#720),#745,.T.);
#720 = FACE_BOUND('',#721,.T.);
#721 = EDGE_LOOP('',(#722,#730,#731,#739));
#722 = ORIENTED_EDGE('',*,*,#723,.F.);
#723 = EDGE_CURVE('',#206,#724,#726,.T.);
#724 = VERTEX_POINT('',#725);
#725 = CARTESIAN_POINT('',(9.,30.1,3.2));
#726 = LINE('',#727,#728);
#727 = CARTESIAN_POINT('',(9.,30.1,-0.1));
#728 = VECTOR('',#729,1.);
#729 = DIRECTION('',(0.,0.,1.));
#730 = ORIENTED_EDGE('',*,*,#205,.T.);
#731 = ORIENTED_EDGE('',*,*,#732,.T.);
#732 = EDGE_CURVE('',#198,#733,#735,.T.);
#733 = VERTEX_POINT('',#734);
#734 = CARTESIAN_POINT('',(9.,31.5,3.2));
#735 = LINE('',#736,#737);
#736 = CARTESIAN_POINT('',(9.,31.5,0.35));
#737 = VECTOR('',#738,1.);
#738 = DIRECTION('',(0.,0.,1.));
#739 = ORIENTED_EDGE('',*,*,#740,.F.);
#740 = EDGE_CURVE('',#724,#733,#741,.T.);
#741 = LINE('',#742,#743);
#742 = CARTESIAN_POINT('',(9.,12.8,3.2));
#743 = VECTOR('',#744,1.);
#744 = DIRECTION('',(-0.,1.,0.));
#745 = PLANE('',#746);
#746 = AXIS2_PLACEMENT_3D('',#747,#748,#749);
#747 = CARTESIAN_POINT('',(9.,12.8,0.8));
#748 = DIRECTION('',(1.,0.,-0.));
#749 = DIRECTION('',(0.,0.,1.));
#750 = ADVANCED_FACE('',(#751),#817,.T.);
#751 = FACE_BOUND('',#752,.T.);
#752 = EDGE_LOOP('',(#753,#761,#769,#777,#785,#793,#801,#809,#815,#816)
  );
#753 = ORIENTED_EDGE('',*,*,#754,.F.);
#754 = EDGE_CURVE('',#755,#190,#757,.T.);
#755 = VERTEX_POINT('',#756);
#756 = CARTESIAN_POINT('',(10.,31.5,0.));
#757 = LINE('',#758,#759);
#758 = CARTESIAN_POINT('',(10.,31.5,-0.1));
#759 = VECTOR('',#760,1.);
#760 = DIRECTION('',(0.,0.,1.));
#761 = ORIENTED_EDGE('',*,*,#762,.T.);
#762 = EDGE_CURVE('',#755,#763,#765,.T.);
#763 = VERTEX_POINT('',#764);
#764 = CARTESIAN_POINT('',(4.3,31.5,0.));
#765 = LINE('',#766,#767);
#766 = CARTESIAN_POINT('',(-2.85,31.5,0.));
#767 = VECTOR('',#768,1.);
#768 = DIRECTION('',(-1.,-0.,0.));
#769 = ORIENTED_EDGE('',*,*,#770,.T.);
#770 = EDGE_CURVE('',#763,#771,#773,.T.);
#771 = VERTEX_POINT('',#772);
#772 = CARTESIAN_POINT('',(4.3,31.5,3.2));
#773 = LINE('',#774,#775);
#774 = CARTESIAN_POINT('',(4.3,31.5,-0.1));
#775 = VECTOR('',#776,1.);
#776 = DIRECTION('',(0.,0.,1.));
#777 = ORIENTED_EDGE('',*,*,#778,.F.);
#778 = EDGE_CURVE('',#779,#771,#781,.T.);
#779 = VERTEX_POINT('',#780);
#780 = CARTESIAN_POINT('',(6.3,31.5,3.2));
#781 = LINE('',#782,#783);
#782 = CARTESIAN_POINT('',(-2.35,31.5,3.2));
#783 = VECTOR('',#784,1.);
#784 = DIRECTION('',(-1.,-0.,0.));
#785 = ORIENTED_EDGE('',*,*,#786,.T.);
#786 = EDGE_CURVE('',#779,#787,#789,.T.);
#787 = VERTEX_POINT('',#788);
#788 = CARTESIAN_POINT('',(6.3,31.5,7.2));
#789 = LINE('',#790,#791);
#790 = CARTESIAN_POINT('',(6.3,31.5,1.55));
#791 = VECTOR('',#792,1.);
#792 = DIRECTION('',(0.,0.,1.));
#793 = ORIENTED_EDGE('',*,*,#794,.F.);
#794 = EDGE_CURVE('',#795,#787,#797,.T.);
#795 = VERTEX_POINT('',#796);
#796 = CARTESIAN_POINT('',(7.1,31.5,7.2));
#797 = LINE('',#798,#799);
#798 = CARTESIAN_POINT('',(5.3,31.5,7.2));
#799 = VECTOR('',#800,1.);
#800 = DIRECTION('',(-1.,-0.,0.));
#801 = ORIENTED_EDGE('',*,*,#802,.F.);
#802 = EDGE_CURVE('',#803,#795,#805,.T.);
#803 = VERTEX_POINT('',#804);
#804 = CARTESIAN_POINT('',(7.1,31.5,3.2));
#805 = LINE('',#806,#807);
#806 = CARTESIAN_POINT('',(7.1,31.5,1.55));
#807 = VECTOR('',#808,1.);
#808 = DIRECTION('',(0.,0.,1.));
#809 = ORIENTED_EDGE('',*,*,#810,.F.);
#810 = EDGE_CURVE('',#733,#803,#811,.T.);
#811 = LINE('',#812,#813);
#812 = CARTESIAN_POINT('',(-2.35,31.5,3.2));
#813 = VECTOR('',#814,1.);
#814 = DIRECTION('',(-1.,-0.,0.));
#815 = ORIENTED_EDGE('',*,*,#732,.F.);
#816 = ORIENTED_EDGE('',*,*,#197,.F.);
#817 = PLANE('',#818);
#818 = AXIS2_PLACEMENT_3D('',#819,#820,#821);
#819 = CARTESIAN_POINT('',(4.3,31.5,-0.1));
#820 = DIRECTION('',(-0.,1.,0.));
#821 = DIRECTION('',(0.,0.,1.));
#822 = ADVANCED_FACE('',(#823),#848,.F.);
#823 = FACE_BOUND('',#824,.F.);
#824 = EDGE_LOOP('',(#825,#826,#834,#842));
#825 = ORIENTED_EDGE('',*,*,#307,.F.);
#826 = ORIENTED_EDGE('',*,*,#827,.T.);
#827 = EDGE_CURVE('',#308,#828,#830,.T.);
#828 = VERTEX_POINT('',#829);
#829 = CARTESIAN_POINT('',(-4.3,35.5,0.));
#830 = LINE('',#831,#832);
#831 = CARTESIAN_POINT('',(-4.3,15.75,0.));
#832 = VECTOR('',#833,1.);
#833 = DIRECTION('',(-0.,1.,0.));
#834 = ORIENTED_EDGE('',*,*,#835,.T.);
#835 = EDGE_CURVE('',#828,#836,#838,.T.);
#836 = VERTEX_POINT('',#837);
#837 = CARTESIAN_POINT('',(-4.3,35.5,3.2));
#838 = LINE('',#839,#840);
#839 = CARTESIAN_POINT('',(-4.3,35.5,-0.1));
#840 = VECTOR('',#841,1.);
#841 = DIRECTION('',(0.,0.,1.));
#842 = ORIENTED_EDGE('',*,*,#843,.F.);
#843 = EDGE_CURVE('',#310,#836,#844,.T.);
#844 = LINE('',#845,#846);
#845 = CARTESIAN_POINT('',(-4.3,22.15,3.2));
#846 = VECTOR('',#847,1.);
#847 = DIRECTION('',(-0.,1.,0.));
#848 = PLANE('',#849);
#849 = AXIS2_PLACEMENT_3D('',#850,#851,#852);
#850 = CARTESIAN_POINT('',(-4.3,31.5,-0.1));
#851 = DIRECTION('',(1.,0.,-0.));
#852 = DIRECTION('',(0.,0.,1.));
#853 = ADVANCED_FACE('',(#854),#1014,.T.);
#854 = FACE_BOUND('',#855,.T.);
#855 = EDGE_LOOP('',(#856,#866,#874,#880,#881,#882,#890,#898,#906,#914,
    #922,#930,#938,#946,#954,#962,#968,#969,#975,#976,#984,#992,#1000,
    #1008));
#856 = ORIENTED_EDGE('',*,*,#857,.F.);
#857 = EDGE_CURVE('',#858,#860,#862,.T.);
#858 = VERTEX_POINT('',#859);
#859 = CARTESIAN_POINT('',(-6.3,38.8,3.2));
#860 = VERTEX_POINT('',#861);
#861 = CARTESIAN_POINT('',(-4.,38.8,3.2));
#862 = LINE('',#863,#864);
#863 = CARTESIAN_POINT('',(-9.,38.8,3.2));
#864 = VECTOR('',#865,1.);
#865 = DIRECTION('',(1.,0.,-0.));
#866 = ORIENTED_EDGE('',*,*,#867,.F.);
#867 = EDGE_CURVE('',#868,#858,#870,.T.);
#868 = VERTEX_POINT('',#869);
#869 = CARTESIAN_POINT('',(-6.3,35.5,3.2));
#870 = LINE('',#871,#872);
#871 = CARTESIAN_POINT('',(-6.3,13.6,3.2));
#872 = VECTOR('',#873,1.);
#873 = DIRECTION('',(-0.,1.,0.));
#874 = ORIENTED_EDGE('',*,*,#875,.F.);
#875 = EDGE_CURVE('',#836,#868,#876,.T.);
#876 = LINE('',#877,#878);
#877 = CARTESIAN_POINT('',(-9.5,35.5,3.2));
#878 = VECTOR('',#879,1.);
#879 = DIRECTION('',(-1.,-0.,0.));
#880 = ORIENTED_EDGE('',*,*,#843,.F.);
#881 = ORIENTED_EDGE('',*,*,#372,.T.);
#882 = ORIENTED_EDGE('',*,*,#883,.F.);
#883 = EDGE_CURVE('',#884,#365,#886,.T.);
#884 = VERTEX_POINT('',#885);
#885 = CARTESIAN_POINT('',(-6.3,30.1,3.2));
#886 = LINE('',#887,#888);
#887 = CARTESIAN_POINT('',(-6.3,13.6,3.2));
#888 = VECTOR('',#889,1.);
#889 = DIRECTION('',(-0.,1.,0.));
#890 = ORIENTED_EDGE('',*,*,#891,.F.);
#891 = EDGE_CURVE('',#892,#884,#894,.T.);
#892 = VERTEX_POINT('',#893);
#893 = CARTESIAN_POINT('',(-6.3,27.1,3.2));
#894 = LINE('',#895,#896);
#895 = CARTESIAN_POINT('',(-6.3,13.6,3.2));
#896 = VECTOR('',#897,1.);
#897 = DIRECTION('',(-0.,1.,0.));
#898 = ORIENTED_EDGE('',*,*,#899,.F.);
#899 = EDGE_CURVE('',#900,#892,#902,.T.);
#900 = VERTEX_POINT('',#901);
#901 = CARTESIAN_POINT('',(-6.3,20.1,3.2));
#902 = LINE('',#903,#904);
#903 = CARTESIAN_POINT('',(-6.3,13.6,3.2));
#904 = VECTOR('',#905,1.);
#905 = DIRECTION('',(-0.,1.,0.));
#906 = ORIENTED_EDGE('',*,*,#907,.F.);
#907 = EDGE_CURVE('',#908,#900,#910,.T.);
#908 = VERTEX_POINT('',#909);
#909 = CARTESIAN_POINT('',(-6.3,17.1,3.2));
#910 = LINE('',#911,#912);
#911 = CARTESIAN_POINT('',(-6.3,13.6,3.2));
#912 = VECTOR('',#913,1.);
#913 = DIRECTION('',(-0.,1.,0.));
#914 = ORIENTED_EDGE('',*,*,#915,.F.);
#915 = EDGE_CURVE('',#916,#908,#918,.T.);
#916 = VERTEX_POINT('',#917);
#917 = CARTESIAN_POINT('',(-6.3,13.6,3.2));
#918 = LINE('',#919,#920);
#919 = CARTESIAN_POINT('',(-6.3,13.6,3.2));
#920 = VECTOR('',#921,1.);
#921 = DIRECTION('',(-0.,1.,0.));
#922 = ORIENTED_EDGE('',*,*,#923,.T.);
#923 = EDGE_CURVE('',#916,#924,#926,.T.);
#924 = VERTEX_POINT('',#925);
#925 = CARTESIAN_POINT('',(6.3,13.6,3.2));
#926 = LINE('',#927,#928);
#927 = CARTESIAN_POINT('',(-7.1,13.6,3.2));
#928 = VECTOR('',#929,1.);
#929 = DIRECTION('',(1.,0.,-0.));
#930 = ORIENTED_EDGE('',*,*,#931,.T.);
#931 = EDGE_CURVE('',#924,#932,#934,.T.);
#932 = VERTEX_POINT('',#933);
#933 = CARTESIAN_POINT('',(6.3,17.1,3.2));
#934 = LINE('',#935,#936);
#935 = CARTESIAN_POINT('',(6.3,13.6,3.2));
#936 = VECTOR('',#937,1.);
#937 = DIRECTION('',(-0.,1.,0.));
#938 = ORIENTED_EDGE('',*,*,#939,.T.);
#939 = EDGE_CURVE('',#932,#940,#942,.T.);
#940 = VERTEX_POINT('',#941);
#941 = CARTESIAN_POINT('',(6.3,20.1,3.2));
#942 = LINE('',#943,#944);
#943 = CARTESIAN_POINT('',(6.3,13.6,3.2));
#944 = VECTOR('',#945,1.);
#945 = DIRECTION('',(-0.,1.,0.));
#946 = ORIENTED_EDGE('',*,*,#947,.T.);
#947 = EDGE_CURVE('',#940,#948,#950,.T.);
#948 = VERTEX_POINT('',#949);
#949 = CARTESIAN_POINT('',(6.3,27.1,3.2));
#950 = LINE('',#951,#952);
#951 = CARTESIAN_POINT('',(6.3,13.6,3.2));
#952 = VECTOR('',#953,1.);
#953 = DIRECTION('',(-0.,1.,0.));
#954 = ORIENTED_EDGE('',*,*,#955,.T.);
#955 = EDGE_CURVE('',#948,#956,#958,.T.);
#956 = VERTEX_POINT('',#957);
#957 = CARTESIAN_POINT('',(6.3,30.1,3.2));
#958 = LINE('',#959,#960);
#959 = CARTESIAN_POINT('',(6.3,13.6,3.2));
#960 = VECTOR('',#961,1.);
#961 = DIRECTION('',(-0.,1.,0.));
#962 = ORIENTED_EDGE('',*,*,#963,.T.);
#963 = EDGE_CURVE('',#956,#779,#964,.T.);
#964 = LINE('',#965,#966);
#965 = CARTESIAN_POINT('',(6.3,13.6,3.2));
#966 = VECTOR('',#967,1.);
#967 = DIRECTION('',(-0.,1.,0.));
#968 = ORIENTED_EDGE('',*,*,#778,.T.);
#969 = ORIENTED_EDGE('',*,*,#970,.T.);
#970 = EDGE_CURVE('',#771,#71,#971,.T.);
#971 = LINE('',#972,#973);
#972 = CARTESIAN_POINT('',(4.3,22.15,3.2));
#973 = VECTOR('',#974,1.);
#974 = DIRECTION('',(-0.,1.,0.));
#975 = ORIENTED_EDGE('',*,*,#78,.F.);
#976 = ORIENTED_EDGE('',*,*,#977,.T.);
#977 = EDGE_CURVE('',#79,#978,#980,.T.);
#978 = VERTEX_POINT('',#979);
#979 = CARTESIAN_POINT('',(6.3,38.8,3.2));
#980 = LINE('',#981,#982);
#981 = CARTESIAN_POINT('',(6.3,13.6,3.2));
#982 = VECTOR('',#983,1.);
#983 = DIRECTION('',(-0.,1.,0.));
#984 = ORIENTED_EDGE('',*,*,#985,.F.);
#985 = EDGE_CURVE('',#986,#978,#988,.T.);
#986 = VERTEX_POINT('',#987);
#987 = CARTESIAN_POINT('',(4.,38.8,3.2));
#988 = LINE('',#989,#990);
#989 = CARTESIAN_POINT('',(-9.,38.8,3.2));
#990 = VECTOR('',#991,1.);
#991 = DIRECTION('',(1.,0.,-0.));
#992 = ORIENTED_EDGE('',*,*,#993,.F.);
#993 = EDGE_CURVE('',#994,#986,#996,.T.);
#994 = VERTEX_POINT('',#995);
#995 = CARTESIAN_POINT('',(4.,32.8,3.2));
#996 = LINE('',#997,#998);
#997 = CARTESIAN_POINT('',(4.,22.8,3.2));
#998 = VECTOR('',#999,1.);
#999 = DIRECTION('',(-0.,1.,0.));
#1000 = ORIENTED_EDGE('',*,*,#1001,.T.);
#1001 = EDGE_CURVE('',#994,#1002,#1004,.T.);
#1002 = VERTEX_POINT('',#1003);
#1003 = CARTESIAN_POINT('',(-4.,32.8,3.2));
#1004 = LINE('',#1005,#1006);
#1005 = CARTESIAN_POINT('',(-6.5,32.8,3.2));
#1006 = VECTOR('',#1007,1.);
#1007 = DIRECTION('',(-1.,-0.,0.));
#1008 = ORIENTED_EDGE('',*,*,#1009,.T.);
#1009 = EDGE_CURVE('',#1002,#860,#1010,.T.);
#1010 = LINE('',#1011,#1012);
#1011 = CARTESIAN_POINT('',(-4.,22.8,3.2));
#1012 = VECTOR('',#1013,1.);
#1013 = DIRECTION('',(-0.,1.,0.));
#1014 = PLANE('',#1015);
#1015 = AXIS2_PLACEMENT_3D('',#1016,#1017,#1018);
#1016 = CARTESIAN_POINT('',(-9.,12.8,3.2));
#1017 = DIRECTION('',(0.,0.,1.));
#1018 = DIRECTION('',(1.,0.,-0.));
#1019 = ADVANCED_FACE('',(#1020),#1038,.T.);
#1020 = FACE_BOUND('',#1021,.T.);
#1021 = EDGE_LOOP('',(#1022,#1030,#1031,#1032));
#1022 = ORIENTED_EDGE('',*,*,#1023,.F.);
#1023 = EDGE_CURVE('',#884,#1024,#1026,.T.);
#1024 = VERTEX_POINT('',#1025);
#1025 = CARTESIAN_POINT('',(-6.3,30.1,7.2));
#1026 = LINE('',#1027,#1028);
#1027 = CARTESIAN_POINT('',(-6.3,30.1,-0.1));
#1028 = VECTOR('',#1029,1.);
#1029 = DIRECTION('',(0.,0.,1.));
#1030 = ORIENTED_EDGE('',*,*,#883,.T.);
#1031 = ORIENTED_EDGE('',*,*,#364,.T.);
#1032 = ORIENTED_EDGE('',*,*,#1033,.F.);
#1033 = EDGE_CURVE('',#1024,#357,#1034,.T.);
#1034 = LINE('',#1035,#1036);
#1035 = CARTESIAN_POINT('',(-6.3,13.6,7.2));
#1036 = VECTOR('',#1037,1.);
#1037 = DIRECTION('',(-0.,1.,0.));
#1038 = PLANE('',#1039);
#1039 = AXIS2_PLACEMENT_3D('',#1040,#1041,#1042);
#1040 = CARTESIAN_POINT('',(-6.3,13.6,3.2));
#1041 = DIRECTION('',(1.,0.,-0.));
#1042 = DIRECTION('',(0.,0.,1.));
#1043 = ADVANCED_FACE('',(#1044),#1062,.T.);
#1044 = FACE_BOUND('',#1045,.T.);
#1045 = EDGE_LOOP('',(#1046,#1054,#1060,#1061));
#1046 = ORIENTED_EDGE('',*,*,#1047,.F.);
#1047 = EDGE_CURVE('',#1048,#349,#1050,.T.);
#1048 = VERTEX_POINT('',#1049);
#1049 = CARTESIAN_POINT('',(-7.1,30.1,7.2));
#1050 = LINE('',#1051,#1052);
#1051 = CARTESIAN_POINT('',(-7.1,13.6,7.2));
#1052 = VECTOR('',#1053,1.);
#1053 = DIRECTION('',(-0.,1.,0.));
#1054 = ORIENTED_EDGE('',*,*,#1055,.F.);
#1055 = EDGE_CURVE('',#1024,#1048,#1056,.T.);
#1056 = LINE('',#1057,#1058);
#1057 = CARTESIAN_POINT('',(-8.05,30.1,7.2));
#1058 = VECTOR('',#1059,1.);
#1059 = DIRECTION('',(-1.,-0.,0.));
#1060 = ORIENTED_EDGE('',*,*,#1033,.T.);
#1061 = ORIENTED_EDGE('',*,*,#356,.T.);
#1062 = PLANE('',#1063);
#1063 = AXIS2_PLACEMENT_3D('',#1064,#1065,#1066);
#1064 = CARTESIAN_POINT('',(-7.1,13.6,7.2));
#1065 = DIRECTION('',(0.,0.,1.));
#1066 = DIRECTION('',(1.,0.,-0.));
#1067 = ADVANCED_FACE('',(#1068),#1086,.F.);
#1068 = FACE_BOUND('',#1069,.F.);
#1069 = EDGE_LOOP('',(#1070,#1078,#1084,#1085));
#1070 = ORIENTED_EDGE('',*,*,#1071,.F.);
#1071 = EDGE_CURVE('',#1072,#1048,#1074,.T.);
#1072 = VERTEX_POINT('',#1073);
#1073 = CARTESIAN_POINT('',(-7.1,30.1,3.2));
#1074 = LINE('',#1075,#1076);
#1075 = CARTESIAN_POINT('',(-7.1,30.1,1.55));
#1076 = VECTOR('',#1077,1.);
#1077 = DIRECTION('',(0.,0.,1.));
#1078 = ORIENTED_EDGE('',*,*,#1079,.T.);
#1079 = EDGE_CURVE('',#1072,#341,#1080,.T.);
#1080 = LINE('',#1081,#1082);
#1081 = CARTESIAN_POINT('',(-7.1,13.6,3.2));
#1082 = VECTOR('',#1083,1.);
#1083 = DIRECTION('',(-0.,1.,0.));
#1084 = ORIENTED_EDGE('',*,*,#348,.T.);
#1085 = ORIENTED_EDGE('',*,*,#1047,.F.);
#1086 = PLANE('',#1087);
#1087 = AXIS2_PLACEMENT_3D('',#1088,#1089,#1090);
#1088 = CARTESIAN_POINT('',(-7.1,13.6,3.2));
#1089 = DIRECTION('',(1.,0.,-0.));
#1090 = DIRECTION('',(0.,0.,1.));
#1091 = ADVANCED_FACE('',(#1092),#1103,.T.);
#1092 = FACE_BOUND('',#1093,.T.);
#1093 = EDGE_LOOP('',(#1094,#1095,#1096,#1102));
#1094 = ORIENTED_EDGE('',*,*,#340,.T.);
#1095 = ORIENTED_EDGE('',*,*,#461,.F.);
#1096 = ORIENTED_EDGE('',*,*,#1097,.F.);
#1097 = EDGE_CURVE('',#1072,#452,#1098,.T.);
#1098 = LINE('',#1099,#1100);
#1099 = CARTESIAN_POINT('',(-9.,30.1,3.2));
#1100 = VECTOR('',#1101,1.);
#1101 = DIRECTION('',(-1.,-0.,0.));
#1102 = ORIENTED_EDGE('',*,*,#1079,.T.);
#1103 = PLANE('',#1104);
#1104 = AXIS2_PLACEMENT_3D('',#1105,#1106,#1107);
#1105 = CARTESIAN_POINT('',(-9.,12.8,3.2));
#1106 = DIRECTION('',(0.,0.,1.));
#1107 = DIRECTION('',(1.,0.,-0.));
#1108 = ADVANCED_FACE('',(#1109),#1175,.F.);
#1109 = FACE_BOUND('',#1110,.F.);
#1110 = EDGE_LOOP('',(#1111,#1112,#1120,#1128,#1136,#1144,#1152,#1160,
    #1168,#1174));
#1111 = ORIENTED_EDGE('',*,*,#835,.F.);
#1112 = ORIENTED_EDGE('',*,*,#1113,.T.);
#1113 = EDGE_CURVE('',#828,#1114,#1116,.T.);
#1114 = VERTEX_POINT('',#1115);
#1115 = CARTESIAN_POINT('',(-10.,35.5,0.));
#1116 = LINE('',#1117,#1118);
#1117 = CARTESIAN_POINT('',(-10.,35.5,0.));
#1118 = VECTOR('',#1119,1.);
#1119 = DIRECTION('',(-1.,-0.,0.));
#1120 = ORIENTED_EDGE('',*,*,#1121,.T.);
#1121 = EDGE_CURVE('',#1114,#1122,#1124,.T.);
#1122 = VERTEX_POINT('',#1123);
#1123 = CARTESIAN_POINT('',(-10.,35.5,0.8));
#1124 = LINE('',#1125,#1126);
#1125 = CARTESIAN_POINT('',(-10.,35.5,-0.1));
#1126 = VECTOR('',#1127,1.);
#1127 = DIRECTION('',(0.,0.,1.));
#1128 = ORIENTED_EDGE('',*,*,#1129,.F.);
#1129 = EDGE_CURVE('',#1130,#1122,#1132,.T.);
#1130 = VERTEX_POINT('',#1131);
#1131 = CARTESIAN_POINT('',(-9.,35.5,0.8));
#1132 = LINE('',#1133,#1134);
#1133 = CARTESIAN_POINT('',(-10.,35.5,0.8));
#1134 = VECTOR('',#1135,1.);
#1135 = DIRECTION('',(-1.,-0.,0.));
#1136 = ORIENTED_EDGE('',*,*,#1137,.T.);
#1137 = EDGE_CURVE('',#1130,#1138,#1140,.T.);
#1138 = VERTEX_POINT('',#1139);
#1139 = CARTESIAN_POINT('',(-9.,35.5,3.2));
#1140 = LINE('',#1141,#1142);
#1141 = CARTESIAN_POINT('',(-9.,35.5,0.35));
#1142 = VECTOR('',#1143,1.);
#1143 = DIRECTION('',(0.,0.,1.));
#1144 = ORIENTED_EDGE('',*,*,#1145,.F.);
#1145 = EDGE_CURVE('',#1146,#1138,#1148,.T.);
#1146 = VERTEX_POINT('',#1147);
#1147 = CARTESIAN_POINT('',(-7.1,35.5,3.2));
#1148 = LINE('',#1149,#1150);
#1149 = CARTESIAN_POINT('',(-9.5,35.5,3.2));
#1150 = VECTOR('',#1151,1.);
#1151 = DIRECTION('',(-1.,-0.,0.));
#1152 = ORIENTED_EDGE('',*,*,#1153,.T.);
#1153 = EDGE_CURVE('',#1146,#1154,#1156,.T.);
#1154 = VERTEX_POINT('',#1155);
#1155 = CARTESIAN_POINT('',(-7.1,35.5,7.2));
#1156 = LINE('',#1157,#1158);
#1157 = CARTESIAN_POINT('',(-7.1,35.5,1.55));
#1158 = VECTOR('',#1159,1.);
#1159 = DIRECTION('',(0.,0.,1.));
#1160 = ORIENTED_EDGE('',*,*,#1161,.F.);
#1161 = EDGE_CURVE('',#1162,#1154,#1164,.T.);
#1162 = VERTEX_POINT('',#1163);
#1163 = CARTESIAN_POINT('',(-6.3,35.5,7.2));
#1164 = LINE('',#1165,#1166);
#1165 = CARTESIAN_POINT('',(-8.55,35.5,7.2));
#1166 = VECTOR('',#1167,1.);
#1167 = DIRECTION('',(-1.,-0.,0.));
#1168 = ORIENTED_EDGE('',*,*,#1169,.F.);
#1169 = EDGE_CURVE('',#868,#1162,#1170,.T.);
#1170 = LINE('',#1171,#1172);
#1171 = CARTESIAN_POINT('',(-6.3,35.5,1.55));
#1172 = VECTOR('',#1173,1.);
#1173 = DIRECTION('',(0.,0.,1.));
#1174 = ORIENTED_EDGE('',*,*,#875,.F.);
#1175 = PLANE('',#1176);
#1176 = AXIS2_PLACEMENT_3D('',#1177,#1178,#1179);
#1177 = CARTESIAN_POINT('',(-10.,35.5,-0.1));
#1178 = DIRECTION('',(-0.,1.,0.));
#1179 = DIRECTION('',(0.,0.,1.));
#1180 = ADVANCED_FACE('',(#1181),#1206,.F.);
#1181 = FACE_BOUND('',#1182,.F.);
#1182 = EDGE_LOOP('',(#1183,#1184,#1192,#1200));
#1183 = ORIENTED_EDGE('',*,*,#1121,.F.);
#1184 = ORIENTED_EDGE('',*,*,#1185,.T.);
#1185 = EDGE_CURVE('',#1114,#1186,#1188,.T.);
#1186 = VERTEX_POINT('',#1187);
#1187 = CARTESIAN_POINT('',(-10.,38.8,0.));
#1188 = LINE('',#1189,#1190);
#1189 = CARTESIAN_POINT('',(-10.,0.,0.));
#1190 = VECTOR('',#1191,1.);
#1191 = DIRECTION('',(-0.,1.,0.));
#1192 = ORIENTED_EDGE('',*,*,#1193,.T.);
#1193 = EDGE_CURVE('',#1186,#1194,#1196,.T.);
#1194 = VERTEX_POINT('',#1195);
#1195 = CARTESIAN_POINT('',(-10.,38.8,0.8));
#1196 = LINE('',#1197,#1198);
#1197 = CARTESIAN_POINT('',(-10.,38.8,0.));
#1198 = VECTOR('',#1199,1.);
#1199 = DIRECTION('',(0.,0.,1.));
#1200 = ORIENTED_EDGE('',*,*,#1201,.F.);
#1201 = EDGE_CURVE('',#1122,#1194,#1202,.T.);
#1202 = LINE('',#1203,#1204);
#1203 = CARTESIAN_POINT('',(-10.,0.,0.8));
#1204 = VECTOR('',#1205,1.);
#1205 = DIRECTION('',(-0.,1.,0.));
#1206 = PLANE('',#1207);
#1207 = AXIS2_PLACEMENT_3D('',#1208,#1209,#1210);
#1208 = CARTESIAN_POINT('',(-10.,0.,0.));
#1209 = DIRECTION('',(1.,0.,-0.));
#1210 = DIRECTION('',(0.,0.,1.));
#1211 = ADVANCED_FACE('',(#1212),#1223,.T.);
#1212 = FACE_BOUND('',#1213,.T.);
#1213 = EDGE_LOOP('',(#1214,#1215,#1221,#1222));
#1214 = ORIENTED_EDGE('',*,*,#770,.F.);
#1215 = ORIENTED_EDGE('',*,*,#1216,.T.);
#1216 = EDGE_CURVE('',#763,#63,#1217,.T.);
#1217 = LINE('',#1218,#1219);
#1218 = CARTESIAN_POINT('',(4.3,15.75,0.));
#1219 = VECTOR('',#1220,1.);
#1220 = DIRECTION('',(-0.,1.,0.));
#1221 = ORIENTED_EDGE('',*,*,#70,.T.);
#1222 = ORIENTED_EDGE('',*,*,#970,.F.);
#1223 = PLANE('',#1224);
#1224 = AXIS2_PLACEMENT_3D('',#1225,#1226,#1227);
#1225 = CARTESIAN_POINT('',(4.3,31.5,-0.1));
#1226 = DIRECTION('',(1.,0.,-0.));
#1227 = DIRECTION('',(0.,0.,1.));
#1228 = ADVANCED_FACE('',(#1229),#1254,.T.);
#1229 = FACE_BOUND('',#1230,.T.);
#1230 = EDGE_LOOP('',(#1231,#1232,#1240,#1248));
#1231 = ORIENTED_EDGE('',*,*,#403,.F.);
#1232 = ORIENTED_EDGE('',*,*,#1233,.T.);
#1233 = EDGE_CURVE('',#387,#1234,#1236,.T.);
#1234 = VERTEX_POINT('',#1235);
#1235 = CARTESIAN_POINT('',(-10.,38.8,11.2));
#1236 = LINE('',#1237,#1238);
#1237 = CARTESIAN_POINT('',(-10.,38.8,10.4));
#1238 = VECTOR('',#1239,1.);
#1239 = DIRECTION('',(0.,0.,1.));
#1240 = ORIENTED_EDGE('',*,*,#1241,.T.);
#1241 = EDGE_CURVE('',#1234,#1242,#1244,.T.);
#1242 = VERTEX_POINT('',#1243);
#1243 = CARTESIAN_POINT('',(10.,38.8,11.2));
#1244 = LINE('',#1245,#1246);
#1245 = CARTESIAN_POINT('',(-10.,38.8,11.2));
#1246 = VECTOR('',#1247,1.);
#1247 = DIRECTION('',(1.,0.,-0.));
#1248 = ORIENTED_EDGE('',*,*,#1249,.F.);
#1249 = EDGE_CURVE('',#396,#1242,#1250,.T.);
#1250 = LINE('',#1251,#1252);
#1251 = CARTESIAN_POINT('',(10.,38.8,10.4));
#1252 = VECTOR('',#1253,1.);
#1253 = DIRECTION('',(0.,0.,1.));
#1254 = PLANE('',#1255);
#1255 = AXIS2_PLACEMENT_3D('',#1256,#1257,#1258);
#1256 = CARTESIAN_POINT('',(-10.,38.8,10.4));
#1257 = DIRECTION('',(-0.,1.,0.));
#1258 = DIRECTION('',(0.,0.,1.));
#1259 = ADVANCED_FACE('',(#1260),#1285,.T.);
#1260 = FACE_BOUND('',#1261,.T.);
#1261 = EDGE_LOOP('',(#1262,#1270,#1271,#1279));
#1262 = ORIENTED_EDGE('',*,*,#1263,.F.);
#1263 = EDGE_CURVE('',#412,#1264,#1266,.T.);
#1264 = VERTEX_POINT('',#1265);
#1265 = CARTESIAN_POINT('',(3.,8.8,11.2));
#1266 = LINE('',#1267,#1268);
#1267 = CARTESIAN_POINT('',(3.,8.8,10.3));
#1268 = VECTOR('',#1269,1.);
#1269 = DIRECTION('',(0.,0.,1.));
#1270 = ORIENTED_EDGE('',*,*,#411,.T.);
#1271 = ORIENTED_EDGE('',*,*,#1272,.T.);
#1272 = EDGE_CURVE('',#414,#1273,#1275,.T.);
#1273 = VERTEX_POINT('',#1274);
#1274 = CARTESIAN_POINT('',(-3.,8.8,11.2));
#1275 = LINE('',#1276,#1277);
#1276 = CARTESIAN_POINT('',(-3.,8.8,10.3));
#1277 = VECTOR('',#1278,1.);
#1278 = DIRECTION('',(0.,0.,1.));
#1279 = ORIENTED_EDGE('',*,*,#1280,.F.);
#1280 = EDGE_CURVE('',#1264,#1273,#1281,.T.);
#1281 = LINE('',#1282,#1283);
#1282 = CARTESIAN_POINT('',(-6.5,8.8,11.2));
#1283 = VECTOR('',#1284,1.);
#1284 = DIRECTION('',(-1.,-0.,0.));
#1285 = PLANE('',#1286);
#1286 = AXIS2_PLACEMENT_3D('',#1287,#1288,#1289);
#1287 = CARTESIAN_POINT('',(-3.,8.8,10.3));
#1288 = DIRECTION('',(-0.,1.,0.));
#1289 = DIRECTION('',(0.,0.,1.));
#1290 = ADVANCED_FACE('',(#1291),#1309,.F.);
#1291 = FACE_BOUND('',#1292,.F.);
#1292 = EDGE_LOOP('',(#1293,#1294,#1295,#1303));
#1293 = ORIENTED_EDGE('',*,*,#1263,.F.);
#1294 = ORIENTED_EDGE('',*,*,#437,.T.);
#1295 = ORIENTED_EDGE('',*,*,#1296,.T.);
#1296 = EDGE_CURVE('',#430,#1297,#1299,.T.);
#1297 = VERTEX_POINT('',#1298);
#1298 = CARTESIAN_POINT('',(3.,12.8,11.2));
#1299 = LINE('',#1300,#1301);
#1300 = CARTESIAN_POINT('',(3.,12.8,10.3));
#1301 = VECTOR('',#1302,1.);
#1302 = DIRECTION('',(0.,0.,1.));
#1303 = ORIENTED_EDGE('',*,*,#1304,.F.);
#1304 = EDGE_CURVE('',#1264,#1297,#1305,.T.);
#1305 = LINE('',#1306,#1307);
#1306 = CARTESIAN_POINT('',(3.,4.4,11.2));
#1307 = VECTOR('',#1308,1.);
#1308 = DIRECTION('',(-0.,1.,0.));
#1309 = PLANE('',#1310);
#1310 = AXIS2_PLACEMENT_3D('',#1311,#1312,#1313);
#1311 = CARTESIAN_POINT('',(3.,8.8,10.3));
#1312 = DIRECTION('',(1.,0.,-0.));
#1313 = DIRECTION('',(0.,0.,1.));
#1314 = ADVANCED_FACE('',(#1315),#1333,.F.);
#1315 = FACE_BOUND('',#1316,.F.);
#1316 = EDGE_LOOP('',(#1317,#1318,#1319,#1327));
#1317 = ORIENTED_EDGE('',*,*,#1296,.F.);
#1318 = ORIENTED_EDGE('',*,*,#429,.T.);
#1319 = ORIENTED_EDGE('',*,*,#1320,.T.);
#1320 = EDGE_CURVE('',#422,#1321,#1323,.T.);
#1321 = VERTEX_POINT('',#1322);
#1322 = CARTESIAN_POINT('',(-3.,12.8,11.2));
#1323 = LINE('',#1324,#1325);
#1324 = CARTESIAN_POINT('',(-3.,12.8,10.3));
#1325 = VECTOR('',#1326,1.);
#1326 = DIRECTION('',(0.,0.,1.));
#1327 = ORIENTED_EDGE('',*,*,#1328,.F.);
#1328 = EDGE_CURVE('',#1297,#1321,#1329,.T.);
#1329 = LINE('',#1330,#1331);
#1330 = CARTESIAN_POINT('',(-6.5,12.8,11.2));
#1331 = VECTOR('',#1332,1.);
#1332 = DIRECTION('',(-1.,-0.,0.));
#1333 = PLANE('',#1334);
#1334 = AXIS2_PLACEMENT_3D('',#1335,#1336,#1337);
#1335 = CARTESIAN_POINT('',(-3.,12.8,10.3));
#1336 = DIRECTION('',(-0.,1.,0.));
#1337 = DIRECTION('',(0.,0.,1.));
#1338 = ADVANCED_FACE('',(#1339),#1350,.T.);
#1339 = FACE_BOUND('',#1340,.T.);
#1340 = EDGE_LOOP('',(#1341,#1342,#1343,#1344));
#1341 = ORIENTED_EDGE('',*,*,#1272,.F.);
#1342 = ORIENTED_EDGE('',*,*,#421,.T.);
#1343 = ORIENTED_EDGE('',*,*,#1320,.T.);
#1344 = ORIENTED_EDGE('',*,*,#1345,.F.);
#1345 = EDGE_CURVE('',#1273,#1321,#1346,.T.);
#1346 = LINE('',#1347,#1348);
#1347 = CARTESIAN_POINT('',(-3.,4.4,11.2));
#1348 = VECTOR('',#1349,1.);
#1349 = DIRECTION('',(-0.,1.,0.));
#1350 = PLANE('',#1351);
#1351 = AXIS2_PLACEMENT_3D('',#1352,#1353,#1354);
#1352 = CARTESIAN_POINT('',(-3.,8.8,10.3));
#1353 = DIRECTION('',(1.,0.,-0.));
#1354 = DIRECTION('',(0.,0.,1.));
#1355 = ADVANCED_FACE('',(#1356),#1381,.T.);
#1356 = FACE_BOUND('',#1357,.T.);
#1357 = EDGE_LOOP('',(#1358,#1366,#1367,#1375));
#1358 = ORIENTED_EDGE('',*,*,#1359,.T.);
#1359 = EDGE_CURVE('',#1360,#516,#1362,.T.);
#1360 = VERTEX_POINT('',#1361);
#1361 = CARTESIAN_POINT('',(-7.1,27.1,3.2));
#1362 = LINE('',#1363,#1364);
#1363 = CARTESIAN_POINT('',(-9.,27.1,3.2));
#1364 = VECTOR('',#1365,1.);
#1365 = DIRECTION('',(-1.,-0.,0.));
#1366 = ORIENTED_EDGE('',*,*,#523,.F.);
#1367 = ORIENTED_EDGE('',*,*,#1368,.F.);
#1368 = EDGE_CURVE('',#1369,#507,#1371,.T.);
#1369 = VERTEX_POINT('',#1370);
#1370 = CARTESIAN_POINT('',(-7.1,20.1,3.2));
#1371 = LINE('',#1372,#1373);
#1372 = CARTESIAN_POINT('',(-9.,20.1,3.2));
#1373 = VECTOR('',#1374,1.);
#1374 = DIRECTION('',(-1.,-0.,0.));
#1375 = ORIENTED_EDGE('',*,*,#1376,.T.);
#1376 = EDGE_CURVE('',#1369,#1360,#1377,.T.);
#1377 = LINE('',#1378,#1379);
#1378 = CARTESIAN_POINT('',(-7.1,13.6,3.2));
#1379 = VECTOR('',#1380,1.);
#1380 = DIRECTION('',(-0.,1.,0.));
#1381 = PLANE('',#1382);
#1382 = AXIS2_PLACEMENT_3D('',#1383,#1384,#1385);
#1383 = CARTESIAN_POINT('',(-9.,12.8,3.2));
#1384 = DIRECTION('',(0.,0.,1.));
#1385 = DIRECTION('',(1.,0.,-0.));
#1386 = ADVANCED_FACE('',(#1387),#1412,.T.);
#1387 = FACE_BOUND('',#1388,.T.);
#1388 = EDGE_LOOP('',(#1389,#1397,#1398,#1406));
#1389 = ORIENTED_EDGE('',*,*,#1390,.T.);
#1390 = EDGE_CURVE('',#1391,#578,#1393,.T.);
#1391 = VERTEX_POINT('',#1392);
#1392 = CARTESIAN_POINT('',(-7.1,17.1,3.2));
#1393 = LINE('',#1394,#1395);
#1394 = CARTESIAN_POINT('',(-9.,17.1,3.2));
#1395 = VECTOR('',#1396,1.);
#1396 = DIRECTION('',(-1.,-0.,0.));
#1397 = ORIENTED_EDGE('',*,*,#585,.F.);
#1398 = ORIENTED_EDGE('',*,*,#1399,.T.);
#1399 = EDGE_CURVE('',#569,#1400,#1402,.T.);
#1400 = VERTEX_POINT('',#1401);
#1401 = CARTESIAN_POINT('',(-7.1,12.8,3.2));
#1402 = LINE('',#1403,#1404);
#1403 = CARTESIAN_POINT('',(-9.,12.8,3.2));
#1404 = VECTOR('',#1405,1.);
#1405 = DIRECTION('',(1.,0.,-0.));
#1406 = ORIENTED_EDGE('',*,*,#1407,.T.);
#1407 = EDGE_CURVE('',#1400,#1391,#1408,.T.);
#1408 = LINE('',#1409,#1410);
#1409 = CARTESIAN_POINT('',(-7.1,12.8,3.2));
#1410 = VECTOR('',#1411,1.);
#1411 = DIRECTION('',(-0.,1.,0.));
#1412 = PLANE('',#1413);
#1413 = AXIS2_PLACEMENT_3D('',#1414,#1415,#1416);
#1414 = CARTESIAN_POINT('',(-9.,12.8,3.2));
#1415 = DIRECTION('',(0.,0.,1.));
#1416 = DIRECTION('',(1.,0.,-0.));
#1417 = ADVANCED_FACE('',(#1418),#1443,.T.);
#1418 = FACE_BOUND('',#1419,.T.);
#1419 = EDGE_LOOP('',(#1420,#1430,#1436,#1437));
#1420 = ORIENTED_EDGE('',*,*,#1421,.F.);
#1421 = EDGE_CURVE('',#1422,#1424,#1426,.T.);
#1422 = VERTEX_POINT('',#1423);
#1423 = CARTESIAN_POINT('',(7.1,12.8,3.2));
#1424 = VERTEX_POINT('',#1425);
#1425 = CARTESIAN_POINT('',(7.1,17.1,3.2));
#1426 = LINE('',#1427,#1428);
#1427 = CARTESIAN_POINT('',(7.1,13.6,3.2));
#1428 = VECTOR('',#1429,1.);
#1429 = DIRECTION('',(-0.,1.,0.));
#1430 = ORIENTED_EDGE('',*,*,#1431,.T.);
#1431 = EDGE_CURVE('',#1422,#600,#1432,.T.);
#1432 = LINE('',#1433,#1434);
#1433 = CARTESIAN_POINT('',(-9.,12.8,3.2));
#1434 = VECTOR('',#1435,1.);
#1435 = DIRECTION('',(1.,0.,-0.));
#1436 = ORIENTED_EDGE('',*,*,#616,.T.);
#1437 = ORIENTED_EDGE('',*,*,#1438,.T.);
#1438 = EDGE_CURVE('',#609,#1424,#1439,.T.);
#1439 = LINE('',#1440,#1441);
#1440 = CARTESIAN_POINT('',(-1.35,17.1,3.2));
#1441 = VECTOR('',#1442,1.);
#1442 = DIRECTION('',(-1.,-0.,0.));
#1443 = PLANE('',#1444);
#1444 = AXIS2_PLACEMENT_3D('',#1445,#1446,#1447);
#1445 = CARTESIAN_POINT('',(-9.,12.8,3.2));
#1446 = DIRECTION('',(0.,0.,1.));
#1447 = DIRECTION('',(1.,0.,-0.));
#1448 = ADVANCED_FACE('',(#1449),#1474,.T.);
#1449 = FACE_BOUND('',#1450,.T.);
#1450 = EDGE_LOOP('',(#1451,#1461,#1467,#1468));
#1451 = ORIENTED_EDGE('',*,*,#1452,.F.);
#1452 = EDGE_CURVE('',#1453,#1455,#1457,.T.);
#1453 = VERTEX_POINT('',#1454);
#1454 = CARTESIAN_POINT('',(7.1,20.1,3.2));
#1455 = VERTEX_POINT('',#1456);
#1456 = CARTESIAN_POINT('',(7.1,27.1,3.2));
#1457 = LINE('',#1458,#1459);
#1458 = CARTESIAN_POINT('',(7.1,13.6,3.2));
#1459 = VECTOR('',#1460,1.);
#1460 = DIRECTION('',(-0.,1.,0.));
#1461 = ORIENTED_EDGE('',*,*,#1462,.F.);
#1462 = EDGE_CURVE('',#662,#1453,#1463,.T.);
#1463 = LINE('',#1464,#1465);
#1464 = CARTESIAN_POINT('',(-1.35,20.1,3.2));
#1465 = VECTOR('',#1466,1.);
#1466 = DIRECTION('',(-1.,-0.,0.));
#1467 = ORIENTED_EDGE('',*,*,#678,.T.);
#1468 = ORIENTED_EDGE('',*,*,#1469,.T.);
#1469 = EDGE_CURVE('',#671,#1455,#1470,.T.);
#1470 = LINE('',#1471,#1472);
#1471 = CARTESIAN_POINT('',(-1.35,27.1,3.2));
#1472 = VECTOR('',#1473,1.);
#1473 = DIRECTION('',(-1.,-0.,0.));
#1474 = PLANE('',#1475);
#1475 = AXIS2_PLACEMENT_3D('',#1476,#1477,#1478);
#1476 = CARTESIAN_POINT('',(-9.,12.8,3.2));
#1477 = DIRECTION('',(0.,0.,1.));
#1478 = DIRECTION('',(1.,0.,-0.));
#1479 = ADVANCED_FACE('',(#1480),#1498,.T.);
#1480 = FACE_BOUND('',#1481,.T.);
#1481 = EDGE_LOOP('',(#1482,#1490,#1496,#1497));
#1482 = ORIENTED_EDGE('',*,*,#1483,.F.);
#1483 = EDGE_CURVE('',#1484,#803,#1486,.T.);
#1484 = VERTEX_POINT('',#1485);
#1485 = CARTESIAN_POINT('',(7.1,30.1,3.2));
#1486 = LINE('',#1487,#1488);
#1487 = CARTESIAN_POINT('',(7.1,13.6,3.2));
#1488 = VECTOR('',#1489,1.);
#1489 = DIRECTION('',(-0.,1.,0.));
#1490 = ORIENTED_EDGE('',*,*,#1491,.F.);
#1491 = EDGE_CURVE('',#724,#1484,#1492,.T.);
#1492 = LINE('',#1493,#1494);
#1493 = CARTESIAN_POINT('',(-1.35,30.1,3.2));
#1494 = VECTOR('',#1495,1.);
#1495 = DIRECTION('',(-1.,-0.,0.));
#1496 = ORIENTED_EDGE('',*,*,#740,.T.);
#1497 = ORIENTED_EDGE('',*,*,#810,.T.);
#1498 = PLANE('',#1499);
#1499 = AXIS2_PLACEMENT_3D('',#1500,#1501,#1502);
#1500 = CARTESIAN_POINT('',(-9.,12.8,3.2));
#1501 = DIRECTION('',(0.,0.,1.));
#1502 = DIRECTION('',(1.,0.,-0.));
#1503 = ADVANCED_FACE('',(#1504),#1522,.T.);
#1504 = FACE_BOUND('',#1505,.T.);
#1505 = EDGE_LOOP('',(#1506,#1514,#1515,#1516));
#1506 = ORIENTED_EDGE('',*,*,#1507,.F.);
#1507 = EDGE_CURVE('',#1484,#1508,#1510,.T.);
#1508 = VERTEX_POINT('',#1509);
#1509 = CARTESIAN_POINT('',(7.1,30.1,7.2));
#1510 = LINE('',#1511,#1512);
#1511 = CARTESIAN_POINT('',(7.1,30.1,1.55));
#1512 = VECTOR('',#1513,1.);
#1513 = DIRECTION('',(0.,0.,1.));
#1514 = ORIENTED_EDGE('',*,*,#1483,.T.);
#1515 = ORIENTED_EDGE('',*,*,#802,.T.);
#1516 = ORIENTED_EDGE('',*,*,#1517,.F.);
#1517 = EDGE_CURVE('',#1508,#795,#1518,.T.);
#1518 = LINE('',#1519,#1520);
#1519 = CARTESIAN_POINT('',(7.1,13.6,7.2));
#1520 = VECTOR('',#1521,1.);
#1521 = DIRECTION('',(-0.,1.,0.));
#1522 = PLANE('',#1523);
#1523 = AXIS2_PLACEMENT_3D('',#1524,#1525,#1526);
#1524 = CARTESIAN_POINT('',(7.1,13.6,3.2));
#1525 = DIRECTION('',(1.,0.,-0.));
#1526 = DIRECTION('',(0.,0.,1.));
#1527 = ADVANCED_FACE('',(#1528),#1546,.T.);
#1528 = FACE_BOUND('',#1529,.T.);
#1529 = EDGE_LOOP('',(#1530,#1538,#1544,#1545));
#1530 = ORIENTED_EDGE('',*,*,#1531,.F.);
#1531 = EDGE_CURVE('',#1532,#787,#1534,.T.);
#1532 = VERTEX_POINT('',#1533);
#1533 = CARTESIAN_POINT('',(6.3,30.1,7.2));
#1534 = LINE('',#1535,#1536);
#1535 = CARTESIAN_POINT('',(6.3,13.6,7.2));
#1536 = VECTOR('',#1537,1.);
#1537 = DIRECTION('',(-0.,1.,0.));
#1538 = ORIENTED_EDGE('',*,*,#1539,.F.);
#1539 = EDGE_CURVE('',#1508,#1532,#1540,.T.);
#1540 = LINE('',#1541,#1542);
#1541 = CARTESIAN_POINT('',(6.3,30.1,7.2));
#1542 = VECTOR('',#1543,1.);
#1543 = DIRECTION('',(-1.,-0.,0.));
#1544 = ORIENTED_EDGE('',*,*,#1517,.T.);
#1545 = ORIENTED_EDGE('',*,*,#794,.T.);
#1546 = PLANE('',#1547);
#1547 = AXIS2_PLACEMENT_3D('',#1548,#1549,#1550);
#1548 = CARTESIAN_POINT('',(6.3,13.6,7.2));
#1549 = DIRECTION('',(0.,0.,1.));
#1550 = DIRECTION('',(1.,0.,-0.));
#1551 = ADVANCED_FACE('',(#1552),#1563,.F.);
#1552 = FACE_BOUND('',#1553,.F.);
#1553 = EDGE_LOOP('',(#1554,#1560,#1561,#1562));
#1554 = ORIENTED_EDGE('',*,*,#1555,.F.);
#1555 = EDGE_CURVE('',#956,#1532,#1556,.T.);
#1556 = LINE('',#1557,#1558);
#1557 = CARTESIAN_POINT('',(6.3,30.1,-0.1));
#1558 = VECTOR('',#1559,1.);
#1559 = DIRECTION('',(0.,0.,1.));
#1560 = ORIENTED_EDGE('',*,*,#963,.T.);
#1561 = ORIENTED_EDGE('',*,*,#786,.T.);
#1562 = ORIENTED_EDGE('',*,*,#1531,.F.);
#1563 = PLANE('',#1564);
#1564 = AXIS2_PLACEMENT_3D('',#1565,#1566,#1567);
#1565 = CARTESIAN_POINT('',(6.3,13.6,3.2));
#1566 = DIRECTION('',(1.,0.,-0.));
#1567 = DIRECTION('',(0.,0.,1.));
#1568 = ADVANCED_FACE('',(#1569),#1594,.T.);
#1569 = FACE_BOUND('',#1570,.T.);
#1570 = EDGE_LOOP('',(#1571,#1579,#1587,#1593));
#1571 = ORIENTED_EDGE('',*,*,#1572,.F.);
#1572 = EDGE_CURVE('',#1573,#1002,#1575,.T.);
#1573 = VERTEX_POINT('',#1574);
#1574 = CARTESIAN_POINT('',(-4.,32.8,0.8));
#1575 = LINE('',#1576,#1577);
#1576 = CARTESIAN_POINT('',(-4.,32.8,0.8));
#1577 = VECTOR('',#1578,1.);
#1578 = DIRECTION('',(0.,0.,1.));
#1579 = ORIENTED_EDGE('',*,*,#1580,.T.);
#1580 = EDGE_CURVE('',#1573,#1581,#1583,.T.);
#1581 = VERTEX_POINT('',#1582);
#1582 = CARTESIAN_POINT('',(-4.,38.8,0.8));
#1583 = LINE('',#1584,#1585);
#1584 = CARTESIAN_POINT('',(-4.,32.8,0.8));
#1585 = VECTOR('',#1586,1.);
#1586 = DIRECTION('',(-0.,1.,0.));
#1587 = ORIENTED_EDGE('',*,*,#1588,.F.);
#1588 = EDGE_CURVE('',#860,#1581,#1589,.T.);
#1589 = LINE('',#1590,#1591);
#1590 = CARTESIAN_POINT('',(-4.,38.8,0.8));
#1591 = VECTOR('',#1592,1.);
#1592 = DIRECTION('',(-0.,0.,-1.));
#1593 = ORIENTED_EDGE('',*,*,#1009,.F.);
#1594 = PLANE('',#1595);
#1595 = AXIS2_PLACEMENT_3D('',#1596,#1597,#1598);
#1596 = CARTESIAN_POINT('',(-4.,32.8,0.8));
#1597 = DIRECTION('',(1.,0.,-0.));
#1598 = DIRECTION('',(0.,0.,1.));
#1599 = ADVANCED_FACE('',(#1600),#1618,.T.);
#1600 = FACE_BOUND('',#1601,.T.);
#1601 = EDGE_LOOP('',(#1602,#1610,#1616,#1617));
#1602 = ORIENTED_EDGE('',*,*,#1603,.F.);
#1603 = EDGE_CURVE('',#1604,#994,#1606,.T.);
#1604 = VERTEX_POINT('',#1605);
#1605 = CARTESIAN_POINT('',(4.,32.8,0.8));
#1606 = LINE('',#1607,#1608);
#1607 = CARTESIAN_POINT('',(4.,32.8,0.8));
#1608 = VECTOR('',#1609,1.);
#1609 = DIRECTION('',(0.,0.,1.));
#1610 = ORIENTED_EDGE('',*,*,#1611,.F.);
#1611 = EDGE_CURVE('',#1573,#1604,#1612,.T.);
#1612 = LINE('',#1613,#1614);
#1613 = CARTESIAN_POINT('',(-4.,32.8,0.8));
#1614 = VECTOR('',#1615,1.);
#1615 = DIRECTION('',(1.,0.,-0.));
#1616 = ORIENTED_EDGE('',*,*,#1572,.T.);
#1617 = ORIENTED_EDGE('',*,*,#1001,.F.);
#1618 = PLANE('',#1619);
#1619 = AXIS2_PLACEMENT_3D('',#1620,#1621,#1622);
#1620 = CARTESIAN_POINT('',(-4.,32.8,0.8));
#1621 = DIRECTION('',(-0.,1.,0.));
#1622 = DIRECTION('',(0.,0.,1.));
#1623 = ADVANCED_FACE('',(#1624),#1642,.F.);
#1624 = FACE_BOUND('',#1625,.F.);
#1625 = EDGE_LOOP('',(#1626,#1627,#1635,#1641));
#1626 = ORIENTED_EDGE('',*,*,#1603,.F.);
#1627 = ORIENTED_EDGE('',*,*,#1628,.T.);
#1628 = EDGE_CURVE('',#1604,#1629,#1631,.T.);
#1629 = VERTEX_POINT('',#1630);
#1630 = CARTESIAN_POINT('',(4.,38.8,0.8));
#1631 = LINE('',#1632,#1633);
#1632 = CARTESIAN_POINT('',(4.,32.8,0.8));
#1633 = VECTOR('',#1634,1.);
#1634 = DIRECTION('',(-0.,1.,0.));
#1635 = ORIENTED_EDGE('',*,*,#1636,.F.);
#1636 = EDGE_CURVE('',#986,#1629,#1637,.T.);
#1637 = LINE('',#1638,#1639);
#1638 = CARTESIAN_POINT('',(4.,38.8,0.8));
#1639 = VECTOR('',#1640,1.);
#1640 = DIRECTION('',(-0.,0.,-1.));
#1641 = ORIENTED_EDGE('',*,*,#993,.F.);
#1642 = PLANE('',#1643);
#1643 = AXIS2_PLACEMENT_3D('',#1644,#1645,#1646);
#1644 = CARTESIAN_POINT('',(4.,32.8,0.8));
#1645 = DIRECTION('',(1.,0.,-0.));
#1646 = DIRECTION('',(0.,0.,1.));
#1647 = ADVANCED_FACE('',(#1648),#1666,.F.);
#1648 = FACE_BOUND('',#1649,.F.);
#1649 = EDGE_LOOP('',(#1650,#1651,#1652,#1660));
#1650 = ORIENTED_EDGE('',*,*,#86,.F.);
#1651 = ORIENTED_EDGE('',*,*,#977,.T.);
#1652 = ORIENTED_EDGE('',*,*,#1653,.T.);
#1653 = EDGE_CURVE('',#978,#1654,#1656,.T.);
#1654 = VERTEX_POINT('',#1655);
#1655 = CARTESIAN_POINT('',(6.3,38.8,7.2));
#1656 = LINE('',#1657,#1658);
#1657 = CARTESIAN_POINT('',(6.3,38.8,3.2));
#1658 = VECTOR('',#1659,1.);
#1659 = DIRECTION('',(0.,0.,1.));
#1660 = ORIENTED_EDGE('',*,*,#1661,.F.);
#1661 = EDGE_CURVE('',#87,#1654,#1662,.T.);
#1662 = LINE('',#1663,#1664);
#1663 = CARTESIAN_POINT('',(6.3,13.6,7.2));
#1664 = VECTOR('',#1665,1.);
#1665 = DIRECTION('',(-0.,1.,0.));
#1666 = PLANE('',#1667);
#1667 = AXIS2_PLACEMENT_3D('',#1668,#1669,#1670);
#1668 = CARTESIAN_POINT('',(6.3,13.6,3.2));
#1669 = DIRECTION('',(1.,0.,-0.));
#1670 = DIRECTION('',(0.,0.,1.));
#1671 = ADVANCED_FACE('',(#1672),#1697,.T.);
#1672 = FACE_BOUND('',#1673,.T.);
#1673 = EDGE_LOOP('',(#1674,#1682,#1690,#1696));
#1674 = ORIENTED_EDGE('',*,*,#1675,.F.);
#1675 = EDGE_CURVE('',#1676,#948,#1678,.T.);
#1676 = VERTEX_POINT('',#1677);
#1677 = CARTESIAN_POINT('',(6.3,27.1,1.3));
#1678 = LINE('',#1679,#1680);
#1679 = CARTESIAN_POINT('',(6.3,27.1,-0.1));
#1680 = VECTOR('',#1681,1.);
#1681 = DIRECTION('',(0.,0.,1.));
#1682 = ORIENTED_EDGE('',*,*,#1683,.T.);
#1683 = EDGE_CURVE('',#1676,#1684,#1686,.T.);
#1684 = VERTEX_POINT('',#1685);
#1685 = CARTESIAN_POINT('',(6.3,30.1,1.3));
#1686 = LINE('',#1687,#1688);
#1687 = CARTESIAN_POINT('',(6.3,27.1,1.3));
#1688 = VECTOR('',#1689,1.);
#1689 = DIRECTION('',(-0.,1.,0.));
#1690 = ORIENTED_EDGE('',*,*,#1691,.T.);
#1691 = EDGE_CURVE('',#1684,#956,#1692,.T.);
#1692 = LINE('',#1693,#1694);
#1693 = CARTESIAN_POINT('',(6.3,30.1,-0.1));
#1694 = VECTOR('',#1695,1.);
#1695 = DIRECTION('',(0.,0.,1.));
#1696 = ORIENTED_EDGE('',*,*,#955,.F.);
#1697 = PLANE('',#1698);
#1698 = AXIS2_PLACEMENT_3D('',#1699,#1700,#1701);
#1699 = CARTESIAN_POINT('',(6.3,27.1,-0.1));
#1700 = DIRECTION('',(1.,0.,-0.));
#1701 = DIRECTION('',(0.,0.,1.));
#1702 = ADVANCED_FACE('',(#1703),#1728,.F.);
#1703 = FACE_BOUND('',#1704,.F.);
#1704 = EDGE_LOOP('',(#1705,#1713,#1714,#1722));
#1705 = ORIENTED_EDGE('',*,*,#1706,.F.);
#1706 = EDGE_CURVE('',#940,#1707,#1709,.T.);
#1707 = VERTEX_POINT('',#1708);
#1708 = CARTESIAN_POINT('',(6.3,20.1,7.2));
#1709 = LINE('',#1710,#1711);
#1710 = CARTESIAN_POINT('',(6.3,20.1,-0.1));
#1711 = VECTOR('',#1712,1.);
#1712 = DIRECTION('',(0.,0.,1.));
#1713 = ORIENTED_EDGE('',*,*,#947,.T.);
#1714 = ORIENTED_EDGE('',*,*,#1715,.T.);
#1715 = EDGE_CURVE('',#948,#1716,#1718,.T.);
#1716 = VERTEX_POINT('',#1717);
#1717 = CARTESIAN_POINT('',(6.3,27.1,7.2));
#1718 = LINE('',#1719,#1720);
#1719 = CARTESIAN_POINT('',(6.3,27.1,-0.1));
#1720 = VECTOR('',#1721,1.);
#1721 = DIRECTION('',(0.,0.,1.));
#1722 = ORIENTED_EDGE('',*,*,#1723,.F.);
#1723 = EDGE_CURVE('',#1707,#1716,#1724,.T.);
#1724 = LINE('',#1725,#1726);
#1725 = CARTESIAN_POINT('',(6.3,13.6,7.2));
#1726 = VECTOR('',#1727,1.);
#1727 = DIRECTION('',(-0.,1.,0.));
#1728 = PLANE('',#1729);
#1729 = AXIS2_PLACEMENT_3D('',#1730,#1731,#1732);
#1730 = CARTESIAN_POINT('',(6.3,13.6,3.2));
#1731 = DIRECTION('',(1.,0.,-0.));
#1732 = DIRECTION('',(0.,0.,1.));
#1733 = ADVANCED_FACE('',(#1734),#1759,.T.);
#1734 = FACE_BOUND('',#1735,.T.);
#1735 = EDGE_LOOP('',(#1736,#1744,#1752,#1758));
#1736 = ORIENTED_EDGE('',*,*,#1737,.F.);
#1737 = EDGE_CURVE('',#1738,#932,#1740,.T.);
#1738 = VERTEX_POINT('',#1739);
#1739 = CARTESIAN_POINT('',(6.3,17.1,1.3));
#1740 = LINE('',#1741,#1742);
#1741 = CARTESIAN_POINT('',(6.3,17.1,-0.1));
#1742 = VECTOR('',#1743,1.);
#1743 = DIRECTION('',(0.,0.,1.));
#1744 = ORIENTED_EDGE('',*,*,#1745,.T.);
#1745 = EDGE_CURVE('',#1738,#1746,#1748,.T.);
#1746 = VERTEX_POINT('',#1747);
#1747 = CARTESIAN_POINT('',(6.3,20.1,1.3));
#1748 = LINE('',#1749,#1750);
#1749 = CARTESIAN_POINT('',(6.3,17.1,1.3));
#1750 = VECTOR('',#1751,1.);
#1751 = DIRECTION('',(-0.,1.,0.));
#1752 = ORIENTED_EDGE('',*,*,#1753,.T.);
#1753 = EDGE_CURVE('',#1746,#940,#1754,.T.);
#1754 = LINE('',#1755,#1756);
#1755 = CARTESIAN_POINT('',(6.3,20.1,-0.1));
#1756 = VECTOR('',#1757,1.);
#1757 = DIRECTION('',(0.,0.,1.));
#1758 = ORIENTED_EDGE('',*,*,#939,.F.);
#1759 = PLANE('',#1760);
#1760 = AXIS2_PLACEMENT_3D('',#1761,#1762,#1763);
#1761 = CARTESIAN_POINT('',(6.3,17.1,-0.1));
#1762 = DIRECTION('',(1.,0.,-0.));
#1763 = DIRECTION('',(0.,0.,1.));
#1764 = ADVANCED_FACE('',(#1765),#1790,.F.);
#1765 = FACE_BOUND('',#1766,.F.);
#1766 = EDGE_LOOP('',(#1767,#1775,#1776,#1784));
#1767 = ORIENTED_EDGE('',*,*,#1768,.F.);
#1768 = EDGE_CURVE('',#924,#1769,#1771,.T.);
#1769 = VERTEX_POINT('',#1770);
#1770 = CARTESIAN_POINT('',(6.3,13.6,7.2));
#1771 = LINE('',#1772,#1773);
#1772 = CARTESIAN_POINT('',(6.3,13.6,3.2));
#1773 = VECTOR('',#1774,1.);
#1774 = DIRECTION('',(0.,0.,1.));
#1775 = ORIENTED_EDGE('',*,*,#931,.T.);
#1776 = ORIENTED_EDGE('',*,*,#1777,.T.);
#1777 = EDGE_CURVE('',#932,#1778,#1780,.T.);
#1778 = VERTEX_POINT('',#1779);
#1779 = CARTESIAN_POINT('',(6.3,17.1,7.2));
#1780 = LINE('',#1781,#1782);
#1781 = CARTESIAN_POINT('',(6.3,17.1,-0.1));
#1782 = VECTOR('',#1783,1.);
#1783 = DIRECTION('',(0.,0.,1.));
#1784 = ORIENTED_EDGE('',*,*,#1785,.F.);
#1785 = EDGE_CURVE('',#1769,#1778,#1786,.T.);
#1786 = LINE('',#1787,#1788);
#1787 = CARTESIAN_POINT('',(6.3,13.6,7.2));
#1788 = VECTOR('',#1789,1.);
#1789 = DIRECTION('',(-0.,1.,0.));
#1790 = PLANE('',#1791);
#1791 = AXIS2_PLACEMENT_3D('',#1792,#1793,#1794);
#1792 = CARTESIAN_POINT('',(6.3,13.6,3.2));
#1793 = DIRECTION('',(1.,0.,-0.));
#1794 = DIRECTION('',(0.,0.,1.));
#1795 = ADVANCED_FACE('',(#1796),#1814,.T.);
#1796 = FACE_BOUND('',#1797,.T.);
#1797 = EDGE_LOOP('',(#1798,#1799,#1807,#1813));
#1798 = ORIENTED_EDGE('',*,*,#923,.F.);
#1799 = ORIENTED_EDGE('',*,*,#1800,.T.);
#1800 = EDGE_CURVE('',#916,#1801,#1803,.T.);
#1801 = VERTEX_POINT('',#1802);
#1802 = CARTESIAN_POINT('',(-6.3,13.6,7.2));
#1803 = LINE('',#1804,#1805);
#1804 = CARTESIAN_POINT('',(-6.3,13.6,3.2));
#1805 = VECTOR('',#1806,1.);
#1806 = DIRECTION('',(0.,0.,1.));
#1807 = ORIENTED_EDGE('',*,*,#1808,.T.);
#1808 = EDGE_CURVE('',#1801,#1769,#1809,.T.);
#1809 = LINE('',#1810,#1811);
#1810 = CARTESIAN_POINT('',(-7.1,13.6,7.2));
#1811 = VECTOR('',#1812,1.);
#1812 = DIRECTION('',(1.,0.,-0.));
#1813 = ORIENTED_EDGE('',*,*,#1768,.F.);
#1814 = PLANE('',#1815);
#1815 = AXIS2_PLACEMENT_3D('',#1816,#1817,#1818);
#1816 = CARTESIAN_POINT('',(-7.1,13.6,3.2));
#1817 = DIRECTION('',(-0.,1.,0.));
#1818 = DIRECTION('',(0.,0.,1.));
#1819 = ADVANCED_FACE('',(#1820),#1838,.T.);
#1820 = FACE_BOUND('',#1821,.T.);
#1821 = EDGE_LOOP('',(#1822,#1823,#1824,#1832));
#1822 = ORIENTED_EDGE('',*,*,#1800,.F.);
#1823 = ORIENTED_EDGE('',*,*,#915,.T.);
#1824 = ORIENTED_EDGE('',*,*,#1825,.T.);
#1825 = EDGE_CURVE('',#908,#1826,#1828,.T.);
#1826 = VERTEX_POINT('',#1827);
#1827 = CARTESIAN_POINT('',(-6.3,17.1,7.2));
#1828 = LINE('',#1829,#1830);
#1829 = CARTESIAN_POINT('',(-6.3,17.1,-0.1));
#1830 = VECTOR('',#1831,1.);
#1831 = DIRECTION('',(0.,0.,1.));
#1832 = ORIENTED_EDGE('',*,*,#1833,.F.);
#1833 = EDGE_CURVE('',#1801,#1826,#1834,.T.);
#1834 = LINE('',#1835,#1836);
#1835 = CARTESIAN_POINT('',(-6.3,13.6,7.2));
#1836 = VECTOR('',#1837,1.);
#1837 = DIRECTION('',(-0.,1.,0.));
#1838 = PLANE('',#1839);
#1839 = AXIS2_PLACEMENT_3D('',#1840,#1841,#1842);
#1840 = CARTESIAN_POINT('',(-6.3,13.6,3.2));
#1841 = DIRECTION('',(1.,0.,-0.));
#1842 = DIRECTION('',(0.,0.,1.));
#1843 = ADVANCED_FACE('',(#1844),#1869,.F.);
#1844 = FACE_BOUND('',#1845,.F.);
#1845 = EDGE_LOOP('',(#1846,#1854,#1862,#1868));
#1846 = ORIENTED_EDGE('',*,*,#1847,.F.);
#1847 = EDGE_CURVE('',#1848,#908,#1850,.T.);
#1848 = VERTEX_POINT('',#1849);
#1849 = CARTESIAN_POINT('',(-6.3,17.1,1.3));
#1850 = LINE('',#1851,#1852);
#1851 = CARTESIAN_POINT('',(-6.3,17.1,-0.1));
#1852 = VECTOR('',#1853,1.);
#1853 = DIRECTION('',(0.,0.,1.));
#1854 = ORIENTED_EDGE('',*,*,#1855,.T.);
#1855 = EDGE_CURVE('',#1848,#1856,#1858,.T.);
#1856 = VERTEX_POINT('',#1857);
#1857 = CARTESIAN_POINT('',(-6.3,20.1,1.3));
#1858 = LINE('',#1859,#1860);
#1859 = CARTESIAN_POINT('',(-6.3,17.1,1.3));
#1860 = VECTOR('',#1861,1.);
#1861 = DIRECTION('',(-0.,1.,0.));
#1862 = ORIENTED_EDGE('',*,*,#1863,.T.);
#1863 = EDGE_CURVE('',#1856,#900,#1864,.T.);
#1864 = LINE('',#1865,#1866);
#1865 = CARTESIAN_POINT('',(-6.3,20.1,-0.1));
#1866 = VECTOR('',#1867,1.);
#1867 = DIRECTION('',(0.,0.,1.));
#1868 = ORIENTED_EDGE('',*,*,#907,.F.);
#1869 = PLANE('',#1870);
#1870 = AXIS2_PLACEMENT_3D('',#1871,#1872,#1873);
#1871 = CARTESIAN_POINT('',(-6.3,17.1,-0.1));
#1872 = DIRECTION('',(1.,0.,-0.));
#1873 = DIRECTION('',(0.,0.,1.));
#1874 = ADVANCED_FACE('',(#1875),#1900,.T.);
#1875 = FACE_BOUND('',#1876,.T.);
#1876 = EDGE_LOOP('',(#1877,#1885,#1886,#1894));
#1877 = ORIENTED_EDGE('',*,*,#1878,.F.);
#1878 = EDGE_CURVE('',#900,#1879,#1881,.T.);
#1879 = VERTEX_POINT('',#1880);
#1880 = CARTESIAN_POINT('',(-6.3,20.1,7.2));
#1881 = LINE('',#1882,#1883);
#1882 = CARTESIAN_POINT('',(-6.3,20.1,-0.1));
#1883 = VECTOR('',#1884,1.);
#1884 = DIRECTION('',(0.,0.,1.));
#1885 = ORIENTED_EDGE('',*,*,#899,.T.);
#1886 = ORIENTED_EDGE('',*,*,#1887,.T.);
#1887 = EDGE_CURVE('',#892,#1888,#1890,.T.);
#1888 = VERTEX_POINT('',#1889);
#1889 = CARTESIAN_POINT('',(-6.3,27.1,7.2));
#1890 = LINE('',#1891,#1892);
#1891 = CARTESIAN_POINT('',(-6.3,27.1,-0.1));
#1892 = VECTOR('',#1893,1.);
#1893 = DIRECTION('',(0.,0.,1.));
#1894 = ORIENTED_EDGE('',*,*,#1895,.F.);
#1895 = EDGE_CURVE('',#1879,#1888,#1896,.T.);
#1896 = LINE('',#1897,#1898);
#1897 = CARTESIAN_POINT('',(-6.3,13.6,7.2));
#1898 = VECTOR('',#1899,1.);
#1899 = DIRECTION('',(-0.,1.,0.));
#1900 = PLANE('',#1901);
#1901 = AXIS2_PLACEMENT_3D('',#1902,#1903,#1904);
#1902 = CARTESIAN_POINT('',(-6.3,13.6,3.2));
#1903 = DIRECTION('',(1.,0.,-0.));
#1904 = DIRECTION('',(0.,0.,1.));
#1905 = ADVANCED_FACE('',(#1906),#1931,.F.);
#1906 = FACE_BOUND('',#1907,.F.);
#1907 = EDGE_LOOP('',(#1908,#1916,#1924,#1930));
#1908 = ORIENTED_EDGE('',*,*,#1909,.F.);
#1909 = EDGE_CURVE('',#1910,#892,#1912,.T.);
#1910 = VERTEX_POINT('',#1911);
#1911 = CARTESIAN_POINT('',(-6.3,27.1,1.3));
#1912 = LINE('',#1913,#1914);
#1913 = CARTESIAN_POINT('',(-6.3,27.1,-0.1));
#1914 = VECTOR('',#1915,1.);
#1915 = DIRECTION('',(0.,0.,1.));
#1916 = ORIENTED_EDGE('',*,*,#1917,.T.);
#1917 = EDGE_CURVE('',#1910,#1918,#1920,.T.);
#1918 = VERTEX_POINT('',#1919);
#1919 = CARTESIAN_POINT('',(-6.3,30.1,1.3));
#1920 = LINE('',#1921,#1922);
#1921 = CARTESIAN_POINT('',(-6.3,27.1,1.3));
#1922 = VECTOR('',#1923,1.);
#1923 = DIRECTION('',(-0.,1.,0.));
#1924 = ORIENTED_EDGE('',*,*,#1925,.T.);
#1925 = EDGE_CURVE('',#1918,#884,#1926,.T.);
#1926 = LINE('',#1927,#1928);
#1927 = CARTESIAN_POINT('',(-6.3,30.1,-0.1));
#1928 = VECTOR('',#1929,1.);
#1929 = DIRECTION('',(0.,0.,1.));
#1930 = ORIENTED_EDGE('',*,*,#891,.F.);
#1931 = PLANE('',#1932);
#1932 = AXIS2_PLACEMENT_3D('',#1933,#1934,#1935);
#1933 = CARTESIAN_POINT('',(-6.3,27.1,-0.1));
#1934 = DIRECTION('',(1.,0.,-0.));
#1935 = DIRECTION('',(0.,0.,1.));
#1936 = ADVANCED_FACE('',(#1937),#1955,.T.);
#1937 = FACE_BOUND('',#1938,.T.);
#1938 = EDGE_LOOP('',(#1939,#1940,#1941,#1949));
#1939 = ORIENTED_EDGE('',*,*,#1169,.F.);
#1940 = ORIENTED_EDGE('',*,*,#867,.T.);
#1941 = ORIENTED_EDGE('',*,*,#1942,.T.);
#1942 = EDGE_CURVE('',#858,#1943,#1945,.T.);
#1943 = VERTEX_POINT('',#1944);
#1944 = CARTESIAN_POINT('',(-6.3,38.8,7.2));
#1945 = LINE('',#1946,#1947);
#1946 = CARTESIAN_POINT('',(-6.3,38.8,3.2));
#1947 = VECTOR('',#1948,1.);
#1948 = DIRECTION('',(0.,0.,1.));
#1949 = ORIENTED_EDGE('',*,*,#1950,.F.);
#1950 = EDGE_CURVE('',#1162,#1943,#1951,.T.);
#1951 = LINE('',#1952,#1953);
#1952 = CARTESIAN_POINT('',(-6.3,13.6,7.2));
#1953 = VECTOR('',#1954,1.);
#1954 = DIRECTION('',(-0.,1.,0.));
#1955 = PLANE('',#1956);
#1956 = AXIS2_PLACEMENT_3D('',#1957,#1958,#1959);
#1957 = CARTESIAN_POINT('',(-6.3,13.6,3.2));
#1958 = DIRECTION('',(1.,0.,-0.));
#1959 = DIRECTION('',(0.,0.,1.));
#1960 = ADVANCED_FACE('',(#1961),#1979,.T.);
#1961 = FACE_BOUND('',#1962,.T.);
#1962 = EDGE_LOOP('',(#1963,#1971,#1972,#1973));
#1963 = ORIENTED_EDGE('',*,*,#1964,.F.);
#1964 = EDGE_CURVE('',#1154,#1965,#1967,.T.);
#1965 = VERTEX_POINT('',#1966);
#1966 = CARTESIAN_POINT('',(-7.1,38.8,7.2));
#1967 = LINE('',#1968,#1969);
#1968 = CARTESIAN_POINT('',(-7.1,13.6,7.2));
#1969 = VECTOR('',#1970,1.);
#1970 = DIRECTION('',(-0.,1.,0.));
#1971 = ORIENTED_EDGE('',*,*,#1161,.F.);
#1972 = ORIENTED_EDGE('',*,*,#1950,.T.);
#1973 = ORIENTED_EDGE('',*,*,#1974,.F.);
#1974 = EDGE_CURVE('',#1965,#1943,#1975,.T.);
#1975 = LINE('',#1976,#1977);
#1976 = CARTESIAN_POINT('',(-7.1,38.8,7.2));
#1977 = VECTOR('',#1978,1.);
#1978 = DIRECTION('',(1.,0.,-0.));
#1979 = PLANE('',#1980);
#1980 = AXIS2_PLACEMENT_3D('',#1981,#1982,#1983);
#1981 = CARTESIAN_POINT('',(-7.1,13.6,7.2));
#1982 = DIRECTION('',(0.,0.,1.));
#1983 = DIRECTION('',(1.,0.,-0.));
#1984 = ADVANCED_FACE('',(#1985),#2003,.F.);
#1985 = FACE_BOUND('',#1986,.F.);
#1986 = EDGE_LOOP('',(#1987,#1988,#1996,#2002));
#1987 = ORIENTED_EDGE('',*,*,#1153,.F.);
#1988 = ORIENTED_EDGE('',*,*,#1989,.T.);
#1989 = EDGE_CURVE('',#1146,#1990,#1992,.T.);
#1990 = VERTEX_POINT('',#1991);
#1991 = CARTESIAN_POINT('',(-7.1,38.8,3.2));
#1992 = LINE('',#1993,#1994);
#1993 = CARTESIAN_POINT('',(-7.1,13.6,3.2));
#1994 = VECTOR('',#1995,1.);
#1995 = DIRECTION('',(-0.,1.,0.));
#1996 = ORIENTED_EDGE('',*,*,#1997,.T.);
#1997 = EDGE_CURVE('',#1990,#1965,#1998,.T.);
#1998 = LINE('',#1999,#2000);
#1999 = CARTESIAN_POINT('',(-7.1,38.8,3.2));
#2000 = VECTOR('',#2001,1.);
#2001 = DIRECTION('',(0.,0.,1.));
#2002 = ORIENTED_EDGE('',*,*,#1964,.F.);
#2003 = PLANE('',#2004);
#2004 = AXIS2_PLACEMENT_3D('',#2005,#2006,#2007);
#2005 = CARTESIAN_POINT('',(-7.1,13.6,3.2));
#2006 = DIRECTION('',(1.,0.,-0.));
#2007 = DIRECTION('',(0.,0.,1.));
#2008 = ADVANCED_FACE('',(#2009),#2027,.T.);
#2009 = FACE_BOUND('',#2010,.T.);
#2010 = EDGE_LOOP('',(#2011,#2019,#2025,#2026));
#2011 = ORIENTED_EDGE('',*,*,#2012,.F.);
#2012 = EDGE_CURVE('',#2013,#1990,#2015,.T.);
#2013 = VERTEX_POINT('',#2014);
#2014 = CARTESIAN_POINT('',(-9.,38.8,3.2));
#2015 = LINE('',#2016,#2017);
#2016 = CARTESIAN_POINT('',(-9.,38.8,3.2));
#2017 = VECTOR('',#2018,1.);
#2018 = DIRECTION('',(1.,0.,-0.));
#2019 = ORIENTED_EDGE('',*,*,#2020,.F.);
#2020 = EDGE_CURVE('',#1138,#2013,#2021,.T.);
#2021 = LINE('',#2022,#2023);
#2022 = CARTESIAN_POINT('',(-9.,12.8,3.2));
#2023 = VECTOR('',#2024,1.);
#2024 = DIRECTION('',(-0.,1.,0.));
#2025 = ORIENTED_EDGE('',*,*,#1145,.F.);
#2026 = ORIENTED_EDGE('',*,*,#1989,.T.);
#2027 = PLANE('',#2028);
#2028 = AXIS2_PLACEMENT_3D('',#2029,#2030,#2031);
#2029 = CARTESIAN_POINT('',(-9.,12.8,3.2));
#2030 = DIRECTION('',(0.,0.,1.));
#2031 = DIRECTION('',(1.,0.,-0.));
#2032 = ADVANCED_FACE('',(#2033),#2051,.F.);
#2033 = FACE_BOUND('',#2034,.F.);
#2034 = EDGE_LOOP('',(#2035,#2036,#2044,#2050));
#2035 = ORIENTED_EDGE('',*,*,#1137,.F.);
#2036 = ORIENTED_EDGE('',*,*,#2037,.T.);
#2037 = EDGE_CURVE('',#1130,#2038,#2040,.T.);
#2038 = VERTEX_POINT('',#2039);
#2039 = CARTESIAN_POINT('',(-9.,38.8,0.8));
#2040 = LINE('',#2041,#2042);
#2041 = CARTESIAN_POINT('',(-9.,12.8,0.8));
#2042 = VECTOR('',#2043,1.);
#2043 = DIRECTION('',(-0.,1.,0.));
#2044 = ORIENTED_EDGE('',*,*,#2045,.T.);
#2045 = EDGE_CURVE('',#2038,#2013,#2046,.T.);
#2046 = LINE('',#2047,#2048);
#2047 = CARTESIAN_POINT('',(-9.,38.8,0.8));
#2048 = VECTOR('',#2049,1.);
#2049 = DIRECTION('',(0.,0.,1.));
#2050 = ORIENTED_EDGE('',*,*,#2020,.F.);
#2051 = PLANE('',#2052);
#2052 = AXIS2_PLACEMENT_3D('',#2053,#2054,#2055);
#2053 = CARTESIAN_POINT('',(-9.,12.8,0.8));
#2054 = DIRECTION('',(1.,0.,-0.));
#2055 = DIRECTION('',(0.,0.,1.));
#2056 = ADVANCED_FACE('',(#2057),#2068,.T.);
#2057 = FACE_BOUND('',#2058,.T.);
#2058 = EDGE_LOOP('',(#2059,#2060,#2061,#2062));
#2059 = ORIENTED_EDGE('',*,*,#1201,.F.);
#2060 = ORIENTED_EDGE('',*,*,#1129,.F.);
#2061 = ORIENTED_EDGE('',*,*,#2037,.T.);
#2062 = ORIENTED_EDGE('',*,*,#2063,.F.);
#2063 = EDGE_CURVE('',#1194,#2038,#2064,.T.);
#2064 = LINE('',#2065,#2066);
#2065 = CARTESIAN_POINT('',(-10.,38.8,0.8));
#2066 = VECTOR('',#2067,1.);
#2067 = DIRECTION('',(1.,0.,-0.));
#2068 = PLANE('',#2069);
#2069 = AXIS2_PLACEMENT_3D('',#2070,#2071,#2072);
#2070 = CARTESIAN_POINT('',(-10.,0.,0.8));
#2071 = DIRECTION('',(0.,0.,1.));
#2072 = DIRECTION('',(1.,0.,-0.));
#2073 = ADVANCED_FACE('',(#2074),#2085,.T.);
#2074 = FACE_BOUND('',#2075,.T.);
#2075 = EDGE_LOOP('',(#2076,#2077,#2078,#2079));
#2076 = ORIENTED_EDGE('',*,*,#1580,.F.);
#2077 = ORIENTED_EDGE('',*,*,#1611,.T.);
#2078 = ORIENTED_EDGE('',*,*,#1628,.T.);
#2079 = ORIENTED_EDGE('',*,*,#2080,.F.);
#2080 = EDGE_CURVE('',#1581,#1629,#2081,.T.);
#2081 = LINE('',#2082,#2083);
#2082 = CARTESIAN_POINT('',(-10.,38.8,0.8));
#2083 = VECTOR('',#2084,1.);
#2084 = DIRECTION('',(1.,0.,-0.));
#2085 = PLANE('',#2086);
#2086 = AXIS2_PLACEMENT_3D('',#2087,#2088,#2089);
#2087 = CARTESIAN_POINT('',(-4.,32.8,0.8));
#2088 = DIRECTION('',(0.,0.,1.));
#2089 = DIRECTION('',(1.,0.,-0.));
#2090 = ADVANCED_FACE('',(#2091),#2109,.T.);
#2091 = FACE_BOUND('',#2092,.T.);
#2092 = EDGE_LOOP('',(#2093,#2094,#2095,#2103));
#2093 = ORIENTED_EDGE('',*,*,#126,.F.);
#2094 = ORIENTED_EDGE('',*,*,#47,.T.);
#2095 = ORIENTED_EDGE('',*,*,#2096,.F.);
#2096 = EDGE_CURVE('',#2097,#40,#2099,.T.);
#2097 = VERTEX_POINT('',#2098);
#2098 = CARTESIAN_POINT('',(9.,38.8,0.8));
#2099 = LINE('',#2100,#2101);
#2100 = CARTESIAN_POINT('',(-10.,38.8,0.8));
#2101 = VECTOR('',#2102,1.);
#2102 = DIRECTION('',(1.,0.,-0.));
#2103 = ORIENTED_EDGE('',*,*,#2104,.F.);
#2104 = EDGE_CURVE('',#119,#2097,#2105,.T.);
#2105 = LINE('',#2106,#2107);
#2106 = CARTESIAN_POINT('',(9.,12.8,0.8));
#2107 = VECTOR('',#2108,1.);
#2108 = DIRECTION('',(-0.,1.,0.));
#2109 = PLANE('',#2110);
#2110 = AXIS2_PLACEMENT_3D('',#2111,#2112,#2113);
#2111 = CARTESIAN_POINT('',(-10.,0.,0.8));
#2112 = DIRECTION('',(0.,0.,1.));
#2113 = DIRECTION('',(1.,0.,-0.));
#2114 = ADVANCED_FACE('',(#2115),#2133,.T.);
#2115 = FACE_BOUND('',#2116,.T.);
#2116 = EDGE_LOOP('',(#2117,#2118,#2119,#2127));
#2117 = ORIENTED_EDGE('',*,*,#118,.F.);
#2118 = ORIENTED_EDGE('',*,*,#2104,.T.);
#2119 = ORIENTED_EDGE('',*,*,#2120,.T.);
#2120 = EDGE_CURVE('',#2097,#2121,#2123,.T.);
#2121 = VERTEX_POINT('',#2122);
#2122 = CARTESIAN_POINT('',(9.,38.8,3.2));
#2123 = LINE('',#2124,#2125);
#2124 = CARTESIAN_POINT('',(9.,38.8,0.8));
#2125 = VECTOR('',#2126,1.);
#2126 = DIRECTION('',(0.,0.,1.));
#2127 = ORIENTED_EDGE('',*,*,#2128,.F.);
#2128 = EDGE_CURVE('',#111,#2121,#2129,.T.);
#2129 = LINE('',#2130,#2131);
#2130 = CARTESIAN_POINT('',(9.,12.8,3.2));
#2131 = VECTOR('',#2132,1.);
#2132 = DIRECTION('',(-0.,1.,0.));
#2133 = PLANE('',#2134);
#2134 = AXIS2_PLACEMENT_3D('',#2135,#2136,#2137);
#2135 = CARTESIAN_POINT('',(9.,12.8,0.8));
#2136 = DIRECTION('',(1.,0.,-0.));
#2137 = DIRECTION('',(0.,0.,1.));
#2138 = ADVANCED_FACE('',(#2139),#2157,.T.);
#2139 = FACE_BOUND('',#2140,.T.);
#2140 = EDGE_LOOP('',(#2141,#2149,#2150,#2151));
#2141 = ORIENTED_EDGE('',*,*,#2142,.F.);
#2142 = EDGE_CURVE('',#103,#2143,#2145,.T.);
#2143 = VERTEX_POINT('',#2144);
#2144 = CARTESIAN_POINT('',(7.1,38.8,3.2));
#2145 = LINE('',#2146,#2147);
#2146 = CARTESIAN_POINT('',(7.1,13.6,3.2));
#2147 = VECTOR('',#2148,1.);
#2148 = DIRECTION('',(-0.,1.,0.));
#2149 = ORIENTED_EDGE('',*,*,#110,.F.);
#2150 = ORIENTED_EDGE('',*,*,#2128,.T.);
#2151 = ORIENTED_EDGE('',*,*,#2152,.F.);
#2152 = EDGE_CURVE('',#2143,#2121,#2153,.T.);
#2153 = LINE('',#2154,#2155);
#2154 = CARTESIAN_POINT('',(-9.,38.8,3.2));
#2155 = VECTOR('',#2156,1.);
#2156 = DIRECTION('',(1.,0.,-0.));
#2157 = PLANE('',#2158);
#2158 = AXIS2_PLACEMENT_3D('',#2159,#2160,#2161);
#2159 = CARTESIAN_POINT('',(-9.,12.8,3.2));
#2160 = DIRECTION('',(0.,0.,1.));
#2161 = DIRECTION('',(1.,0.,-0.));
#2162 = ADVANCED_FACE('',(#2163),#2181,.T.);
#2163 = FACE_BOUND('',#2164,.T.);
#2164 = EDGE_LOOP('',(#2165,#2166,#2167,#2175));
#2165 = ORIENTED_EDGE('',*,*,#102,.F.);
#2166 = ORIENTED_EDGE('',*,*,#2142,.T.);
#2167 = ORIENTED_EDGE('',*,*,#2168,.T.);
#2168 = EDGE_CURVE('',#2143,#2169,#2171,.T.);
#2169 = VERTEX_POINT('',#2170);
#2170 = CARTESIAN_POINT('',(7.1,38.8,7.2));
#2171 = LINE('',#2172,#2173);
#2172 = CARTESIAN_POINT('',(7.1,38.8,3.2));
#2173 = VECTOR('',#2174,1.);
#2174 = DIRECTION('',(0.,0.,1.));
#2175 = ORIENTED_EDGE('',*,*,#2176,.F.);
#2176 = EDGE_CURVE('',#95,#2169,#2177,.T.);
#2177 = LINE('',#2178,#2179);
#2178 = CARTESIAN_POINT('',(7.1,13.6,7.2));
#2179 = VECTOR('',#2180,1.);
#2180 = DIRECTION('',(-0.,1.,0.));
#2181 = PLANE('',#2182);
#2182 = AXIS2_PLACEMENT_3D('',#2183,#2184,#2185);
#2183 = CARTESIAN_POINT('',(7.1,13.6,3.2));
#2184 = DIRECTION('',(1.,0.,-0.));
#2185 = DIRECTION('',(0.,0.,1.));
#2186 = ADVANCED_FACE('',(#2187),#2198,.T.);
#2187 = FACE_BOUND('',#2188,.T.);
#2188 = EDGE_LOOP('',(#2189,#2190,#2191,#2192));
#2189 = ORIENTED_EDGE('',*,*,#1661,.F.);
#2190 = ORIENTED_EDGE('',*,*,#94,.F.);
#2191 = ORIENTED_EDGE('',*,*,#2176,.T.);
#2192 = ORIENTED_EDGE('',*,*,#2193,.F.);
#2193 = EDGE_CURVE('',#1654,#2169,#2194,.T.);
#2194 = LINE('',#2195,#2196);
#2195 = CARTESIAN_POINT('',(6.3,38.8,7.2));
#2196 = VECTOR('',#2197,1.);
#2197 = DIRECTION('',(1.,0.,-0.));
#2198 = PLANE('',#2199);
#2199 = AXIS2_PLACEMENT_3D('',#2200,#2201,#2202);
#2200 = CARTESIAN_POINT('',(6.3,13.6,7.2));
#2201 = DIRECTION('',(0.,0.,1.));
#2202 = DIRECTION('',(1.,0.,-0.));
#2203 = ADVANCED_FACE('',(#2204),#2220,.F.);
#2204 = FACE_BOUND('',#2205,.F.);
#2205 = EDGE_LOOP('',(#2206,#2207,#2213,#2214));
#2206 = ORIENTED_EDGE('',*,*,#1855,.F.);
#2207 = ORIENTED_EDGE('',*,*,#2208,.T.);
#2208 = EDGE_CURVE('',#1848,#1738,#2209,.T.);
#2209 = LINE('',#2210,#2211);
#2210 = CARTESIAN_POINT('',(-9.,17.1,1.3));
#2211 = VECTOR('',#2212,1.);
#2212 = DIRECTION('',(1.,0.,-0.));
#2213 = ORIENTED_EDGE('',*,*,#1745,.T.);
#2214 = ORIENTED_EDGE('',*,*,#2215,.F.);
#2215 = EDGE_CURVE('',#1856,#1746,#2216,.T.);
#2216 = LINE('',#2217,#2218);
#2217 = CARTESIAN_POINT('',(-9.,20.1,1.3));
#2218 = VECTOR('',#2219,1.);
#2219 = DIRECTION('',(1.,0.,-0.));
#2220 = PLANE('',#2221);
#2221 = AXIS2_PLACEMENT_3D('',#2222,#2223,#2224);
#2222 = CARTESIAN_POINT('',(-9.,17.1,1.3));
#2223 = DIRECTION('',(0.,0.,1.));
#2224 = DIRECTION('',(1.,0.,-0.));
#2225 = ADVANCED_FACE('',(#2226),#2242,.F.);
#2226 = FACE_BOUND('',#2227,.F.);
#2227 = EDGE_LOOP('',(#2228,#2229,#2235,#2236));
#2228 = ORIENTED_EDGE('',*,*,#1917,.F.);
#2229 = ORIENTED_EDGE('',*,*,#2230,.T.);
#2230 = EDGE_CURVE('',#1910,#1676,#2231,.T.);
#2231 = LINE('',#2232,#2233);
#2232 = CARTESIAN_POINT('',(-9.,27.1,1.3));
#2233 = VECTOR('',#2234,1.);
#2234 = DIRECTION('',(1.,0.,-0.));
#2235 = ORIENTED_EDGE('',*,*,#1683,.T.);
#2236 = ORIENTED_EDGE('',*,*,#2237,.F.);
#2237 = EDGE_CURVE('',#1918,#1684,#2238,.T.);
#2238 = LINE('',#2239,#2240);
#2239 = CARTESIAN_POINT('',(-9.,30.1,1.3));
#2240 = VECTOR('',#2241,1.);
#2241 = DIRECTION('',(1.,0.,-0.));
#2242 = PLANE('',#2243);
#2243 = AXIS2_PLACEMENT_3D('',#2244,#2245,#2246);
#2244 = CARTESIAN_POINT('',(-9.,27.1,1.3));
#2245 = DIRECTION('',(0.,0.,1.));
#2246 = DIRECTION('',(1.,0.,-0.));
#2247 = ADVANCED_FACE('',(#2248),#2273,.T.);
#2248 = FACE_BOUND('',#2249,.T.);
#2249 = EDGE_LOOP('',(#2250,#2260,#2266,#2267));
#2250 = ORIENTED_EDGE('',*,*,#2251,.F.);
#2251 = EDGE_CURVE('',#2252,#2254,#2256,.T.);
#2252 = VERTEX_POINT('',#2253);
#2253 = CARTESIAN_POINT('',(-7.1,20.1,7.2));
#2254 = VERTEX_POINT('',#2255);
#2255 = CARTESIAN_POINT('',(-7.1,27.1,7.2));
#2256 = LINE('',#2257,#2258);
#2257 = CARTESIAN_POINT('',(-7.1,13.6,7.2));
#2258 = VECTOR('',#2259,1.);
#2259 = DIRECTION('',(-0.,1.,0.));
#2260 = ORIENTED_EDGE('',*,*,#2261,.F.);
#2261 = EDGE_CURVE('',#1879,#2252,#2262,.T.);
#2262 = LINE('',#2263,#2264);
#2263 = CARTESIAN_POINT('',(-8.05,20.1,7.2));
#2264 = VECTOR('',#2265,1.);
#2265 = DIRECTION('',(-1.,-0.,0.));
#2266 = ORIENTED_EDGE('',*,*,#1895,.T.);
#2267 = ORIENTED_EDGE('',*,*,#2268,.T.);
#2268 = EDGE_CURVE('',#1888,#2254,#2269,.T.);
#2269 = LINE('',#2270,#2271);
#2270 = CARTESIAN_POINT('',(-8.05,27.1,7.2));
#2271 = VECTOR('',#2272,1.);
#2272 = DIRECTION('',(-1.,-0.,0.));
#2273 = PLANE('',#2274);
#2274 = AXIS2_PLACEMENT_3D('',#2275,#2276,#2277);
#2275 = CARTESIAN_POINT('',(-7.1,13.6,7.2));
#2276 = DIRECTION('',(0.,0.,1.));
#2277 = DIRECTION('',(1.,0.,-0.));
#2278 = ADVANCED_FACE('',(#2279),#2295,.F.);
#2279 = FACE_BOUND('',#2280,.F.);
#2280 = EDGE_LOOP('',(#2281,#2287,#2288,#2294));
#2281 = ORIENTED_EDGE('',*,*,#2282,.F.);
#2282 = EDGE_CURVE('',#1369,#2252,#2283,.T.);
#2283 = LINE('',#2284,#2285);
#2284 = CARTESIAN_POINT('',(-7.1,20.1,1.55));
#2285 = VECTOR('',#2286,1.);
#2286 = DIRECTION('',(0.,0.,1.));
#2287 = ORIENTED_EDGE('',*,*,#1376,.T.);
#2288 = ORIENTED_EDGE('',*,*,#2289,.T.);
#2289 = EDGE_CURVE('',#1360,#2254,#2290,.T.);
#2290 = LINE('',#2291,#2292);
#2291 = CARTESIAN_POINT('',(-7.1,27.1,1.55));
#2292 = VECTOR('',#2293,1.);
#2293 = DIRECTION('',(0.,0.,1.));
#2294 = ORIENTED_EDGE('',*,*,#2251,.F.);
#2295 = PLANE('',#2296);
#2296 = AXIS2_PLACEMENT_3D('',#2297,#2298,#2299);
#2297 = CARTESIAN_POINT('',(-7.1,13.6,3.2));
#2298 = DIRECTION('',(1.,0.,-0.));
#2299 = DIRECTION('',(0.,0.,1.));
#2300 = ADVANCED_FACE('',(#2301),#2326,.T.);
#2301 = FACE_BOUND('',#2302,.T.);
#2302 = EDGE_LOOP('',(#2303,#2311,#2312,#2320));
#2303 = ORIENTED_EDGE('',*,*,#2304,.F.);
#2304 = EDGE_CURVE('',#1453,#2305,#2307,.T.);
#2305 = VERTEX_POINT('',#2306);
#2306 = CARTESIAN_POINT('',(7.1,20.1,7.2));
#2307 = LINE('',#2308,#2309);
#2308 = CARTESIAN_POINT('',(7.1,20.1,1.55));
#2309 = VECTOR('',#2310,1.);
#2310 = DIRECTION('',(0.,0.,1.));
#2311 = ORIENTED_EDGE('',*,*,#1452,.T.);
#2312 = ORIENTED_EDGE('',*,*,#2313,.T.);
#2313 = EDGE_CURVE('',#1455,#2314,#2316,.T.);
#2314 = VERTEX_POINT('',#2315);
#2315 = CARTESIAN_POINT('',(7.1,27.1,7.2));
#2316 = LINE('',#2317,#2318);
#2317 = CARTESIAN_POINT('',(7.1,27.1,1.55));
#2318 = VECTOR('',#2319,1.);
#2319 = DIRECTION('',(0.,0.,1.));
#2320 = ORIENTED_EDGE('',*,*,#2321,.F.);
#2321 = EDGE_CURVE('',#2305,#2314,#2322,.T.);
#2322 = LINE('',#2323,#2324);
#2323 = CARTESIAN_POINT('',(7.1,13.6,7.2));
#2324 = VECTOR('',#2325,1.);
#2325 = DIRECTION('',(-0.,1.,0.));
#2326 = PLANE('',#2327);
#2327 = AXIS2_PLACEMENT_3D('',#2328,#2329,#2330);
#2328 = CARTESIAN_POINT('',(7.1,13.6,3.2));
#2329 = DIRECTION('',(1.,0.,-0.));
#2330 = DIRECTION('',(0.,0.,1.));
#2331 = ADVANCED_FACE('',(#2332),#2348,.T.);
#2332 = FACE_BOUND('',#2333,.T.);
#2333 = EDGE_LOOP('',(#2334,#2335,#2341,#2342));
#2334 = ORIENTED_EDGE('',*,*,#1723,.F.);
#2335 = ORIENTED_EDGE('',*,*,#2336,.F.);
#2336 = EDGE_CURVE('',#2305,#1707,#2337,.T.);
#2337 = LINE('',#2338,#2339);
#2338 = CARTESIAN_POINT('',(6.3,20.1,7.2));
#2339 = VECTOR('',#2340,1.);
#2340 = DIRECTION('',(-1.,-0.,0.));
#2341 = ORIENTED_EDGE('',*,*,#2321,.T.);
#2342 = ORIENTED_EDGE('',*,*,#2343,.T.);
#2343 = EDGE_CURVE('',#2314,#1716,#2344,.T.);
#2344 = LINE('',#2345,#2346);
#2345 = CARTESIAN_POINT('',(6.3,27.1,7.2));
#2346 = VECTOR('',#2347,1.);
#2347 = DIRECTION('',(-1.,-0.,0.));
#2348 = PLANE('',#2349);
#2349 = AXIS2_PLACEMENT_3D('',#2350,#2351,#2352);
#2350 = CARTESIAN_POINT('',(6.3,13.6,7.2));
#2351 = DIRECTION('',(0.,0.,1.));
#2352 = DIRECTION('',(1.,0.,-0.));
#2353 = ADVANCED_FACE('',(#2354),#2383,.T.);
#2354 = FACE_BOUND('',#2355,.T.);
#2355 = EDGE_LOOP('',(#2356,#2366,#2372,#2373,#2374,#2375,#2376,#2377));
#2356 = ORIENTED_EDGE('',*,*,#2357,.T.);
#2357 = EDGE_CURVE('',#2358,#2360,#2362,.T.);
#2358 = VERTEX_POINT('',#2359);
#2359 = CARTESIAN_POINT('',(-10.,0.,0.));
#2360 = VERTEX_POINT('',#2361);
#2361 = CARTESIAN_POINT('',(-10.,0.,11.2));
#2362 = LINE('',#2363,#2364);
#2363 = CARTESIAN_POINT('',(-10.,0.,0.));
#2364 = VECTOR('',#2365,1.);
#2365 = DIRECTION('',(0.,0.,1.));
#2366 = ORIENTED_EDGE('',*,*,#2367,.T.);
#2367 = EDGE_CURVE('',#2360,#1234,#2368,.T.);
#2368 = LINE('',#2369,#2370);
#2369 = CARTESIAN_POINT('',(-10.,0.,11.2));
#2370 = VECTOR('',#2371,1.);
#2371 = DIRECTION('',(-0.,1.,0.));
#2372 = ORIENTED_EDGE('',*,*,#1233,.F.);
#2373 = ORIENTED_EDGE('',*,*,#386,.F.);
#2374 = ORIENTED_EDGE('',*,*,#150,.F.);
#2375 = ORIENTED_EDGE('',*,*,#180,.T.);
#2376 = ORIENTED_EDGE('',*,*,#325,.F.);
#2377 = ORIENTED_EDGE('',*,*,#2378,.F.);
#2378 = EDGE_CURVE('',#2358,#318,#2379,.T.);
#2379 = LINE('',#2380,#2381);
#2380 = CARTESIAN_POINT('',(-10.,0.,0.));
#2381 = VECTOR('',#2382,1.);
#2382 = DIRECTION('',(-0.,1.,0.));
#2383 = PLANE('',#2384);
#2384 = AXIS2_PLACEMENT_3D('',#2385,#2386,#2387);
#2385 = CARTESIAN_POINT('',(-10.,15.867224287485,6.070384138786));
#2386 = DIRECTION('',(-1.,-0.,-0.));
#2387 = DIRECTION('',(0.,0.,-1.));
#2388 = ADVANCED_FACE('',(#2389),#2414,.T.);
#2389 = FACE_BOUND('',#2390,.T.);
#2390 = EDGE_LOOP('',(#2391,#2399,#2407,#2413));
#2391 = ORIENTED_EDGE('',*,*,#2392,.T.);
#2392 = EDGE_CURVE('',#2358,#2393,#2395,.T.);
#2393 = VERTEX_POINT('',#2394);
#2394 = CARTESIAN_POINT('',(10.,0.,0.));
#2395 = LINE('',#2396,#2397);
#2396 = CARTESIAN_POINT('',(-10.,0.,0.));
#2397 = VECTOR('',#2398,1.);
#2398 = DIRECTION('',(1.,0.,-0.));
#2399 = ORIENTED_EDGE('',*,*,#2400,.T.);
#2400 = EDGE_CURVE('',#2393,#2401,#2403,.T.);
#2401 = VERTEX_POINT('',#2402);
#2402 = CARTESIAN_POINT('',(10.,0.,11.2));
#2403 = LINE('',#2404,#2405);
#2404 = CARTESIAN_POINT('',(10.,0.,0.));
#2405 = VECTOR('',#2406,1.);
#2406 = DIRECTION('',(0.,0.,1.));
#2407 = ORIENTED_EDGE('',*,*,#2408,.F.);
#2408 = EDGE_CURVE('',#2360,#2401,#2409,.T.);
#2409 = LINE('',#2410,#2411);
#2410 = CARTESIAN_POINT('',(-10.,0.,11.2));
#2411 = VECTOR('',#2412,1.);
#2412 = DIRECTION('',(1.,0.,-0.));
#2413 = ORIENTED_EDGE('',*,*,#2357,.F.);
#2414 = PLANE('',#2415);
#2415 = AXIS2_PLACEMENT_3D('',#2416,#2417,#2418);
#2416 = CARTESIAN_POINT('',(0.,0.,5.6));
#2417 = DIRECTION('',(-0.,-1.,-0.));
#2418 = DIRECTION('',(0.,0.,-1.));
#2419 = ADVANCED_FACE('',(#2420,#2444,#2460),#2476,.F.);
#2420 = FACE_BOUND('',#2421,.T.);
#2421 = EDGE_LOOP('',(#2422,#2423,#2424,#2425,#2426,#2427,#2433,#2434,
    #2435,#2436,#2437,#2443));
#2422 = ORIENTED_EDGE('',*,*,#2378,.T.);
#2423 = ORIENTED_EDGE('',*,*,#317,.F.);
#2424 = ORIENTED_EDGE('',*,*,#827,.T.);
#2425 = ORIENTED_EDGE('',*,*,#1113,.T.);
#2426 = ORIENTED_EDGE('',*,*,#1185,.T.);
#2427 = ORIENTED_EDGE('',*,*,#2428,.T.);
#2428 = EDGE_CURVE('',#1186,#32,#2429,.T.);
#2429 = LINE('',#2430,#2431);
#2430 = CARTESIAN_POINT('',(-10.,38.8,0.));
#2431 = VECTOR('',#2432,1.);
#2432 = DIRECTION('',(1.,0.,-0.));
#2433 = ORIENTED_EDGE('',*,*,#31,.F.);
#2434 = ORIENTED_EDGE('',*,*,#62,.T.);
#2435 = ORIENTED_EDGE('',*,*,#1216,.F.);
#2436 = ORIENTED_EDGE('',*,*,#762,.F.);
#2437 = ORIENTED_EDGE('',*,*,#2438,.F.);
#2438 = EDGE_CURVE('',#2393,#755,#2439,.T.);
#2439 = LINE('',#2440,#2441);
#2440 = CARTESIAN_POINT('',(10.,0.,0.));
#2441 = VECTOR('',#2442,1.);
#2442 = DIRECTION('',(-0.,1.,0.));
#2443 = ORIENTED_EDGE('',*,*,#2392,.F.);
#2444 = FACE_BOUND('',#2445,.F.);
#2445 = EDGE_LOOP('',(#2446,#2447,#2453,#2454));
#2446 = ORIENTED_EDGE('',*,*,#546,.T.);
#2447 = ORIENTED_EDGE('',*,*,#2448,.F.);
#2448 = EDGE_CURVE('',#640,#547,#2449,.T.);
#2449 = LINE('',#2450,#2451);
#2450 = CARTESIAN_POINT('',(-1.85,20.1,0.));
#2451 = VECTOR('',#2452,1.);
#2452 = DIRECTION('',(-1.,-0.,0.));
#2453 = ORIENTED_EDGE('',*,*,#639,.F.);
#2454 = ORIENTED_EDGE('',*,*,#2455,.T.);
#2455 = EDGE_CURVE('',#632,#539,#2456,.T.);
#2456 = LINE('',#2457,#2458);
#2457 = CARTESIAN_POINT('',(-9.5,17.1,0.));
#2458 = VECTOR('',#2459,1.);
#2459 = DIRECTION('',(-1.,-0.,0.));
#2460 = FACE_BOUND('',#2461,.F.);
#2461 = EDGE_LOOP('',(#2462,#2463,#2469,#2470));
#2462 = ORIENTED_EDGE('',*,*,#484,.T.);
#2463 = ORIENTED_EDGE('',*,*,#2464,.F.);
#2464 = EDGE_CURVE('',#702,#485,#2465,.T.);
#2465 = LINE('',#2466,#2467);
#2466 = CARTESIAN_POINT('',(-1.85,30.1,0.));
#2467 = VECTOR('',#2468,1.);
#2468 = DIRECTION('',(-1.,-0.,0.));
#2469 = ORIENTED_EDGE('',*,*,#701,.F.);
#2470 = ORIENTED_EDGE('',*,*,#2471,.T.);
#2471 = EDGE_CURVE('',#694,#477,#2472,.T.);
#2472 = LINE('',#2473,#2474);
#2473 = CARTESIAN_POINT('',(-9.5,27.1,0.));
#2474 = VECTOR('',#2475,1.);
#2475 = DIRECTION('',(-1.,-0.,0.));
#2476 = PLANE('',#2477);
#2477 = AXIS2_PLACEMENT_3D('',#2478,#2479,#2480);
#2478 = CARTESIAN_POINT('',(-10.,0.,0.));
#2479 = DIRECTION('',(0.,0.,1.));
#2480 = DIRECTION('',(1.,0.,-0.));
#2481 = ADVANCED_FACE('',(#2482),#2497,.T.);
#2482 = FACE_BOUND('',#2483,.T.);
#2483 = EDGE_LOOP('',(#2484,#2485,#2486,#2487,#2488,#2489,#2490,#2491));
#2484 = ORIENTED_EDGE('',*,*,#2400,.F.);
#2485 = ORIENTED_EDGE('',*,*,#2438,.T.);
#2486 = ORIENTED_EDGE('',*,*,#754,.T.);
#2487 = ORIENTED_EDGE('',*,*,#189,.F.);
#2488 = ORIENTED_EDGE('',*,*,#166,.T.);
#2489 = ORIENTED_EDGE('',*,*,#395,.T.);
#2490 = ORIENTED_EDGE('',*,*,#1249,.T.);
#2491 = ORIENTED_EDGE('',*,*,#2492,.F.);
#2492 = EDGE_CURVE('',#2401,#1242,#2493,.T.);
#2493 = LINE('',#2494,#2495);
#2494 = CARTESIAN_POINT('',(10.,0.,11.2));
#2495 = VECTOR('',#2496,1.);
#2496 = DIRECTION('',(-0.,1.,0.));
#2497 = PLANE('',#2498);
#2498 = AXIS2_PLACEMENT_3D('',#2499,#2500,#2501);
#2499 = CARTESIAN_POINT('',(10.,15.867224287485,6.070384138786));
#2500 = DIRECTION('',(1.,0.,0.));
#2501 = DIRECTION('',(-0.,0.,1.));
#2502 = ADVANCED_FACE('',(#2503,#2509),#2515,.T.);
#2503 = FACE_BOUND('',#2504,.T.);
#2504 = EDGE_LOOP('',(#2505,#2506,#2507,#2508));
#2505 = ORIENTED_EDGE('',*,*,#2367,.F.);
#2506 = ORIENTED_EDGE('',*,*,#2408,.T.);
#2507 = ORIENTED_EDGE('',*,*,#2492,.T.);
#2508 = ORIENTED_EDGE('',*,*,#1241,.F.);
#2509 = FACE_BOUND('',#2510,.T.);
#2510 = EDGE_LOOP('',(#2511,#2512,#2513,#2514));
#2511 = ORIENTED_EDGE('',*,*,#1280,.T.);
#2512 = ORIENTED_EDGE('',*,*,#1345,.T.);
#2513 = ORIENTED_EDGE('',*,*,#1328,.F.);
#2514 = ORIENTED_EDGE('',*,*,#1304,.F.);
#2515 = PLANE('',#2516);
#2516 = AXIS2_PLACEMENT_3D('',#2517,#2518,#2519);
#2517 = CARTESIAN_POINT('',(-10.,0.,11.2));
#2518 = DIRECTION('',(0.,0.,1.));
#2519 = DIRECTION('',(1.,0.,-0.));
#2520 = ADVANCED_FACE('',(#2521),#2550,.T.);
#2521 = FACE_BOUND('',#2522,.T.);
#2522 = EDGE_LOOP('',(#2523,#2524,#2525,#2526,#2534,#2542,#2548,#2549));
#2523 = ORIENTED_EDGE('',*,*,#245,.T.);
#2524 = ORIENTED_EDGE('',*,*,#599,.T.);
#2525 = ORIENTED_EDGE('',*,*,#1431,.F.);
#2526 = ORIENTED_EDGE('',*,*,#2527,.T.);
#2527 = EDGE_CURVE('',#1422,#2528,#2530,.T.);
#2528 = VERTEX_POINT('',#2529);
#2529 = CARTESIAN_POINT('',(7.1,12.8,7.2));
#2530 = LINE('',#2531,#2532);
#2531 = CARTESIAN_POINT('',(7.1,12.8,3.2));
#2532 = VECTOR('',#2533,1.);
#2533 = DIRECTION('',(0.,0.,1.));
#2534 = ORIENTED_EDGE('',*,*,#2535,.F.);
#2535 = EDGE_CURVE('',#2536,#2528,#2538,.T.);
#2536 = VERTEX_POINT('',#2537);
#2537 = CARTESIAN_POINT('',(-7.1,12.8,7.2));
#2538 = LINE('',#2539,#2540);
#2539 = CARTESIAN_POINT('',(-7.1,12.8,7.2));
#2540 = VECTOR('',#2541,1.);
#2541 = DIRECTION('',(1.,0.,-0.));
#2542 = ORIENTED_EDGE('',*,*,#2543,.F.);
#2543 = EDGE_CURVE('',#1400,#2536,#2544,.T.);
#2544 = LINE('',#2545,#2546);
#2545 = CARTESIAN_POINT('',(-7.1,12.8,3.2));
#2546 = VECTOR('',#2547,1.);
#2547 = DIRECTION('',(0.,0.,1.));
#2548 = ORIENTED_EDGE('',*,*,#1399,.F.);
#2549 = ORIENTED_EDGE('',*,*,#568,.F.);
#2550 = PLANE('',#2551);
#2551 = AXIS2_PLACEMENT_3D('',#2552,#2553,#2554);
#2552 = CARTESIAN_POINT('',(-1.45603019623E-16,12.8,3.688524590164));
#2553 = DIRECTION('',(-0.,-1.,-0.));
#2554 = DIRECTION('',(0.,0.,-1.));
#2555 = ADVANCED_FACE('',(#2556),#2590,.T.);
#2556 = FACE_BOUND('',#2557,.T.);
#2557 = EDGE_LOOP('',(#2558,#2566,#2567,#2575,#2581,#2582,#2583,#2584));
#2558 = ORIENTED_EDGE('',*,*,#2559,.F.);
#2559 = EDGE_CURVE('',#2536,#2560,#2562,.T.);
#2560 = VERTEX_POINT('',#2561);
#2561 = CARTESIAN_POINT('',(-7.1,17.1,7.2));
#2562 = LINE('',#2563,#2564);
#2563 = CARTESIAN_POINT('',(-7.1,13.6,7.2));
#2564 = VECTOR('',#2565,1.);
#2565 = DIRECTION('',(-0.,1.,0.));
#2566 = ORIENTED_EDGE('',*,*,#2535,.T.);
#2567 = ORIENTED_EDGE('',*,*,#2568,.T.);
#2568 = EDGE_CURVE('',#2528,#2569,#2571,.T.);
#2569 = VERTEX_POINT('',#2570);
#2570 = CARTESIAN_POINT('',(7.1,17.1,7.2));
#2571 = LINE('',#2572,#2573);
#2572 = CARTESIAN_POINT('',(7.1,12.8,7.2));
#2573 = VECTOR('',#2574,1.);
#2574 = DIRECTION('',(-0.,1.,0.));
#2575 = ORIENTED_EDGE('',*,*,#2576,.T.);
#2576 = EDGE_CURVE('',#2569,#1778,#2577,.T.);
#2577 = LINE('',#2578,#2579);
#2578 = CARTESIAN_POINT('',(6.3,17.1,7.2));
#2579 = VECTOR('',#2580,1.);
#2580 = DIRECTION('',(-1.,-0.,0.));
#2581 = ORIENTED_EDGE('',*,*,#1785,.F.);
#2582 = ORIENTED_EDGE('',*,*,#1808,.F.);
#2583 = ORIENTED_EDGE('',*,*,#1833,.T.);
#2584 = ORIENTED_EDGE('',*,*,#2585,.T.);
#2585 = EDGE_CURVE('',#1826,#2560,#2586,.T.);
#2586 = LINE('',#2587,#2588);
#2587 = CARTESIAN_POINT('',(-8.05,17.1,7.2));
#2588 = VECTOR('',#2589,1.);
#2589 = DIRECTION('',(-1.,-0.,0.));
#2590 = PLANE('',#2591);
#2591 = AXIS2_PLACEMENT_3D('',#2592,#2593,#2594);
#2592 = CARTESIAN_POINT('',(1.312081756375E-16,14.011363636364,7.2));
#2593 = DIRECTION('',(0.,0.,1.));
#2594 = DIRECTION('',(1.,0.,-0.));
#2595 = ADVANCED_FACE('',(#2596),#2607,.T.);
#2596 = FACE_BOUND('',#2597,.T.);
#2597 = EDGE_LOOP('',(#2598,#2599,#2605,#2606));
#2598 = ORIENTED_EDGE('',*,*,#2559,.T.);
#2599 = ORIENTED_EDGE('',*,*,#2600,.F.);
#2600 = EDGE_CURVE('',#1391,#2560,#2601,.T.);
#2601 = LINE('',#2602,#2603);
#2602 = CARTESIAN_POINT('',(-7.1,17.1,1.55));
#2603 = VECTOR('',#2604,1.);
#2604 = DIRECTION('',(0.,0.,1.));
#2605 = ORIENTED_EDGE('',*,*,#1407,.F.);
#2606 = ORIENTED_EDGE('',*,*,#2543,.T.);
#2607 = PLANE('',#2608);
#2608 = AXIS2_PLACEMENT_3D('',#2609,#2610,#2611);
#2609 = CARTESIAN_POINT('',(-7.1,14.95,5.2));
#2610 = DIRECTION('',(-1.,-0.,-0.));
#2611 = DIRECTION('',(0.,0.,-1.));
#2612 = ADVANCED_FACE('',(#2613),#2635,.T.);
#2613 = FACE_BOUND('',#2614,.T.);
#2614 = EDGE_LOOP('',(#2615,#2616,#2617,#2618,#2619,#2620,#2621,#2622,
    #2623,#2624,#2625,#2626,#2627,#2628,#2629,#2630,#2631,#2632,#2633,
    #2634));
#2615 = ORIENTED_EDGE('',*,*,#2428,.F.);
#2616 = ORIENTED_EDGE('',*,*,#1193,.T.);
#2617 = ORIENTED_EDGE('',*,*,#2063,.T.);
#2618 = ORIENTED_EDGE('',*,*,#2045,.T.);
#2619 = ORIENTED_EDGE('',*,*,#2012,.T.);
#2620 = ORIENTED_EDGE('',*,*,#1997,.T.);
#2621 = ORIENTED_EDGE('',*,*,#1974,.T.);
#2622 = ORIENTED_EDGE('',*,*,#1942,.F.);
#2623 = ORIENTED_EDGE('',*,*,#857,.T.);
#2624 = ORIENTED_EDGE('',*,*,#1588,.T.);
#2625 = ORIENTED_EDGE('',*,*,#2080,.T.);
#2626 = ORIENTED_EDGE('',*,*,#1636,.F.);
#2627 = ORIENTED_EDGE('',*,*,#985,.T.);
#2628 = ORIENTED_EDGE('',*,*,#1653,.T.);
#2629 = ORIENTED_EDGE('',*,*,#2193,.T.);
#2630 = ORIENTED_EDGE('',*,*,#2168,.F.);
#2631 = ORIENTED_EDGE('',*,*,#2152,.T.);
#2632 = ORIENTED_EDGE('',*,*,#2120,.F.);
#2633 = ORIENTED_EDGE('',*,*,#2096,.T.);
#2634 = ORIENTED_EDGE('',*,*,#39,.F.);
#2635 = PLANE('',#2636);
#2636 = AXIS2_PLACEMENT_3D('',#2637,#2638,#2639);
#2637 = CARTESIAN_POINT('',(-1.057355261548E-16,38.8,2.22380952381));
#2638 = DIRECTION('',(0.,1.,0.));
#2639 = DIRECTION('',(0.,-0.,1.));
#2640 = ADVANCED_FACE('',(#2641),#2664,.T.);
#2641 = FACE_BOUND('',#2642,.T.);
#2642 = EDGE_LOOP('',(#2643,#2644,#2645,#2646,#2647,#2648,#2649,#2650,
    #2651,#2652,#2653,#2654,#2655,#2661,#2662,#2663));
#2643 = ORIENTED_EDGE('',*,*,#2455,.T.);
#2644 = ORIENTED_EDGE('',*,*,#538,.T.);
#2645 = ORIENTED_EDGE('',*,*,#577,.T.);
#2646 = ORIENTED_EDGE('',*,*,#1390,.F.);
#2647 = ORIENTED_EDGE('',*,*,#2600,.T.);
#2648 = ORIENTED_EDGE('',*,*,#2585,.F.);
#2649 = ORIENTED_EDGE('',*,*,#1825,.F.);
#2650 = ORIENTED_EDGE('',*,*,#1847,.F.);
#2651 = ORIENTED_EDGE('',*,*,#2208,.T.);
#2652 = ORIENTED_EDGE('',*,*,#1737,.T.);
#2653 = ORIENTED_EDGE('',*,*,#1777,.T.);
#2654 = ORIENTED_EDGE('',*,*,#2576,.F.);
#2655 = ORIENTED_EDGE('',*,*,#2656,.F.);
#2656 = EDGE_CURVE('',#1424,#2569,#2657,.T.);
#2657 = LINE('',#2658,#2659);
#2658 = CARTESIAN_POINT('',(7.1,17.1,1.55));
#2659 = VECTOR('',#2660,1.);
#2660 = DIRECTION('',(0.,0.,1.));
#2661 = ORIENTED_EDGE('',*,*,#1438,.F.);
#2662 = ORIENTED_EDGE('',*,*,#608,.F.);
#2663 = ORIENTED_EDGE('',*,*,#631,.F.);
#2664 = PLANE('',#2665);
#2665 = AXIS2_PLACEMENT_3D('',#2666,#2667,#2668);
#2666 = CARTESIAN_POINT('',(3.427054995627E-16,17.1,2.283762057878));
#2667 = DIRECTION('',(0.,1.,0.));
#2668 = DIRECTION('',(0.,-0.,1.));
#2669 = ADVANCED_FACE('',(#2670),#2688,.T.);
#2670 = FACE_BOUND('',#2671,.T.);
#2671 = EDGE_LOOP('',(#2672,#2673,#2674,#2675,#2676,#2677,#2678,#2679,
    #2680,#2681,#2682,#2683,#2684,#2685,#2686,#2687));
#2672 = ORIENTED_EDGE('',*,*,#2448,.F.);
#2673 = ORIENTED_EDGE('',*,*,#647,.T.);
#2674 = ORIENTED_EDGE('',*,*,#661,.T.);
#2675 = ORIENTED_EDGE('',*,*,#1462,.T.);
#2676 = ORIENTED_EDGE('',*,*,#2304,.T.);
#2677 = ORIENTED_EDGE('',*,*,#2336,.T.);
#2678 = ORIENTED_EDGE('',*,*,#1706,.F.);
#2679 = ORIENTED_EDGE('',*,*,#1753,.F.);
#2680 = ORIENTED_EDGE('',*,*,#2215,.F.);
#2681 = ORIENTED_EDGE('',*,*,#1863,.T.);
#2682 = ORIENTED_EDGE('',*,*,#1878,.T.);
#2683 = ORIENTED_EDGE('',*,*,#2261,.T.);
#2684 = ORIENTED_EDGE('',*,*,#2282,.F.);
#2685 = ORIENTED_EDGE('',*,*,#1368,.T.);
#2686 = ORIENTED_EDGE('',*,*,#506,.F.);
#2687 = ORIENTED_EDGE('',*,*,#554,.F.);
#2688 = PLANE('',#2689);
#2689 = AXIS2_PLACEMENT_3D('',#2690,#2691,#2692);
#2690 = CARTESIAN_POINT('',(1.142351665209E-16,20.1,2.283762057878));
#2691 = DIRECTION('',(-0.,-1.,-0.));
#2692 = DIRECTION('',(0.,0.,-1.));
#2693 = ADVANCED_FACE('',(#2694),#2712,.T.);
#2694 = FACE_BOUND('',#2695,.T.);
#2695 = EDGE_LOOP('',(#2696,#2697,#2698,#2699,#2700,#2701,#2702,#2703,
    #2704,#2705,#2706,#2707,#2708,#2709,#2710,#2711));
#2696 = ORIENTED_EDGE('',*,*,#2471,.T.);
#2697 = ORIENTED_EDGE('',*,*,#476,.T.);
#2698 = ORIENTED_EDGE('',*,*,#515,.T.);
#2699 = ORIENTED_EDGE('',*,*,#1359,.F.);
#2700 = ORIENTED_EDGE('',*,*,#2289,.T.);
#2701 = ORIENTED_EDGE('',*,*,#2268,.F.);
#2702 = ORIENTED_EDGE('',*,*,#1887,.F.);
#2703 = ORIENTED_EDGE('',*,*,#1909,.F.);
#2704 = ORIENTED_EDGE('',*,*,#2230,.T.);
#2705 = ORIENTED_EDGE('',*,*,#1675,.T.);
#2706 = ORIENTED_EDGE('',*,*,#1715,.T.);
#2707 = ORIENTED_EDGE('',*,*,#2343,.F.);
#2708 = ORIENTED_EDGE('',*,*,#2313,.F.);
#2709 = ORIENTED_EDGE('',*,*,#1469,.F.);
#2710 = ORIENTED_EDGE('',*,*,#670,.F.);
#2711 = ORIENTED_EDGE('',*,*,#693,.F.);
#2712 = PLANE('',#2713);
#2713 = AXIS2_PLACEMENT_3D('',#2714,#2715,#2716);
#2714 = CARTESIAN_POINT('',(3.427054995627E-16,27.1,2.283762057878));
#2715 = DIRECTION('',(0.,1.,0.));
#2716 = DIRECTION('',(0.,-0.,1.));
#2717 = ADVANCED_FACE('',(#2718),#2736,.T.);
#2718 = FACE_BOUND('',#2719,.T.);
#2719 = EDGE_LOOP('',(#2720,#2721,#2722,#2723,#2724,#2725,#2726,#2727,
    #2728,#2729,#2730,#2731,#2732,#2733,#2734,#2735));
#2720 = ORIENTED_EDGE('',*,*,#2464,.F.);
#2721 = ORIENTED_EDGE('',*,*,#709,.T.);
#2722 = ORIENTED_EDGE('',*,*,#723,.T.);
#2723 = ORIENTED_EDGE('',*,*,#1491,.T.);
#2724 = ORIENTED_EDGE('',*,*,#1507,.T.);
#2725 = ORIENTED_EDGE('',*,*,#1539,.T.);
#2726 = ORIENTED_EDGE('',*,*,#1555,.F.);
#2727 = ORIENTED_EDGE('',*,*,#1691,.F.);
#2728 = ORIENTED_EDGE('',*,*,#2237,.F.);
#2729 = ORIENTED_EDGE('',*,*,#1925,.T.);
#2730 = ORIENTED_EDGE('',*,*,#1023,.T.);
#2731 = ORIENTED_EDGE('',*,*,#1055,.T.);
#2732 = ORIENTED_EDGE('',*,*,#1071,.F.);
#2733 = ORIENTED_EDGE('',*,*,#1097,.T.);
#2734 = ORIENTED_EDGE('',*,*,#451,.F.);
#2735 = ORIENTED_EDGE('',*,*,#492,.F.);
#2736 = PLANE('',#2737);
#2737 = AXIS2_PLACEMENT_3D('',#2738,#2739,#2740);
#2738 = CARTESIAN_POINT('',(1.142351665209E-16,30.1,2.283762057878));
#2739 = DIRECTION('',(-0.,-1.,-0.));
#2740 = DIRECTION('',(0.,0.,-1.));
#2741 = ADVANCED_FACE('',(#2742),#2748,.T.);
#2742 = FACE_BOUND('',#2743,.T.);
#2743 = EDGE_LOOP('',(#2744,#2745,#2746,#2747));
#2744 = ORIENTED_EDGE('',*,*,#2527,.F.);
#2745 = ORIENTED_EDGE('',*,*,#1421,.T.);
#2746 = ORIENTED_EDGE('',*,*,#2656,.T.);
#2747 = ORIENTED_EDGE('',*,*,#2568,.F.);
#2748 = PLANE('',#2749);
#2749 = AXIS2_PLACEMENT_3D('',#2750,#2751,#2752);
#2750 = CARTESIAN_POINT('',(7.1,14.95,5.2));
#2751 = DIRECTION('',(1.,0.,0.));
#2752 = DIRECTION('',(-0.,0.,1.));
#2753 = ( GEOMETRIC_REPRESENTATION_CONTEXT(3) 
GLOBAL_UNCERTAINTY_ASSIGNED_CONTEXT((#2757)) 
GLOBAL_UNIT_ASSIGNED_CONTEXT((#2754,#2755,#2756)) REPRESENTATION_CONTEXT
('Context #1','3D Context with UNIT and UNCERTAINTY') );
#2754 = ( LENGTH_UNIT() NAMED_UNIT(*) SI_UNIT(.MILLI.,.METRE.) );
#2755 = ( NAMED_UNIT(*) PLANE_ANGLE_UNIT() SI_UNIT($,.RADIAN.) );
#2756 = ( NAMED_UNIT(*) SI_UNIT($,.STERADIAN.) SOLID_ANGLE_UNIT() );
#2757 = UNCERTAINTY_MEASURE_WITH_UNIT(LENGTH_MEASURE(2.E-07),#2754,
  'distance_accuracy_value','confusion accuracy');
#2758 = PRODUCT_RELATED_PRODUCT_CATEGORY('part',$,(#7));
ENDSEC;
END-ISO-10303-21;
