ISO-10303-21;
HEADER;
FILE_DESCRIPTION(('FreeCAD Model'),'2;1');
FILE_NAME('Open CASCADE Shape Model','2026-09-28T06:52:45',('FreeCAD'),(
    'FreeCAD'),'Open CASCADE STEP processor 7.8','FreeCAD','Unknown');
FILE_SCHEMA(('AUTOMOTIVE_DESIGN { 1 0 10303 214 1 1 1 1 }'));
ENDSEC;
DATA;
#1 = APPLICATION_PROTOCOL_DEFINITION('international standard',
  'automotive_design',2000,#2);
#2 = APPLICATION_CONTEXT(
  'core data for automotive mechanical design processes');
#3 = SHAPE_DEFINITION_REPRESENTATION(#4,#10);
#4 = PRODUCT_DEFINITION_SHAPE('','',#5);
#5 = PRODUCT_DEFINITION('design','',#6,#9);
#6 = PRODUCT_DEFINITION_FORMATION('','',#7);
#7 = PRODUCT('Open CASCADE STEP translator 7.8 1',
  'Open CASCADE STEP translator 7.8 1','',(#8));
#8 = PRODUCT_CONTEXT('',#2,'mechanical');
#9 = PRODUCT_DEFINITION_CONTEXT('part definition',#2,'design');
#10 = ADVANCED_BREP_SHAPE_REPRESENTATION('',(#11,#15),#4947);
#11 = AXIS2_PLACEMENT_3D('',#12,#13,#14);
#12 = CARTESIAN_POINT('',(0.,0.,0.));
#13 = DIRECTION('',(0.,0.,1.));
#14 = DIRECTION('',(1.,0.,-0.));
#15 = MANIFOLD_SOLID_BREP('',#16);
#16 = CLOSED_SHELL('',(#17,#57,#88,#119,#161,#192,#217,#268,#587,#618,
    #642,#666,#690,#714,#738,#762,#786,#810,#834,#858,#882,#906,#930,
    #954,#978,#1002,#1026,#1050,#1074,#1098,#1122,#1146,#1170,#1194,
    #1218,#1242,#1266,#1290,#1378,#1418,#1449,#1480,#1502,#1743,#1774,
    #1798,#1822,#1839,#1870,#1894,#1918,#1935,#1966,#1990,#2014,#2031,
    #2062,#2086,#2110,#2127,#2158,#2182,#2206,#2223,#2254,#2278,#2302,
    #2319,#2343,#2367,#2391,#2415,#2478,#2971,#3002,#3026,#3050,#3067,
    #3098,#3122,#3146,#3163,#3194,#3218,#3242,#3259,#3290,#3314,#3338,
    #3355,#3386,#3410,#3434,#3451,#3482,#3506,#3530,#3547,#3578,#3602,
    #3626,#3643,#3674,#3698,#3722,#3739,#3770,#3794,#3818,#3835,#3866,
    #3890,#3914,#3931,#3962,#3986,#4010,#4027,#4058,#4082,#4106,#4123,
    #4154,#4178,#4202,#4219,#4250,#4274,#4298,#4315,#4354,#4483,#4500,
    #4531,#4571,#4602,#4624,#4666,#4697,#4722,#4752,#4782,#4812,#4829,
    #4846,#4905,#4917,#4932));
#17 = ADVANCED_FACE('',(#18),#52,.F.);
#18 = FACE_BOUND('',#19,.F.);
#19 = EDGE_LOOP('',(#20,#30,#38,#46));
#20 = ORIENTED_EDGE('',*,*,#21,.T.);
#21 = EDGE_CURVE('',#22,#24,#26,.T.);
#22 = VERTEX_POINT('',#23);
#23 = CARTESIAN_POINT('',(102.5,70.,23.7));
#24 = VERTEX_POINT('',#25);
#25 = CARTESIAN_POINT('',(95.5,70.,23.7));
#26 = LINE('',#27,#28);
#27 = CARTESIAN_POINT('',(95.5,70.,23.7));
#28 = VECTOR('',#29,1.);
#29 = DIRECTION('',(-1.,-0.,0.));
#30 = ORIENTED_EDGE('',*,*,#31,.T.);
#31 = EDGE_CURVE('',#24,#32,#34,.T.);
#32 = VERTEX_POINT('',#33);
#33 = CARTESIAN_POINT('',(95.5,70.,27.3));
#34 = LINE('',#35,#36);
#35 = CARTESIAN_POINT('',(95.5,70.,18.7));
#36 = VECTOR('',#37,1.);
#37 = DIRECTION('',(0.,0.,1.));
#38 = ORIENTED_EDGE('',*,*,#39,.F.);
#39 = EDGE_CURVE('',#40,#32,#42,.T.);
#40 = VERTEX_POINT('',#41);
#41 = CARTESIAN_POINT('',(102.5,70.,27.3));
#42 = LINE('',#43,#44);
#43 = CARTESIAN_POINT('',(95.5,70.,27.3));
#44 = VECTOR('',#45,1.);
#45 = DIRECTION('',(-1.,-0.,0.));
#46 = ORIENTED_EDGE('',*,*,#47,.F.);
#47 = EDGE_CURVE('',#22,#40,#48,.T.);
#48 = LINE('',#49,#50);
#49 = CARTESIAN_POINT('',(102.5,70.,18.7));
#50 = VECTOR('',#51,1.);
#51 = DIRECTION('',(0.,0.,1.));
#52 = PLANE('',#53);
#53 = AXIS2_PLACEMENT_3D('',#54,#55,#56);
#54 = CARTESIAN_POINT('',(95.5,70.,18.7));
#55 = DIRECTION('',(-0.,1.,0.));
#56 = DIRECTION('',(0.,0.,1.));
#57 = ADVANCED_FACE('',(#58),#83,.T.);
#58 = FACE_BOUND('',#59,.T.);
#59 = EDGE_LOOP('',(#60,#68,#76,#82));
#60 = ORIENTED_EDGE('',*,*,#61,.F.);
#61 = EDGE_CURVE('',#62,#24,#64,.T.);
#62 = VERTEX_POINT('',#63);
#63 = CARTESIAN_POINT('',(95.5,65.3,23.7));
#64 = LINE('',#65,#66);
#65 = CARTESIAN_POINT('',(95.5,65.3,23.7));
#66 = VECTOR('',#67,1.);
#67 = DIRECTION('',(-0.,1.,0.));
#68 = ORIENTED_EDGE('',*,*,#69,.T.);
#69 = EDGE_CURVE('',#62,#70,#72,.T.);
#70 = VERTEX_POINT('',#71);
#71 = CARTESIAN_POINT('',(102.5,65.3,23.7));
#72 = LINE('',#73,#74);
#73 = CARTESIAN_POINT('',(95.5,65.3,23.7));
#74 = VECTOR('',#75,1.);
#75 = DIRECTION('',(1.,0.,-0.));
#76 = ORIENTED_EDGE('',*,*,#77,.T.);
#77 = EDGE_CURVE('',#70,#22,#78,.T.);
#78 = LINE('',#79,#80);
#79 = CARTESIAN_POINT('',(102.5,65.3,23.7));
#80 = VECTOR('',#81,1.);
#81 = DIRECTION('',(-0.,1.,0.));
#82 = ORIENTED_EDGE('',*,*,#21,.T.);
#83 = PLANE('',#84);
#84 = AXIS2_PLACEMENT_3D('',#85,#86,#87);
#85 = CARTESIAN_POINT('',(95.5,65.3,23.7));
#86 = DIRECTION('',(0.,0.,1.));
#87 = DIRECTION('',(1.,0.,-0.));
#88 = ADVANCED_FACE('',(#89),#114,.F.);
#89 = FACE_BOUND('',#90,.F.);
#90 = EDGE_LOOP('',(#91,#101,#107,#108));
#91 = ORIENTED_EDGE('',*,*,#92,.F.);
#92 = EDGE_CURVE('',#93,#95,#97,.T.);
#93 = VERTEX_POINT('',#94);
#94 = CARTESIAN_POINT('',(95.5,65.3,18.7));
#95 = VERTEX_POINT('',#96);
#96 = CARTESIAN_POINT('',(102.5,65.3,18.7));
#97 = LINE('',#98,#99);
#98 = CARTESIAN_POINT('',(95.5,65.3,18.7));
#99 = VECTOR('',#100,1.);
#100 = DIRECTION('',(1.,0.,-0.));
#101 = ORIENTED_EDGE('',*,*,#102,.T.);
#102 = EDGE_CURVE('',#93,#62,#103,.T.);
#103 = LINE('',#104,#105);
#104 = CARTESIAN_POINT('',(95.5,65.3,18.7));
#105 = VECTOR('',#106,1.);
#106 = DIRECTION('',(0.,0.,1.));
#107 = ORIENTED_EDGE('',*,*,#69,.T.);
#108 = ORIENTED_EDGE('',*,*,#109,.F.);
#109 = EDGE_CURVE('',#95,#70,#110,.T.);
#110 = LINE('',#111,#112);
#111 = CARTESIAN_POINT('',(102.5,65.3,18.7));
#112 = VECTOR('',#113,1.);
#113 = DIRECTION('',(0.,0.,1.));
#114 = PLANE('',#115);
#115 = AXIS2_PLACEMENT_3D('',#116,#117,#118);
#116 = CARTESIAN_POINT('',(95.5,65.3,18.7));
#117 = DIRECTION('',(-0.,1.,0.));
#118 = DIRECTION('',(0.,0.,1.));
#119 = ADVANCED_FACE('',(#120,#145),#156,.F.);
#120 = FACE_BOUND('',#121,.F.);
#121 = EDGE_LOOP('',(#122,#130,#138,#144));
#122 = ORIENTED_EDGE('',*,*,#123,.F.);
#123 = EDGE_CURVE('',#124,#32,#126,.T.);
#124 = VERTEX_POINT('',#125);
#125 = CARTESIAN_POINT('',(95.5,65.3,27.3));
#126 = LINE('',#127,#128);
#127 = CARTESIAN_POINT('',(95.5,65.3,27.3));
#128 = VECTOR('',#129,1.);
#129 = DIRECTION('',(-0.,1.,0.));
#130 = ORIENTED_EDGE('',*,*,#131,.T.);
#131 = EDGE_CURVE('',#124,#132,#134,.T.);
#132 = VERTEX_POINT('',#133);
#133 = CARTESIAN_POINT('',(102.5,65.3,27.3));
#134 = LINE('',#135,#136);
#135 = CARTESIAN_POINT('',(95.5,65.3,27.3));
#136 = VECTOR('',#137,1.);
#137 = DIRECTION('',(1.,0.,-0.));
#138 = ORIENTED_EDGE('',*,*,#139,.T.);
#139 = EDGE_CURVE('',#132,#40,#140,.T.);
#140 = LINE('',#141,#142);
#141 = CARTESIAN_POINT('',(102.5,65.3,27.3));
#142 = VECTOR('',#143,1.);
#143 = DIRECTION('',(-0.,1.,0.));
#144 = ORIENTED_EDGE('',*,*,#39,.T.);
#145 = FACE_BOUND('',#146,.F.);
#146 = EDGE_LOOP('',(#147));
#147 = ORIENTED_EDGE('',*,*,#148,.T.);
#148 = EDGE_CURVE('',#149,#149,#151,.T.);
#149 = VERTEX_POINT('',#150);
#150 = CARTESIAN_POINT('',(97.7,68.5,27.3));
#151 = CIRCLE('',#152,1.3);
#152 = AXIS2_PLACEMENT_3D('',#153,#154,#155);
#153 = CARTESIAN_POINT('',(99.,68.5,27.3));
#154 = DIRECTION('',(0.,0.,-1.));
#155 = DIRECTION('',(-1.,0.,-0.));
#156 = PLANE('',#157);
#157 = AXIS2_PLACEMENT_3D('',#158,#159,#160);
#158 = CARTESIAN_POINT('',(95.5,65.3,27.3));
#159 = DIRECTION('',(0.,0.,1.));
#160 = DIRECTION('',(1.,0.,-0.));
#161 = ADVANCED_FACE('',(#162),#187,.F.);
#162 = FACE_BOUND('',#163,.F.);
#163 = EDGE_LOOP('',(#164,#165,#173,#181));
#164 = ORIENTED_EDGE('',*,*,#131,.F.);
#165 = ORIENTED_EDGE('',*,*,#166,.T.);
#166 = EDGE_CURVE('',#124,#167,#169,.T.);
#167 = VERTEX_POINT('',#168);
#168 = CARTESIAN_POINT('',(95.5,65.3,32.3));
#169 = LINE('',#170,#171);
#170 = CARTESIAN_POINT('',(95.5,65.3,27.3));
#171 = VECTOR('',#172,1.);
#172 = DIRECTION('',(0.,0.,1.));
#173 = ORIENTED_EDGE('',*,*,#174,.T.);
#174 = EDGE_CURVE('',#167,#175,#177,.T.);
#175 = VERTEX_POINT('',#176);
#176 = CARTESIAN_POINT('',(102.5,65.3,32.3));
#177 = LINE('',#178,#179);
#178 = CARTESIAN_POINT('',(95.5,65.3,32.3));
#179 = VECTOR('',#180,1.);
#180 = DIRECTION('',(1.,0.,-0.));
#181 = ORIENTED_EDGE('',*,*,#182,.F.);
#182 = EDGE_CURVE('',#132,#175,#183,.T.);
#183 = LINE('',#184,#185);
#184 = CARTESIAN_POINT('',(102.5,65.3,27.3));
#185 = VECTOR('',#186,1.);
#186 = DIRECTION('',(0.,0.,1.));
#187 = PLANE('',#188);
#188 = AXIS2_PLACEMENT_3D('',#189,#190,#191);
#189 = CARTESIAN_POINT('',(95.5,65.3,27.3));
#190 = DIRECTION('',(-0.,1.,0.));
#191 = DIRECTION('',(0.,0.,1.));
#192 = ADVANCED_FACE('',(#193),#212,.F.);
#193 = FACE_BOUND('',#194,.F.);
#194 = EDGE_LOOP('',(#195,#196,#204,#211));
#195 = ORIENTED_EDGE('',*,*,#148,.F.);
#196 = ORIENTED_EDGE('',*,*,#197,.F.);
#197 = EDGE_CURVE('',#198,#149,#200,.T.);
#198 = VERTEX_POINT('',#199);
#199 = CARTESIAN_POINT('',(97.7,68.5,32.3));
#200 = LINE('',#201,#202);
#201 = CARTESIAN_POINT('',(97.7,68.5,32.4));
#202 = VECTOR('',#203,1.);
#203 = DIRECTION('',(0.,0.,-1.));
#204 = ORIENTED_EDGE('',*,*,#205,.T.);
#205 = EDGE_CURVE('',#198,#198,#206,.T.);
#206 = CIRCLE('',#207,1.3);
#207 = AXIS2_PLACEMENT_3D('',#208,#209,#210);
#208 = CARTESIAN_POINT('',(99.,68.5,32.3));
#209 = DIRECTION('',(0.,0.,-1.));
#210 = DIRECTION('',(-1.,0.,-0.));
#211 = ORIENTED_EDGE('',*,*,#197,.T.);
#212 = CYLINDRICAL_SURFACE('',#213,1.3);
#213 = AXIS2_PLACEMENT_3D('',#214,#215,#216);
#214 = CARTESIAN_POINT('',(99.,68.5,32.4));
#215 = DIRECTION('',(0.,0.,-1.));
#216 = DIRECTION('',(-1.,0.,-0.));
#217 = ADVANCED_FACE('',(#218),#263,.T.);
#218 = FACE_BOUND('',#219,.T.);
#219 = EDGE_LOOP('',(#220,#230,#236,#237,#238,#239,#240,#241,#249,#257)
  );
#220 = ORIENTED_EDGE('',*,*,#221,.T.);
#221 = EDGE_CURVE('',#222,#224,#226,.T.);
#222 = VERTEX_POINT('',#223);
#223 = CARTESIAN_POINT('',(102.5,73.,23.));
#224 = VERTEX_POINT('',#225);
#225 = CARTESIAN_POINT('',(102.5,73.,32.3));
#226 = LINE('',#227,#228);
#227 = CARTESIAN_POINT('',(102.5,73.,18.7));
#228 = VECTOR('',#229,1.);
#229 = DIRECTION('',(0.,0.,1.));
#230 = ORIENTED_EDGE('',*,*,#231,.F.);
#231 = EDGE_CURVE('',#175,#224,#232,.T.);
#232 = LINE('',#233,#234);
#233 = CARTESIAN_POINT('',(102.5,65.3,32.3));
#234 = VECTOR('',#235,1.);
#235 = DIRECTION('',(-0.,1.,0.));
#236 = ORIENTED_EDGE('',*,*,#182,.F.);
#237 = ORIENTED_EDGE('',*,*,#139,.T.);
#238 = ORIENTED_EDGE('',*,*,#47,.F.);
#239 = ORIENTED_EDGE('',*,*,#77,.F.);
#240 = ORIENTED_EDGE('',*,*,#109,.F.);
#241 = ORIENTED_EDGE('',*,*,#242,.T.);
#242 = EDGE_CURVE('',#95,#243,#245,.T.);
#243 = VERTEX_POINT('',#244);
#244 = CARTESIAN_POINT('',(102.5,72.,18.7));
#245 = LINE('',#246,#247);
#246 = CARTESIAN_POINT('',(102.5,65.3,18.7));
#247 = VECTOR('',#248,1.);
#248 = DIRECTION('',(-0.,1.,0.));
#249 = ORIENTED_EDGE('',*,*,#250,.F.);
#250 = EDGE_CURVE('',#251,#243,#253,.T.);
#251 = VERTEX_POINT('',#252);
#252 = CARTESIAN_POINT('',(102.5,72.,23.));
#253 = LINE('',#254,#255);
#254 = CARTESIAN_POINT('',(102.5,72.,13.35));
#255 = VECTOR('',#256,1.);
#256 = DIRECTION('',(-0.,0.,-1.));
#257 = ORIENTED_EDGE('',*,*,#258,.T.);
#258 = EDGE_CURVE('',#251,#222,#259,.T.);
#259 = LINE('',#260,#261);
#260 = CARTESIAN_POINT('',(102.5,71.,23.));
#261 = VECTOR('',#262,1.);
#262 = DIRECTION('',(-0.,1.,0.));
#263 = PLANE('',#264);
#264 = AXIS2_PLACEMENT_3D('',#265,#266,#267);
#265 = CARTESIAN_POINT('',(102.5,69.121538461538,25.582692307692));
#266 = DIRECTION('',(1.,0.,0.));
#267 = DIRECTION('',(-0.,0.,1.));
#268 = ADVANCED_FACE('',(#269),#582,.T.);
#269 = FACE_BOUND('',#270,.T.);
#270 = EDGE_LOOP('',(#271,#281,#289,#297,#305,#313,#321,#329,#337,#343,
    #344,#352,#360,#368,#376,#384,#392,#400,#408,#416,#424,#432,#440,
    #448,#456,#464,#472,#480,#488,#496,#504,#512,#520,#528,#536,#544,
    #552,#560,#568,#576));
#271 = ORIENTED_EDGE('',*,*,#272,.F.);
#272 = EDGE_CURVE('',#273,#275,#277,.T.);
#273 = VERTEX_POINT('',#274);
#274 = CARTESIAN_POINT('',(0.,106.,23.));
#275 = VERTEX_POINT('',#276);
#276 = CARTESIAN_POINT('',(9.7,106.,23.));
#277 = LINE('',#278,#279);
#278 = CARTESIAN_POINT('',(0.,106.,23.));
#279 = VECTOR('',#280,1.);
#280 = DIRECTION('',(1.,0.,-0.));
#281 = ORIENTED_EDGE('',*,*,#282,.F.);
#282 = EDGE_CURVE('',#283,#273,#285,.T.);
#283 = VERTEX_POINT('',#284);
#284 = CARTESIAN_POINT('',(0.,72.,23.));
#285 = LINE('',#286,#287);
#286 = CARTESIAN_POINT('',(0.,72.,23.));
#287 = VECTOR('',#288,1.);
#288 = DIRECTION('',(-0.,1.,0.));
#289 = ORIENTED_EDGE('',*,*,#290,.T.);
#290 = EDGE_CURVE('',#283,#291,#293,.T.);
#291 = VERTEX_POINT('',#292);
#292 = CARTESIAN_POINT('',(73.5,72.,23.));
#293 = LINE('',#294,#295);
#294 = CARTESIAN_POINT('',(0.,72.,23.));
#295 = VECTOR('',#296,1.);
#296 = DIRECTION('',(1.,0.,-0.));
#297 = ORIENTED_EDGE('',*,*,#298,.T.);
#298 = EDGE_CURVE('',#291,#299,#301,.T.);
#299 = VERTEX_POINT('',#300);
#300 = CARTESIAN_POINT('',(73.5,73.,23.));
#301 = LINE('',#302,#303);
#302 = CARTESIAN_POINT('',(73.5,71.,23.));
#303 = VECTOR('',#304,1.);
#304 = DIRECTION('',(-0.,1.,0.));
#305 = ORIENTED_EDGE('',*,*,#306,.F.);
#306 = EDGE_CURVE('',#307,#299,#309,.T.);
#307 = VERTEX_POINT('',#308);
#308 = CARTESIAN_POINT('',(80.5,73.,23.));
#309 = LINE('',#310,#311);
#310 = CARTESIAN_POINT('',(36.75,73.,23.));
#311 = VECTOR('',#312,1.);
#312 = DIRECTION('',(-1.,-0.,0.));
#313 = ORIENTED_EDGE('',*,*,#314,.F.);
#314 = EDGE_CURVE('',#315,#307,#317,.T.);
#315 = VERTEX_POINT('',#316);
#316 = CARTESIAN_POINT('',(80.5,72.,23.));
#317 = LINE('',#318,#319);
#318 = CARTESIAN_POINT('',(80.5,71.,23.));
#319 = VECTOR('',#320,1.);
#320 = DIRECTION('',(-0.,1.,0.));
#321 = ORIENTED_EDGE('',*,*,#322,.T.);
#322 = EDGE_CURVE('',#315,#323,#325,.T.);
#323 = VERTEX_POINT('',#324);
#324 = CARTESIAN_POINT('',(95.5,72.,23.));
#325 = LINE('',#326,#327);
#326 = CARTESIAN_POINT('',(0.,72.,23.));
#327 = VECTOR('',#328,1.);
#328 = DIRECTION('',(1.,0.,-0.));
#329 = ORIENTED_EDGE('',*,*,#330,.T.);
#330 = EDGE_CURVE('',#323,#331,#333,.T.);
#331 = VERTEX_POINT('',#332);
#332 = CARTESIAN_POINT('',(95.5,73.,23.));
#333 = LINE('',#334,#335);
#334 = CARTESIAN_POINT('',(95.5,71.,23.));
#335 = VECTOR('',#336,1.);
#336 = DIRECTION('',(-0.,1.,0.));
#337 = ORIENTED_EDGE('',*,*,#338,.F.);
#338 = EDGE_CURVE('',#222,#331,#339,.T.);
#339 = LINE('',#340,#341);
#340 = CARTESIAN_POINT('',(47.75,73.,23.));
#341 = VECTOR('',#342,1.);
#342 = DIRECTION('',(-1.,-0.,0.));
#343 = ORIENTED_EDGE('',*,*,#258,.F.);
#344 = ORIENTED_EDGE('',*,*,#345,.T.);
#345 = EDGE_CURVE('',#251,#346,#348,.T.);
#346 = VERTEX_POINT('',#347);
#347 = CARTESIAN_POINT('',(180.,72.,23.));
#348 = LINE('',#349,#350);
#349 = CARTESIAN_POINT('',(0.,72.,23.));
#350 = VECTOR('',#351,1.);
#351 = DIRECTION('',(1.,0.,-0.));
#352 = ORIENTED_EDGE('',*,*,#353,.T.);
#353 = EDGE_CURVE('',#346,#354,#356,.T.);
#354 = VERTEX_POINT('',#355);
#355 = CARTESIAN_POINT('',(180.,106.,23.));
#356 = LINE('',#357,#358);
#357 = CARTESIAN_POINT('',(180.,72.,23.));
#358 = VECTOR('',#359,1.);
#359 = DIRECTION('',(-0.,1.,0.));
#360 = ORIENTED_EDGE('',*,*,#361,.F.);
#361 = EDGE_CURVE('',#362,#354,#364,.T.);
#362 = VERTEX_POINT('',#363);
#363 = CARTESIAN_POINT('',(172.3,106.,23.));
#364 = LINE('',#365,#366);
#365 = CARTESIAN_POINT('',(0.,106.,23.));
#366 = VECTOR('',#367,1.);
#367 = DIRECTION('',(1.,0.,-0.));
#368 = ORIENTED_EDGE('',*,*,#369,.F.);
#369 = EDGE_CURVE('',#370,#362,#372,.T.);
#370 = VERTEX_POINT('',#371);
#371 = CARTESIAN_POINT('',(172.3,75.,23.));
#372 = LINE('',#373,#374);
#373 = CARTESIAN_POINT('',(172.3,73.5,23.));
#374 = VECTOR('',#375,1.);
#375 = DIRECTION('',(-0.,1.,0.));
#376 = ORIENTED_EDGE('',*,*,#377,.T.);
#377 = EDGE_CURVE('',#370,#378,#380,.T.);
#378 = VERTEX_POINT('',#379);
#379 = CARTESIAN_POINT('',(151.7,75.,23.));
#380 = LINE('',#381,#382);
#381 = CARTESIAN_POINT('',(75.85,75.,23.));
#382 = VECTOR('',#383,1.);
#383 = DIRECTION('',(-1.,-0.,0.));
#384 = ORIENTED_EDGE('',*,*,#385,.T.);
#385 = EDGE_CURVE('',#378,#386,#388,.T.);
#386 = VERTEX_POINT('',#387);
#387 = CARTESIAN_POINT('',(151.7,106.,23.));
#388 = LINE('',#389,#390);
#389 = CARTESIAN_POINT('',(151.7,73.5,23.));
#390 = VECTOR('',#391,1.);
#391 = DIRECTION('',(-0.,1.,0.));
#392 = ORIENTED_EDGE('',*,*,#393,.F.);
#393 = EDGE_CURVE('',#394,#386,#396,.T.);
#394 = VERTEX_POINT('',#395);
#395 = CARTESIAN_POINT('',(150.3,106.,23.));
#396 = LINE('',#397,#398);
#397 = CARTESIAN_POINT('',(0.,106.,23.));
#398 = VECTOR('',#399,1.);
#399 = DIRECTION('',(1.,0.,-0.));
#400 = ORIENTED_EDGE('',*,*,#401,.F.);
#401 = EDGE_CURVE('',#402,#394,#404,.T.);
#402 = VERTEX_POINT('',#403);
#403 = CARTESIAN_POINT('',(150.3,75.,23.));
#404 = LINE('',#405,#406);
#405 = CARTESIAN_POINT('',(150.3,73.5,23.));
#406 = VECTOR('',#407,1.);
#407 = DIRECTION('',(-0.,1.,0.));
#408 = ORIENTED_EDGE('',*,*,#409,.T.);
#409 = EDGE_CURVE('',#402,#410,#412,.T.);
#410 = VERTEX_POINT('',#411);
#411 = CARTESIAN_POINT('',(129.7,75.,23.));
#412 = LINE('',#413,#414);
#413 = CARTESIAN_POINT('',(64.85,75.,23.));
#414 = VECTOR('',#415,1.);
#415 = DIRECTION('',(-1.,-0.,0.));
#416 = ORIENTED_EDGE('',*,*,#417,.T.);
#417 = EDGE_CURVE('',#410,#418,#420,.T.);
#418 = VERTEX_POINT('',#419);
#419 = CARTESIAN_POINT('',(129.7,106.,23.));
#420 = LINE('',#421,#422);
#421 = CARTESIAN_POINT('',(129.7,73.5,23.));
#422 = VECTOR('',#423,1.);
#423 = DIRECTION('',(-0.,1.,0.));
#424 = ORIENTED_EDGE('',*,*,#425,.F.);
#425 = EDGE_CURVE('',#426,#418,#428,.T.);
#426 = VERTEX_POINT('',#427);
#427 = CARTESIAN_POINT('',(124.3,106.,23.));
#428 = LINE('',#429,#430);
#429 = CARTESIAN_POINT('',(0.,106.,23.));
#430 = VECTOR('',#431,1.);
#431 = DIRECTION('',(1.,0.,-0.));
#432 = ORIENTED_EDGE('',*,*,#433,.F.);
#433 = EDGE_CURVE('',#434,#426,#436,.T.);
#434 = VERTEX_POINT('',#435);
#435 = CARTESIAN_POINT('',(124.3,75.,23.));
#436 = LINE('',#437,#438);
#437 = CARTESIAN_POINT('',(124.3,73.5,23.));
#438 = VECTOR('',#439,1.);
#439 = DIRECTION('',(-0.,1.,0.));
#440 = ORIENTED_EDGE('',*,*,#441,.T.);
#441 = EDGE_CURVE('',#434,#442,#444,.T.);
#442 = VERTEX_POINT('',#443);
#443 = CARTESIAN_POINT('',(103.7,75.,23.));
#444 = LINE('',#445,#446);
#445 = CARTESIAN_POINT('',(51.85,75.,23.));
#446 = VECTOR('',#447,1.);
#447 = DIRECTION('',(-1.,-0.,0.));
#448 = ORIENTED_EDGE('',*,*,#449,.T.);
#449 = EDGE_CURVE('',#442,#450,#452,.T.);
#450 = VERTEX_POINT('',#451);
#451 = CARTESIAN_POINT('',(103.7,106.,23.));
#452 = LINE('',#453,#454);
#453 = CARTESIAN_POINT('',(103.7,73.5,23.));
#454 = VECTOR('',#455,1.);
#455 = DIRECTION('',(-0.,1.,0.));
#456 = ORIENTED_EDGE('',*,*,#457,.F.);
#457 = EDGE_CURVE('',#458,#450,#460,.T.);
#458 = VERTEX_POINT('',#459);
#459 = CARTESIAN_POINT('',(98.3,106.,23.));
#460 = LINE('',#461,#462);
#461 = CARTESIAN_POINT('',(0.,106.,23.));
#462 = VECTOR('',#463,1.);
#463 = DIRECTION('',(1.,0.,-0.));
#464 = ORIENTED_EDGE('',*,*,#465,.F.);
#465 = EDGE_CURVE('',#466,#458,#468,.T.);
#466 = VERTEX_POINT('',#467);
#467 = CARTESIAN_POINT('',(98.3,75.,23.));
#468 = LINE('',#469,#470);
#469 = CARTESIAN_POINT('',(98.3,73.5,23.));
#470 = VECTOR('',#471,1.);
#471 = DIRECTION('',(-0.,1.,0.));
#472 = ORIENTED_EDGE('',*,*,#473,.T.);
#473 = EDGE_CURVE('',#466,#474,#476,.T.);
#474 = VERTEX_POINT('',#475);
#475 = CARTESIAN_POINT('',(77.7,75.,23.));
#476 = LINE('',#477,#478);
#477 = CARTESIAN_POINT('',(38.85,75.,23.));
#478 = VECTOR('',#479,1.);
#479 = DIRECTION('',(-1.,-0.,0.));
#480 = ORIENTED_EDGE('',*,*,#481,.T.);
#481 = EDGE_CURVE('',#474,#482,#484,.T.);
#482 = VERTEX_POINT('',#483);
#483 = CARTESIAN_POINT('',(77.7,106.,23.));
#484 = LINE('',#485,#486);
#485 = CARTESIAN_POINT('',(77.7,73.5,23.));
#486 = VECTOR('',#487,1.);
#487 = DIRECTION('',(-0.,1.,0.));
#488 = ORIENTED_EDGE('',*,*,#489,.F.);
#489 = EDGE_CURVE('',#490,#482,#492,.T.);
#490 = VERTEX_POINT('',#491);
#491 = CARTESIAN_POINT('',(74.3,106.,23.));
#492 = LINE('',#493,#494);
#493 = CARTESIAN_POINT('',(0.,106.,23.));
#494 = VECTOR('',#495,1.);
#495 = DIRECTION('',(1.,0.,-0.));
#496 = ORIENTED_EDGE('',*,*,#497,.F.);
#497 = EDGE_CURVE('',#498,#490,#500,.T.);
#498 = VERTEX_POINT('',#499);
#499 = CARTESIAN_POINT('',(74.3,75.,23.));
#500 = LINE('',#501,#502);
#501 = CARTESIAN_POINT('',(74.3,73.5,23.));
#502 = VECTOR('',#503,1.);
#503 = DIRECTION('',(-0.,1.,0.));
#504 = ORIENTED_EDGE('',*,*,#505,.T.);
#505 = EDGE_CURVE('',#498,#506,#508,.T.);
#506 = VERTEX_POINT('',#507);
#507 = CARTESIAN_POINT('',(53.7,75.,23.));
#508 = LINE('',#509,#510);
#509 = CARTESIAN_POINT('',(26.85,75.,23.));
#510 = VECTOR('',#511,1.);
#511 = DIRECTION('',(-1.,-0.,0.));
#512 = ORIENTED_EDGE('',*,*,#513,.T.);
#513 = EDGE_CURVE('',#506,#514,#516,.T.);
#514 = VERTEX_POINT('',#515);
#515 = CARTESIAN_POINT('',(53.7,106.,23.));
#516 = LINE('',#517,#518);
#517 = CARTESIAN_POINT('',(53.7,73.5,23.));
#518 = VECTOR('',#519,1.);
#519 = DIRECTION('',(-0.,1.,0.));
#520 = ORIENTED_EDGE('',*,*,#521,.F.);
#521 = EDGE_CURVE('',#522,#514,#524,.T.);
#522 = VERTEX_POINT('',#523);
#523 = CARTESIAN_POINT('',(52.3,106.,23.));
#524 = LINE('',#525,#526);
#525 = CARTESIAN_POINT('',(0.,106.,23.));
#526 = VECTOR('',#527,1.);
#527 = DIRECTION('',(1.,0.,-0.));
#528 = ORIENTED_EDGE('',*,*,#529,.F.);
#529 = EDGE_CURVE('',#530,#522,#532,.T.);
#530 = VERTEX_POINT('',#531);
#531 = CARTESIAN_POINT('',(52.3,75.,23.));
#532 = LINE('',#533,#534);
#533 = CARTESIAN_POINT('',(52.3,73.5,23.));
#534 = VECTOR('',#535,1.);
#535 = DIRECTION('',(-0.,1.,0.));
#536 = ORIENTED_EDGE('',*,*,#537,.T.);
#537 = EDGE_CURVE('',#530,#538,#540,.T.);
#538 = VERTEX_POINT('',#539);
#539 = CARTESIAN_POINT('',(31.7,75.,23.));
#540 = LINE('',#541,#542);
#541 = CARTESIAN_POINT('',(15.85,75.,23.));
#542 = VECTOR('',#543,1.);
#543 = DIRECTION('',(-1.,-0.,0.));
#544 = ORIENTED_EDGE('',*,*,#545,.T.);
#545 = EDGE_CURVE('',#538,#546,#548,.T.);
#546 = VERTEX_POINT('',#547);
#547 = CARTESIAN_POINT('',(31.7,106.,23.));
#548 = LINE('',#549,#550);
#549 = CARTESIAN_POINT('',(31.7,73.5,23.));
#550 = VECTOR('',#551,1.);
#551 = DIRECTION('',(-0.,1.,0.));
#552 = ORIENTED_EDGE('',*,*,#553,.F.);
#553 = EDGE_CURVE('',#554,#546,#556,.T.);
#554 = VERTEX_POINT('',#555);
#555 = CARTESIAN_POINT('',(30.3,106.,23.));
#556 = LINE('',#557,#558);
#557 = CARTESIAN_POINT('',(0.,106.,23.));
#558 = VECTOR('',#559,1.);
#559 = DIRECTION('',(1.,0.,-0.));
#560 = ORIENTED_EDGE('',*,*,#561,.F.);
#561 = EDGE_CURVE('',#562,#554,#564,.T.);
#562 = VERTEX_POINT('',#563);
#563 = CARTESIAN_POINT('',(30.3,75.,23.));
#564 = LINE('',#565,#566);
#565 = CARTESIAN_POINT('',(30.3,73.5,23.));
#566 = VECTOR('',#567,1.);
#567 = DIRECTION('',(-0.,1.,0.));
#568 = ORIENTED_EDGE('',*,*,#569,.T.);
#569 = EDGE_CURVE('',#562,#570,#572,.T.);
#570 = VERTEX_POINT('',#571);
#571 = CARTESIAN_POINT('',(9.7,75.,23.));
#572 = LINE('',#573,#574);
#573 = CARTESIAN_POINT('',(4.85,75.,23.));
#574 = VECTOR('',#575,1.);
#575 = DIRECTION('',(-1.,-0.,0.));
#576 = ORIENTED_EDGE('',*,*,#577,.T.);
#577 = EDGE_CURVE('',#570,#275,#578,.T.);
#578 = LINE('',#579,#580);
#579 = CARTESIAN_POINT('',(9.7,73.5,23.));
#580 = VECTOR('',#581,1.);
#581 = DIRECTION('',(-0.,1.,0.));
#582 = PLANE('',#583);
#583 = AXIS2_PLACEMENT_3D('',#584,#585,#586);
#584 = CARTESIAN_POINT('',(0.,72.,23.));
#585 = DIRECTION('',(0.,0.,1.));
#586 = DIRECTION('',(1.,0.,-0.));
#587 = ADVANCED_FACE('',(#588),#613,.T.);
#588 = FACE_BOUND('',#589,.T.);
#589 = EDGE_LOOP('',(#590,#600,#606,#607));
#590 = ORIENTED_EDGE('',*,*,#591,.F.);
#591 = EDGE_CURVE('',#592,#594,#596,.T.);
#592 = VERTEX_POINT('',#593);
#593 = CARTESIAN_POINT('',(0.,106.,11.));
#594 = VERTEX_POINT('',#595);
#595 = CARTESIAN_POINT('',(9.7,106.,11.));
#596 = LINE('',#597,#598);
#597 = CARTESIAN_POINT('',(0.,106.,11.));
#598 = VECTOR('',#599,1.);
#599 = DIRECTION('',(1.,0.,-0.));
#600 = ORIENTED_EDGE('',*,*,#601,.T.);
#601 = EDGE_CURVE('',#592,#273,#602,.T.);
#602 = LINE('',#603,#604);
#603 = CARTESIAN_POINT('',(0.,106.,8.));
#604 = VECTOR('',#605,1.);
#605 = DIRECTION('',(0.,0.,1.));
#606 = ORIENTED_EDGE('',*,*,#272,.T.);
#607 = ORIENTED_EDGE('',*,*,#608,.T.);
#608 = EDGE_CURVE('',#275,#594,#609,.T.);
#609 = LINE('',#610,#611);
#610 = CARTESIAN_POINT('',(9.7,106.,9.5));
#611 = VECTOR('',#612,1.);
#612 = DIRECTION('',(-0.,0.,-1.));
#613 = PLANE('',#614);
#614 = AXIS2_PLACEMENT_3D('',#615,#616,#617);
#615 = CARTESIAN_POINT('',(0.,106.,8.));
#616 = DIRECTION('',(-0.,1.,0.));
#617 = DIRECTION('',(0.,0.,1.));
#618 = ADVANCED_FACE('',(#619),#637,.T.);
#619 = FACE_BOUND('',#620,.T.);
#620 = EDGE_LOOP('',(#621,#629,#635,#636));
#621 = ORIENTED_EDGE('',*,*,#622,.F.);
#622 = EDGE_CURVE('',#623,#570,#625,.T.);
#623 = VERTEX_POINT('',#624);
#624 = CARTESIAN_POINT('',(9.7,75.,11.));
#625 = LINE('',#626,#627);
#626 = CARTESIAN_POINT('',(9.7,75.,11.));
#627 = VECTOR('',#628,1.);
#628 = DIRECTION('',(0.,0.,1.));
#629 = ORIENTED_EDGE('',*,*,#630,.T.);
#630 = EDGE_CURVE('',#623,#594,#631,.T.);
#631 = LINE('',#632,#633);
#632 = CARTESIAN_POINT('',(9.7,75.,11.));
#633 = VECTOR('',#634,1.);
#634 = DIRECTION('',(-0.,1.,0.));
#635 = ORIENTED_EDGE('',*,*,#608,.F.);
#636 = ORIENTED_EDGE('',*,*,#577,.F.);
#637 = PLANE('',#638);
#638 = AXIS2_PLACEMENT_3D('',#639,#640,#641);
#639 = CARTESIAN_POINT('',(9.7,75.,11.));
#640 = DIRECTION('',(1.,0.,-0.));
#641 = DIRECTION('',(0.,0.,1.));
#642 = ADVANCED_FACE('',(#643),#661,.T.);
#643 = FACE_BOUND('',#644,.T.);
#644 = EDGE_LOOP('',(#645,#653,#659,#660));
#645 = ORIENTED_EDGE('',*,*,#646,.F.);
#646 = EDGE_CURVE('',#647,#562,#649,.T.);
#647 = VERTEX_POINT('',#648);
#648 = CARTESIAN_POINT('',(30.3,75.,11.));
#649 = LINE('',#650,#651);
#650 = CARTESIAN_POINT('',(30.3,75.,11.));
#651 = VECTOR('',#652,1.);
#652 = DIRECTION('',(0.,0.,1.));
#653 = ORIENTED_EDGE('',*,*,#654,.F.);
#654 = EDGE_CURVE('',#623,#647,#655,.T.);
#655 = LINE('',#656,#657);
#656 = CARTESIAN_POINT('',(9.7,75.,11.));
#657 = VECTOR('',#658,1.);
#658 = DIRECTION('',(1.,0.,-0.));
#659 = ORIENTED_EDGE('',*,*,#622,.T.);
#660 = ORIENTED_EDGE('',*,*,#569,.F.);
#661 = PLANE('',#662);
#662 = AXIS2_PLACEMENT_3D('',#663,#664,#665);
#663 = CARTESIAN_POINT('',(9.7,75.,11.));
#664 = DIRECTION('',(-0.,1.,0.));
#665 = DIRECTION('',(0.,0.,1.));
#666 = ADVANCED_FACE('',(#667),#685,.F.);
#667 = FACE_BOUND('',#668,.F.);
#668 = EDGE_LOOP('',(#669,#670,#678,#684));
#669 = ORIENTED_EDGE('',*,*,#646,.F.);
#670 = ORIENTED_EDGE('',*,*,#671,.T.);
#671 = EDGE_CURVE('',#647,#672,#674,.T.);
#672 = VERTEX_POINT('',#673);
#673 = CARTESIAN_POINT('',(30.3,106.,11.));
#674 = LINE('',#675,#676);
#675 = CARTESIAN_POINT('',(30.3,75.,11.));
#676 = VECTOR('',#677,1.);
#677 = DIRECTION('',(-0.,1.,0.));
#678 = ORIENTED_EDGE('',*,*,#679,.F.);
#679 = EDGE_CURVE('',#554,#672,#680,.T.);
#680 = LINE('',#681,#682);
#681 = CARTESIAN_POINT('',(30.3,106.,9.5));
#682 = VECTOR('',#683,1.);
#683 = DIRECTION('',(-0.,0.,-1.));
#684 = ORIENTED_EDGE('',*,*,#561,.F.);
#685 = PLANE('',#686);
#686 = AXIS2_PLACEMENT_3D('',#687,#688,#689);
#687 = CARTESIAN_POINT('',(30.3,75.,11.));
#688 = DIRECTION('',(1.,0.,-0.));
#689 = DIRECTION('',(0.,0.,1.));
#690 = ADVANCED_FACE('',(#691),#709,.T.);
#691 = FACE_BOUND('',#692,.T.);
#692 = EDGE_LOOP('',(#693,#701,#702,#703));
#693 = ORIENTED_EDGE('',*,*,#694,.F.);
#694 = EDGE_CURVE('',#672,#695,#697,.T.);
#695 = VERTEX_POINT('',#696);
#696 = CARTESIAN_POINT('',(31.7,106.,11.));
#697 = LINE('',#698,#699);
#698 = CARTESIAN_POINT('',(0.,106.,11.));
#699 = VECTOR('',#700,1.);
#700 = DIRECTION('',(1.,0.,-0.));
#701 = ORIENTED_EDGE('',*,*,#679,.F.);
#702 = ORIENTED_EDGE('',*,*,#553,.T.);
#703 = ORIENTED_EDGE('',*,*,#704,.T.);
#704 = EDGE_CURVE('',#546,#695,#705,.T.);
#705 = LINE('',#706,#707);
#706 = CARTESIAN_POINT('',(31.7,106.,9.5));
#707 = VECTOR('',#708,1.);
#708 = DIRECTION('',(-0.,0.,-1.));
#709 = PLANE('',#710);
#710 = AXIS2_PLACEMENT_3D('',#711,#712,#713);
#711 = CARTESIAN_POINT('',(0.,106.,8.));
#712 = DIRECTION('',(-0.,1.,0.));
#713 = DIRECTION('',(0.,0.,1.));
#714 = ADVANCED_FACE('',(#715),#733,.T.);
#715 = FACE_BOUND('',#716,.T.);
#716 = EDGE_LOOP('',(#717,#725,#731,#732));
#717 = ORIENTED_EDGE('',*,*,#718,.F.);
#718 = EDGE_CURVE('',#719,#538,#721,.T.);
#719 = VERTEX_POINT('',#720);
#720 = CARTESIAN_POINT('',(31.7,75.,11.));
#721 = LINE('',#722,#723);
#722 = CARTESIAN_POINT('',(31.7,75.,11.));
#723 = VECTOR('',#724,1.);
#724 = DIRECTION('',(0.,0.,1.));
#725 = ORIENTED_EDGE('',*,*,#726,.T.);
#726 = EDGE_CURVE('',#719,#695,#727,.T.);
#727 = LINE('',#728,#729);
#728 = CARTESIAN_POINT('',(31.7,75.,11.));
#729 = VECTOR('',#730,1.);
#730 = DIRECTION('',(-0.,1.,0.));
#731 = ORIENTED_EDGE('',*,*,#704,.F.);
#732 = ORIENTED_EDGE('',*,*,#545,.F.);
#733 = PLANE('',#734);
#734 = AXIS2_PLACEMENT_3D('',#735,#736,#737);
#735 = CARTESIAN_POINT('',(31.7,75.,11.));
#736 = DIRECTION('',(1.,0.,-0.));
#737 = DIRECTION('',(0.,0.,1.));
#738 = ADVANCED_FACE('',(#739),#757,.T.);
#739 = FACE_BOUND('',#740,.T.);
#740 = EDGE_LOOP('',(#741,#749,#755,#756));
#741 = ORIENTED_EDGE('',*,*,#742,.F.);
#742 = EDGE_CURVE('',#743,#530,#745,.T.);
#743 = VERTEX_POINT('',#744);
#744 = CARTESIAN_POINT('',(52.3,75.,11.));
#745 = LINE('',#746,#747);
#746 = CARTESIAN_POINT('',(52.3,75.,11.));
#747 = VECTOR('',#748,1.);
#748 = DIRECTION('',(0.,0.,1.));
#749 = ORIENTED_EDGE('',*,*,#750,.F.);
#750 = EDGE_CURVE('',#719,#743,#751,.T.);
#751 = LINE('',#752,#753);
#752 = CARTESIAN_POINT('',(31.7,75.,11.));
#753 = VECTOR('',#754,1.);
#754 = DIRECTION('',(1.,0.,-0.));
#755 = ORIENTED_EDGE('',*,*,#718,.T.);
#756 = ORIENTED_EDGE('',*,*,#537,.F.);
#757 = PLANE('',#758);
#758 = AXIS2_PLACEMENT_3D('',#759,#760,#761);
#759 = CARTESIAN_POINT('',(31.7,75.,11.));
#760 = DIRECTION('',(-0.,1.,0.));
#761 = DIRECTION('',(0.,0.,1.));
#762 = ADVANCED_FACE('',(#763),#781,.F.);
#763 = FACE_BOUND('',#764,.F.);
#764 = EDGE_LOOP('',(#765,#766,#774,#780));
#765 = ORIENTED_EDGE('',*,*,#742,.F.);
#766 = ORIENTED_EDGE('',*,*,#767,.T.);
#767 = EDGE_CURVE('',#743,#768,#770,.T.);
#768 = VERTEX_POINT('',#769);
#769 = CARTESIAN_POINT('',(52.3,106.,11.));
#770 = LINE('',#771,#772);
#771 = CARTESIAN_POINT('',(52.3,75.,11.));
#772 = VECTOR('',#773,1.);
#773 = DIRECTION('',(-0.,1.,0.));
#774 = ORIENTED_EDGE('',*,*,#775,.F.);
#775 = EDGE_CURVE('',#522,#768,#776,.T.);
#776 = LINE('',#777,#778);
#777 = CARTESIAN_POINT('',(52.3,106.,9.5));
#778 = VECTOR('',#779,1.);
#779 = DIRECTION('',(-0.,0.,-1.));
#780 = ORIENTED_EDGE('',*,*,#529,.F.);
#781 = PLANE('',#782);
#782 = AXIS2_PLACEMENT_3D('',#783,#784,#785);
#783 = CARTESIAN_POINT('',(52.3,75.,11.));
#784 = DIRECTION('',(1.,0.,-0.));
#785 = DIRECTION('',(0.,0.,1.));
#786 = ADVANCED_FACE('',(#787),#805,.T.);
#787 = FACE_BOUND('',#788,.T.);
#788 = EDGE_LOOP('',(#789,#797,#798,#799));
#789 = ORIENTED_EDGE('',*,*,#790,.F.);
#790 = EDGE_CURVE('',#768,#791,#793,.T.);
#791 = VERTEX_POINT('',#792);
#792 = CARTESIAN_POINT('',(53.7,106.,11.));
#793 = LINE('',#794,#795);
#794 = CARTESIAN_POINT('',(0.,106.,11.));
#795 = VECTOR('',#796,1.);
#796 = DIRECTION('',(1.,0.,-0.));
#797 = ORIENTED_EDGE('',*,*,#775,.F.);
#798 = ORIENTED_EDGE('',*,*,#521,.T.);
#799 = ORIENTED_EDGE('',*,*,#800,.T.);
#800 = EDGE_CURVE('',#514,#791,#801,.T.);
#801 = LINE('',#802,#803);
#802 = CARTESIAN_POINT('',(53.7,106.,9.5));
#803 = VECTOR('',#804,1.);
#804 = DIRECTION('',(-0.,0.,-1.));
#805 = PLANE('',#806);
#806 = AXIS2_PLACEMENT_3D('',#807,#808,#809);
#807 = CARTESIAN_POINT('',(0.,106.,8.));
#808 = DIRECTION('',(-0.,1.,0.));
#809 = DIRECTION('',(0.,0.,1.));
#810 = ADVANCED_FACE('',(#811),#829,.T.);
#811 = FACE_BOUND('',#812,.T.);
#812 = EDGE_LOOP('',(#813,#821,#827,#828));
#813 = ORIENTED_EDGE('',*,*,#814,.F.);
#814 = EDGE_CURVE('',#815,#506,#817,.T.);
#815 = VERTEX_POINT('',#816);
#816 = CARTESIAN_POINT('',(53.7,75.,11.));
#817 = LINE('',#818,#819);
#818 = CARTESIAN_POINT('',(53.7,75.,11.));
#819 = VECTOR('',#820,1.);
#820 = DIRECTION('',(0.,0.,1.));
#821 = ORIENTED_EDGE('',*,*,#822,.T.);
#822 = EDGE_CURVE('',#815,#791,#823,.T.);
#823 = LINE('',#824,#825);
#824 = CARTESIAN_POINT('',(53.7,75.,11.));
#825 = VECTOR('',#826,1.);
#826 = DIRECTION('',(-0.,1.,0.));
#827 = ORIENTED_EDGE('',*,*,#800,.F.);
#828 = ORIENTED_EDGE('',*,*,#513,.F.);
#829 = PLANE('',#830);
#830 = AXIS2_PLACEMENT_3D('',#831,#832,#833);
#831 = CARTESIAN_POINT('',(53.7,75.,11.));
#832 = DIRECTION('',(1.,0.,-0.));
#833 = DIRECTION('',(0.,0.,1.));
#834 = ADVANCED_FACE('',(#835),#853,.T.);
#835 = FACE_BOUND('',#836,.T.);
#836 = EDGE_LOOP('',(#837,#845,#851,#852));
#837 = ORIENTED_EDGE('',*,*,#838,.F.);
#838 = EDGE_CURVE('',#839,#498,#841,.T.);
#839 = VERTEX_POINT('',#840);
#840 = CARTESIAN_POINT('',(74.3,75.,11.));
#841 = LINE('',#842,#843);
#842 = CARTESIAN_POINT('',(74.3,75.,11.));
#843 = VECTOR('',#844,1.);
#844 = DIRECTION('',(0.,0.,1.));
#845 = ORIENTED_EDGE('',*,*,#846,.F.);
#846 = EDGE_CURVE('',#815,#839,#847,.T.);
#847 = LINE('',#848,#849);
#848 = CARTESIAN_POINT('',(53.7,75.,11.));
#849 = VECTOR('',#850,1.);
#850 = DIRECTION('',(1.,0.,-0.));
#851 = ORIENTED_EDGE('',*,*,#814,.T.);
#852 = ORIENTED_EDGE('',*,*,#505,.F.);
#853 = PLANE('',#854);
#854 = AXIS2_PLACEMENT_3D('',#855,#856,#857);
#855 = CARTESIAN_POINT('',(53.7,75.,11.));
#856 = DIRECTION('',(-0.,1.,0.));
#857 = DIRECTION('',(0.,0.,1.));
#858 = ADVANCED_FACE('',(#859),#877,.F.);
#859 = FACE_BOUND('',#860,.F.);
#860 = EDGE_LOOP('',(#861,#862,#870,#876));
#861 = ORIENTED_EDGE('',*,*,#838,.F.);
#862 = ORIENTED_EDGE('',*,*,#863,.T.);
#863 = EDGE_CURVE('',#839,#864,#866,.T.);
#864 = VERTEX_POINT('',#865);
#865 = CARTESIAN_POINT('',(74.3,106.,11.));
#866 = LINE('',#867,#868);
#867 = CARTESIAN_POINT('',(74.3,75.,11.));
#868 = VECTOR('',#869,1.);
#869 = DIRECTION('',(-0.,1.,0.));
#870 = ORIENTED_EDGE('',*,*,#871,.F.);
#871 = EDGE_CURVE('',#490,#864,#872,.T.);
#872 = LINE('',#873,#874);
#873 = CARTESIAN_POINT('',(74.3,106.,9.5));
#874 = VECTOR('',#875,1.);
#875 = DIRECTION('',(-0.,0.,-1.));
#876 = ORIENTED_EDGE('',*,*,#497,.F.);
#877 = PLANE('',#878);
#878 = AXIS2_PLACEMENT_3D('',#879,#880,#881);
#879 = CARTESIAN_POINT('',(74.3,75.,11.));
#880 = DIRECTION('',(1.,0.,-0.));
#881 = DIRECTION('',(0.,0.,1.));
#882 = ADVANCED_FACE('',(#883),#901,.T.);
#883 = FACE_BOUND('',#884,.T.);
#884 = EDGE_LOOP('',(#885,#893,#894,#895));
#885 = ORIENTED_EDGE('',*,*,#886,.F.);
#886 = EDGE_CURVE('',#864,#887,#889,.T.);
#887 = VERTEX_POINT('',#888);
#888 = CARTESIAN_POINT('',(77.7,106.,11.));
#889 = LINE('',#890,#891);
#890 = CARTESIAN_POINT('',(0.,106.,11.));
#891 = VECTOR('',#892,1.);
#892 = DIRECTION('',(1.,0.,-0.));
#893 = ORIENTED_EDGE('',*,*,#871,.F.);
#894 = ORIENTED_EDGE('',*,*,#489,.T.);
#895 = ORIENTED_EDGE('',*,*,#896,.T.);
#896 = EDGE_CURVE('',#482,#887,#897,.T.);
#897 = LINE('',#898,#899);
#898 = CARTESIAN_POINT('',(77.7,106.,9.5));
#899 = VECTOR('',#900,1.);
#900 = DIRECTION('',(-0.,0.,-1.));
#901 = PLANE('',#902);
#902 = AXIS2_PLACEMENT_3D('',#903,#904,#905);
#903 = CARTESIAN_POINT('',(0.,106.,8.));
#904 = DIRECTION('',(-0.,1.,0.));
#905 = DIRECTION('',(0.,0.,1.));
#906 = ADVANCED_FACE('',(#907),#925,.T.);
#907 = FACE_BOUND('',#908,.T.);
#908 = EDGE_LOOP('',(#909,#917,#923,#924));
#909 = ORIENTED_EDGE('',*,*,#910,.F.);
#910 = EDGE_CURVE('',#911,#474,#913,.T.);
#911 = VERTEX_POINT('',#912);
#912 = CARTESIAN_POINT('',(77.7,75.,11.));
#913 = LINE('',#914,#915);
#914 = CARTESIAN_POINT('',(77.7,75.,11.));
#915 = VECTOR('',#916,1.);
#916 = DIRECTION('',(0.,0.,1.));
#917 = ORIENTED_EDGE('',*,*,#918,.T.);
#918 = EDGE_CURVE('',#911,#887,#919,.T.);
#919 = LINE('',#920,#921);
#920 = CARTESIAN_POINT('',(77.7,75.,11.));
#921 = VECTOR('',#922,1.);
#922 = DIRECTION('',(-0.,1.,0.));
#923 = ORIENTED_EDGE('',*,*,#896,.F.);
#924 = ORIENTED_EDGE('',*,*,#481,.F.);
#925 = PLANE('',#926);
#926 = AXIS2_PLACEMENT_3D('',#927,#928,#929);
#927 = CARTESIAN_POINT('',(77.7,75.,11.));
#928 = DIRECTION('',(1.,0.,-0.));
#929 = DIRECTION('',(0.,0.,1.));
#930 = ADVANCED_FACE('',(#931),#949,.T.);
#931 = FACE_BOUND('',#932,.T.);
#932 = EDGE_LOOP('',(#933,#941,#947,#948));
#933 = ORIENTED_EDGE('',*,*,#934,.F.);
#934 = EDGE_CURVE('',#935,#466,#937,.T.);
#935 = VERTEX_POINT('',#936);
#936 = CARTESIAN_POINT('',(98.3,75.,11.));
#937 = LINE('',#938,#939);
#938 = CARTESIAN_POINT('',(98.3,75.,11.));
#939 = VECTOR('',#940,1.);
#940 = DIRECTION('',(0.,0.,1.));
#941 = ORIENTED_EDGE('',*,*,#942,.F.);
#942 = EDGE_CURVE('',#911,#935,#943,.T.);
#943 = LINE('',#944,#945);
#944 = CARTESIAN_POINT('',(77.7,75.,11.));
#945 = VECTOR('',#946,1.);
#946 = DIRECTION('',(1.,0.,-0.));
#947 = ORIENTED_EDGE('',*,*,#910,.T.);
#948 = ORIENTED_EDGE('',*,*,#473,.F.);
#949 = PLANE('',#950);
#950 = AXIS2_PLACEMENT_3D('',#951,#952,#953);
#951 = CARTESIAN_POINT('',(77.7,75.,11.));
#952 = DIRECTION('',(-0.,1.,0.));
#953 = DIRECTION('',(0.,0.,1.));
#954 = ADVANCED_FACE('',(#955),#973,.F.);
#955 = FACE_BOUND('',#956,.F.);
#956 = EDGE_LOOP('',(#957,#958,#966,#972));
#957 = ORIENTED_EDGE('',*,*,#934,.F.);
#958 = ORIENTED_EDGE('',*,*,#959,.T.);
#959 = EDGE_CURVE('',#935,#960,#962,.T.);
#960 = VERTEX_POINT('',#961);
#961 = CARTESIAN_POINT('',(98.3,106.,11.));
#962 = LINE('',#963,#964);
#963 = CARTESIAN_POINT('',(98.3,75.,11.));
#964 = VECTOR('',#965,1.);
#965 = DIRECTION('',(-0.,1.,0.));
#966 = ORIENTED_EDGE('',*,*,#967,.F.);
#967 = EDGE_CURVE('',#458,#960,#968,.T.);
#968 = LINE('',#969,#970);
#969 = CARTESIAN_POINT('',(98.3,106.,9.5));
#970 = VECTOR('',#971,1.);
#971 = DIRECTION('',(-0.,0.,-1.));
#972 = ORIENTED_EDGE('',*,*,#465,.F.);
#973 = PLANE('',#974);
#974 = AXIS2_PLACEMENT_3D('',#975,#976,#977);
#975 = CARTESIAN_POINT('',(98.3,75.,11.));
#976 = DIRECTION('',(1.,0.,-0.));
#977 = DIRECTION('',(0.,0.,1.));
#978 = ADVANCED_FACE('',(#979),#997,.T.);
#979 = FACE_BOUND('',#980,.T.);
#980 = EDGE_LOOP('',(#981,#989,#990,#991));
#981 = ORIENTED_EDGE('',*,*,#982,.F.);
#982 = EDGE_CURVE('',#960,#983,#985,.T.);
#983 = VERTEX_POINT('',#984);
#984 = CARTESIAN_POINT('',(103.7,106.,11.));
#985 = LINE('',#986,#987);
#986 = CARTESIAN_POINT('',(0.,106.,11.));
#987 = VECTOR('',#988,1.);
#988 = DIRECTION('',(1.,0.,-0.));
#989 = ORIENTED_EDGE('',*,*,#967,.F.);
#990 = ORIENTED_EDGE('',*,*,#457,.T.);
#991 = ORIENTED_EDGE('',*,*,#992,.T.);
#992 = EDGE_CURVE('',#450,#983,#993,.T.);
#993 = LINE('',#994,#995);
#994 = CARTESIAN_POINT('',(103.7,106.,9.5));
#995 = VECTOR('',#996,1.);
#996 = DIRECTION('',(-0.,0.,-1.));
#997 = PLANE('',#998);
#998 = AXIS2_PLACEMENT_3D('',#999,#1000,#1001);
#999 = CARTESIAN_POINT('',(0.,106.,8.));
#1000 = DIRECTION('',(-0.,1.,0.));
#1001 = DIRECTION('',(0.,0.,1.));
#1002 = ADVANCED_FACE('',(#1003),#1021,.T.);
#1003 = FACE_BOUND('',#1004,.T.);
#1004 = EDGE_LOOP('',(#1005,#1013,#1019,#1020));
#1005 = ORIENTED_EDGE('',*,*,#1006,.F.);
#1006 = EDGE_CURVE('',#1007,#442,#1009,.T.);
#1007 = VERTEX_POINT('',#1008);
#1008 = CARTESIAN_POINT('',(103.7,75.,11.));
#1009 = LINE('',#1010,#1011);
#1010 = CARTESIAN_POINT('',(103.7,75.,11.));
#1011 = VECTOR('',#1012,1.);
#1012 = DIRECTION('',(0.,0.,1.));
#1013 = ORIENTED_EDGE('',*,*,#1014,.T.);
#1014 = EDGE_CURVE('',#1007,#983,#1015,.T.);
#1015 = LINE('',#1016,#1017);
#1016 = CARTESIAN_POINT('',(103.7,75.,11.));
#1017 = VECTOR('',#1018,1.);
#1018 = DIRECTION('',(-0.,1.,0.));
#1019 = ORIENTED_EDGE('',*,*,#992,.F.);
#1020 = ORIENTED_EDGE('',*,*,#449,.F.);
#1021 = PLANE('',#1022);
#1022 = AXIS2_PLACEMENT_3D('',#1023,#1024,#1025);
#1023 = CARTESIAN_POINT('',(103.7,75.,11.));
#1024 = DIRECTION('',(1.,0.,-0.));
#1025 = DIRECTION('',(0.,0.,1.));
#1026 = ADVANCED_FACE('',(#1027),#1045,.T.);
#1027 = FACE_BOUND('',#1028,.T.);
#1028 = EDGE_LOOP('',(#1029,#1037,#1043,#1044));
#1029 = ORIENTED_EDGE('',*,*,#1030,.F.);
#1030 = EDGE_CURVE('',#1031,#434,#1033,.T.);
#1031 = VERTEX_POINT('',#1032);
#1032 = CARTESIAN_POINT('',(124.3,75.,11.));
#1033 = LINE('',#1034,#1035);
#1034 = CARTESIAN_POINT('',(124.3,75.,11.));
#1035 = VECTOR('',#1036,1.);
#1036 = DIRECTION('',(0.,0.,1.));
#1037 = ORIENTED_EDGE('',*,*,#1038,.F.);
#1038 = EDGE_CURVE('',#1007,#1031,#1039,.T.);
#1039 = LINE('',#1040,#1041);
#1040 = CARTESIAN_POINT('',(103.7,75.,11.));
#1041 = VECTOR('',#1042,1.);
#1042 = DIRECTION('',(1.,0.,-0.));
#1043 = ORIENTED_EDGE('',*,*,#1006,.T.);
#1044 = ORIENTED_EDGE('',*,*,#441,.F.);
#1045 = PLANE('',#1046);
#1046 = AXIS2_PLACEMENT_3D('',#1047,#1048,#1049);
#1047 = CARTESIAN_POINT('',(103.7,75.,11.));
#1048 = DIRECTION('',(-0.,1.,0.));
#1049 = DIRECTION('',(0.,0.,1.));
#1050 = ADVANCED_FACE('',(#1051),#1069,.F.);
#1051 = FACE_BOUND('',#1052,.F.);
#1052 = EDGE_LOOP('',(#1053,#1054,#1062,#1068));
#1053 = ORIENTED_EDGE('',*,*,#1030,.F.);
#1054 = ORIENTED_EDGE('',*,*,#1055,.T.);
#1055 = EDGE_CURVE('',#1031,#1056,#1058,.T.);
#1056 = VERTEX_POINT('',#1057);
#1057 = CARTESIAN_POINT('',(124.3,106.,11.));
#1058 = LINE('',#1059,#1060);
#1059 = CARTESIAN_POINT('',(124.3,75.,11.));
#1060 = VECTOR('',#1061,1.);
#1061 = DIRECTION('',(-0.,1.,0.));
#1062 = ORIENTED_EDGE('',*,*,#1063,.F.);
#1063 = EDGE_CURVE('',#426,#1056,#1064,.T.);
#1064 = LINE('',#1065,#1066);
#1065 = CARTESIAN_POINT('',(124.3,106.,9.5));
#1066 = VECTOR('',#1067,1.);
#1067 = DIRECTION('',(-0.,0.,-1.));
#1068 = ORIENTED_EDGE('',*,*,#433,.F.);
#1069 = PLANE('',#1070);
#1070 = AXIS2_PLACEMENT_3D('',#1071,#1072,#1073);
#1071 = CARTESIAN_POINT('',(124.3,75.,11.));
#1072 = DIRECTION('',(1.,0.,-0.));
#1073 = DIRECTION('',(0.,0.,1.));
#1074 = ADVANCED_FACE('',(#1075),#1093,.T.);
#1075 = FACE_BOUND('',#1076,.T.);
#1076 = EDGE_LOOP('',(#1077,#1085,#1086,#1087));
#1077 = ORIENTED_EDGE('',*,*,#1078,.F.);
#1078 = EDGE_CURVE('',#1056,#1079,#1081,.T.);
#1079 = VERTEX_POINT('',#1080);
#1080 = CARTESIAN_POINT('',(129.7,106.,11.));
#1081 = LINE('',#1082,#1083);
#1082 = CARTESIAN_POINT('',(0.,106.,11.));
#1083 = VECTOR('',#1084,1.);
#1084 = DIRECTION('',(1.,0.,-0.));
#1085 = ORIENTED_EDGE('',*,*,#1063,.F.);
#1086 = ORIENTED_EDGE('',*,*,#425,.T.);
#1087 = ORIENTED_EDGE('',*,*,#1088,.T.);
#1088 = EDGE_CURVE('',#418,#1079,#1089,.T.);
#1089 = LINE('',#1090,#1091);
#1090 = CARTESIAN_POINT('',(129.7,106.,9.5));
#1091 = VECTOR('',#1092,1.);
#1092 = DIRECTION('',(-0.,0.,-1.));
#1093 = PLANE('',#1094);
#1094 = AXIS2_PLACEMENT_3D('',#1095,#1096,#1097);
#1095 = CARTESIAN_POINT('',(0.,106.,8.));
#1096 = DIRECTION('',(-0.,1.,0.));
#1097 = DIRECTION('',(0.,0.,1.));
#1098 = ADVANCED_FACE('',(#1099),#1117,.T.);
#1099 = FACE_BOUND('',#1100,.T.);
#1100 = EDGE_LOOP('',(#1101,#1109,#1115,#1116));
#1101 = ORIENTED_EDGE('',*,*,#1102,.F.);
#1102 = EDGE_CURVE('',#1103,#410,#1105,.T.);
#1103 = VERTEX_POINT('',#1104);
#1104 = CARTESIAN_POINT('',(129.7,75.,11.));
#1105 = LINE('',#1106,#1107);
#1106 = CARTESIAN_POINT('',(129.7,75.,11.));
#1107 = VECTOR('',#1108,1.);
#1108 = DIRECTION('',(0.,0.,1.));
#1109 = ORIENTED_EDGE('',*,*,#1110,.T.);
#1110 = EDGE_CURVE('',#1103,#1079,#1111,.T.);
#1111 = LINE('',#1112,#1113);
#1112 = CARTESIAN_POINT('',(129.7,75.,11.));
#1113 = VECTOR('',#1114,1.);
#1114 = DIRECTION('',(-0.,1.,0.));
#1115 = ORIENTED_EDGE('',*,*,#1088,.F.);
#1116 = ORIENTED_EDGE('',*,*,#417,.F.);
#1117 = PLANE('',#1118);
#1118 = AXIS2_PLACEMENT_3D('',#1119,#1120,#1121);
#1119 = CARTESIAN_POINT('',(129.7,75.,11.));
#1120 = DIRECTION('',(1.,0.,-0.));
#1121 = DIRECTION('',(0.,0.,1.));
#1122 = ADVANCED_FACE('',(#1123),#1141,.T.);
#1123 = FACE_BOUND('',#1124,.T.);
#1124 = EDGE_LOOP('',(#1125,#1133,#1139,#1140));
#1125 = ORIENTED_EDGE('',*,*,#1126,.F.);
#1126 = EDGE_CURVE('',#1127,#402,#1129,.T.);
#1127 = VERTEX_POINT('',#1128);
#1128 = CARTESIAN_POINT('',(150.3,75.,11.));
#1129 = LINE('',#1130,#1131);
#1130 = CARTESIAN_POINT('',(150.3,75.,11.));
#1131 = VECTOR('',#1132,1.);
#1132 = DIRECTION('',(0.,0.,1.));
#1133 = ORIENTED_EDGE('',*,*,#1134,.F.);
#1134 = EDGE_CURVE('',#1103,#1127,#1135,.T.);
#1135 = LINE('',#1136,#1137);
#1136 = CARTESIAN_POINT('',(129.7,75.,11.));
#1137 = VECTOR('',#1138,1.);
#1138 = DIRECTION('',(1.,0.,-0.));
#1139 = ORIENTED_EDGE('',*,*,#1102,.T.);
#1140 = ORIENTED_EDGE('',*,*,#409,.F.);
#1141 = PLANE('',#1142);
#1142 = AXIS2_PLACEMENT_3D('',#1143,#1144,#1145);
#1143 = CARTESIAN_POINT('',(129.7,75.,11.));
#1144 = DIRECTION('',(-0.,1.,0.));
#1145 = DIRECTION('',(0.,0.,1.));
#1146 = ADVANCED_FACE('',(#1147),#1165,.F.);
#1147 = FACE_BOUND('',#1148,.F.);
#1148 = EDGE_LOOP('',(#1149,#1150,#1158,#1164));
#1149 = ORIENTED_EDGE('',*,*,#1126,.F.);
#1150 = ORIENTED_EDGE('',*,*,#1151,.T.);
#1151 = EDGE_CURVE('',#1127,#1152,#1154,.T.);
#1152 = VERTEX_POINT('',#1153);
#1153 = CARTESIAN_POINT('',(150.3,106.,11.));
#1154 = LINE('',#1155,#1156);
#1155 = CARTESIAN_POINT('',(150.3,75.,11.));
#1156 = VECTOR('',#1157,1.);
#1157 = DIRECTION('',(-0.,1.,0.));
#1158 = ORIENTED_EDGE('',*,*,#1159,.F.);
#1159 = EDGE_CURVE('',#394,#1152,#1160,.T.);
#1160 = LINE('',#1161,#1162);
#1161 = CARTESIAN_POINT('',(150.3,106.,9.5));
#1162 = VECTOR('',#1163,1.);
#1163 = DIRECTION('',(-0.,0.,-1.));
#1164 = ORIENTED_EDGE('',*,*,#401,.F.);
#1165 = PLANE('',#1166);
#1166 = AXIS2_PLACEMENT_3D('',#1167,#1168,#1169);
#1167 = CARTESIAN_POINT('',(150.3,75.,11.));
#1168 = DIRECTION('',(1.,0.,-0.));
#1169 = DIRECTION('',(0.,0.,1.));
#1170 = ADVANCED_FACE('',(#1171),#1189,.T.);
#1171 = FACE_BOUND('',#1172,.T.);
#1172 = EDGE_LOOP('',(#1173,#1181,#1182,#1183));
#1173 = ORIENTED_EDGE('',*,*,#1174,.F.);
#1174 = EDGE_CURVE('',#1152,#1175,#1177,.T.);
#1175 = VERTEX_POINT('',#1176);
#1176 = CARTESIAN_POINT('',(151.7,106.,11.));
#1177 = LINE('',#1178,#1179);
#1178 = CARTESIAN_POINT('',(0.,106.,11.));
#1179 = VECTOR('',#1180,1.);
#1180 = DIRECTION('',(1.,0.,-0.));
#1181 = ORIENTED_EDGE('',*,*,#1159,.F.);
#1182 = ORIENTED_EDGE('',*,*,#393,.T.);
#1183 = ORIENTED_EDGE('',*,*,#1184,.T.);
#1184 = EDGE_CURVE('',#386,#1175,#1185,.T.);
#1185 = LINE('',#1186,#1187);
#1186 = CARTESIAN_POINT('',(151.7,106.,9.5));
#1187 = VECTOR('',#1188,1.);
#1188 = DIRECTION('',(-0.,0.,-1.));
#1189 = PLANE('',#1190);
#1190 = AXIS2_PLACEMENT_3D('',#1191,#1192,#1193);
#1191 = CARTESIAN_POINT('',(0.,106.,8.));
#1192 = DIRECTION('',(-0.,1.,0.));
#1193 = DIRECTION('',(0.,0.,1.));
#1194 = ADVANCED_FACE('',(#1195),#1213,.T.);
#1195 = FACE_BOUND('',#1196,.T.);
#1196 = EDGE_LOOP('',(#1197,#1205,#1211,#1212));
#1197 = ORIENTED_EDGE('',*,*,#1198,.F.);
#1198 = EDGE_CURVE('',#1199,#378,#1201,.T.);
#1199 = VERTEX_POINT('',#1200);
#1200 = CARTESIAN_POINT('',(151.7,75.,11.));
#1201 = LINE('',#1202,#1203);
#1202 = CARTESIAN_POINT('',(151.7,75.,11.));
#1203 = VECTOR('',#1204,1.);
#1204 = DIRECTION('',(0.,0.,1.));
#1205 = ORIENTED_EDGE('',*,*,#1206,.T.);
#1206 = EDGE_CURVE('',#1199,#1175,#1207,.T.);
#1207 = LINE('',#1208,#1209);
#1208 = CARTESIAN_POINT('',(151.7,75.,11.));
#1209 = VECTOR('',#1210,1.);
#1210 = DIRECTION('',(-0.,1.,0.));
#1211 = ORIENTED_EDGE('',*,*,#1184,.F.);
#1212 = ORIENTED_EDGE('',*,*,#385,.F.);
#1213 = PLANE('',#1214);
#1214 = AXIS2_PLACEMENT_3D('',#1215,#1216,#1217);
#1215 = CARTESIAN_POINT('',(151.7,75.,11.));
#1216 = DIRECTION('',(1.,0.,-0.));
#1217 = DIRECTION('',(0.,0.,1.));
#1218 = ADVANCED_FACE('',(#1219),#1237,.T.);
#1219 = FACE_BOUND('',#1220,.T.);
#1220 = EDGE_LOOP('',(#1221,#1229,#1235,#1236));
#1221 = ORIENTED_EDGE('',*,*,#1222,.F.);
#1222 = EDGE_CURVE('',#1223,#370,#1225,.T.);
#1223 = VERTEX_POINT('',#1224);
#1224 = CARTESIAN_POINT('',(172.3,75.,11.));
#1225 = LINE('',#1226,#1227);
#1226 = CARTESIAN_POINT('',(172.3,75.,11.));
#1227 = VECTOR('',#1228,1.);
#1228 = DIRECTION('',(0.,0.,1.));
#1229 = ORIENTED_EDGE('',*,*,#1230,.F.);
#1230 = EDGE_CURVE('',#1199,#1223,#1231,.T.);
#1231 = LINE('',#1232,#1233);
#1232 = CARTESIAN_POINT('',(151.7,75.,11.));
#1233 = VECTOR('',#1234,1.);
#1234 = DIRECTION('',(1.,0.,-0.));
#1235 = ORIENTED_EDGE('',*,*,#1198,.T.);
#1236 = ORIENTED_EDGE('',*,*,#377,.F.);
#1237 = PLANE('',#1238);
#1238 = AXIS2_PLACEMENT_3D('',#1239,#1240,#1241);
#1239 = CARTESIAN_POINT('',(151.7,75.,11.));
#1240 = DIRECTION('',(-0.,1.,0.));
#1241 = DIRECTION('',(0.,0.,1.));
#1242 = ADVANCED_FACE('',(#1243),#1261,.F.);
#1243 = FACE_BOUND('',#1244,.F.);
#1244 = EDGE_LOOP('',(#1245,#1246,#1254,#1260));
#1245 = ORIENTED_EDGE('',*,*,#1222,.F.);
#1246 = ORIENTED_EDGE('',*,*,#1247,.T.);
#1247 = EDGE_CURVE('',#1223,#1248,#1250,.T.);
#1248 = VERTEX_POINT('',#1249);
#1249 = CARTESIAN_POINT('',(172.3,106.,11.));
#1250 = LINE('',#1251,#1252);
#1251 = CARTESIAN_POINT('',(172.3,75.,11.));
#1252 = VECTOR('',#1253,1.);
#1253 = DIRECTION('',(-0.,1.,0.));
#1254 = ORIENTED_EDGE('',*,*,#1255,.F.);
#1255 = EDGE_CURVE('',#362,#1248,#1256,.T.);
#1256 = LINE('',#1257,#1258);
#1257 = CARTESIAN_POINT('',(172.3,106.,9.5));
#1258 = VECTOR('',#1259,1.);
#1259 = DIRECTION('',(-0.,0.,-1.));
#1260 = ORIENTED_EDGE('',*,*,#369,.F.);
#1261 = PLANE('',#1262);
#1262 = AXIS2_PLACEMENT_3D('',#1263,#1264,#1265);
#1263 = CARTESIAN_POINT('',(172.3,75.,11.));
#1264 = DIRECTION('',(1.,0.,-0.));
#1265 = DIRECTION('',(0.,0.,1.));
#1266 = ADVANCED_FACE('',(#1267),#1285,.T.);
#1267 = FACE_BOUND('',#1268,.T.);
#1268 = EDGE_LOOP('',(#1269,#1277,#1278,#1279));
#1269 = ORIENTED_EDGE('',*,*,#1270,.F.);
#1270 = EDGE_CURVE('',#1248,#1271,#1273,.T.);
#1271 = VERTEX_POINT('',#1272);
#1272 = CARTESIAN_POINT('',(180.,106.,11.));
#1273 = LINE('',#1274,#1275);
#1274 = CARTESIAN_POINT('',(0.,106.,11.));
#1275 = VECTOR('',#1276,1.);
#1276 = DIRECTION('',(1.,0.,-0.));
#1277 = ORIENTED_EDGE('',*,*,#1255,.F.);
#1278 = ORIENTED_EDGE('',*,*,#361,.T.);
#1279 = ORIENTED_EDGE('',*,*,#1280,.F.);
#1280 = EDGE_CURVE('',#1271,#354,#1281,.T.);
#1281 = LINE('',#1282,#1283);
#1282 = CARTESIAN_POINT('',(180.,106.,8.));
#1283 = VECTOR('',#1284,1.);
#1284 = DIRECTION('',(0.,0.,1.));
#1285 = PLANE('',#1286);
#1286 = AXIS2_PLACEMENT_3D('',#1287,#1288,#1289);
#1287 = CARTESIAN_POINT('',(0.,106.,8.));
#1288 = DIRECTION('',(-0.,1.,0.));
#1289 = DIRECTION('',(0.,0.,1.));
#1290 = ADVANCED_FACE('',(#1291),#1373,.T.);
#1291 = FACE_BOUND('',#1292,.T.);
#1292 = EDGE_LOOP('',(#1293,#1301,#1302,#1303,#1311,#1319,#1327,#1335,
    #1343,#1351,#1359,#1367));
#1293 = ORIENTED_EDGE('',*,*,#1294,.T.);
#1294 = EDGE_CURVE('',#1295,#283,#1297,.T.);
#1295 = VERTEX_POINT('',#1296);
#1296 = CARTESIAN_POINT('',(0.,72.,8.));
#1297 = LINE('',#1298,#1299);
#1298 = CARTESIAN_POINT('',(0.,72.,8.));
#1299 = VECTOR('',#1300,1.);
#1300 = DIRECTION('',(0.,0.,1.));
#1301 = ORIENTED_EDGE('',*,*,#282,.T.);
#1302 = ORIENTED_EDGE('',*,*,#601,.F.);
#1303 = ORIENTED_EDGE('',*,*,#1304,.T.);
#1304 = EDGE_CURVE('',#592,#1305,#1307,.T.);
#1305 = VERTEX_POINT('',#1306);
#1306 = CARTESIAN_POINT('',(0.,115.,11.));
#1307 = LINE('',#1308,#1309);
#1308 = CARTESIAN_POINT('',(0.,72.,11.));
#1309 = VECTOR('',#1310,1.);
#1310 = DIRECTION('',(-0.,1.,0.));
#1311 = ORIENTED_EDGE('',*,*,#1312,.T.);
#1312 = EDGE_CURVE('',#1305,#1313,#1315,.T.);
#1313 = VERTEX_POINT('',#1314);
#1314 = CARTESIAN_POINT('',(0.,115.,24.));
#1315 = LINE('',#1316,#1317);
#1316 = CARTESIAN_POINT('',(0.,115.,8.));
#1317 = VECTOR('',#1318,1.);
#1318 = DIRECTION('',(0.,0.,1.));
#1319 = ORIENTED_EDGE('',*,*,#1320,.T.);
#1320 = EDGE_CURVE('',#1313,#1321,#1323,.T.);
#1321 = VERTEX_POINT('',#1322);
#1322 = CARTESIAN_POINT('',(0.,131.,24.));
#1323 = LINE('',#1324,#1325);
#1324 = CARTESIAN_POINT('',(0.,115.,24.));
#1325 = VECTOR('',#1326,1.);
#1326 = DIRECTION('',(-0.,1.,0.));
#1327 = ORIENTED_EDGE('',*,*,#1328,.F.);
#1328 = EDGE_CURVE('',#1329,#1321,#1331,.T.);
#1329 = VERTEX_POINT('',#1330);
#1330 = CARTESIAN_POINT('',(0.,131.,21.));
#1331 = LINE('',#1332,#1333);
#1332 = CARTESIAN_POINT('',(0.,131.,21.));
#1333 = VECTOR('',#1334,1.);
#1334 = DIRECTION('',(0.,0.,1.));
#1335 = ORIENTED_EDGE('',*,*,#1336,.F.);
#1336 = EDGE_CURVE('',#1337,#1329,#1339,.T.);
#1337 = VERTEX_POINT('',#1338);
#1338 = CARTESIAN_POINT('',(0.,118.,21.));
#1339 = LINE('',#1340,#1341);
#1340 = CARTESIAN_POINT('',(0.,115.,21.));
#1341 = VECTOR('',#1342,1.);
#1342 = DIRECTION('',(-0.,1.,0.));
#1343 = ORIENTED_EDGE('',*,*,#1344,.F.);
#1344 = EDGE_CURVE('',#1345,#1337,#1347,.T.);
#1345 = VERTEX_POINT('',#1346);
#1346 = CARTESIAN_POINT('',(0.,118.,11.));
#1347 = LINE('',#1348,#1349);
#1348 = CARTESIAN_POINT('',(0.,118.,8.));
#1349 = VECTOR('',#1350,1.);
#1350 = DIRECTION('',(0.,0.,1.));
#1351 = ORIENTED_EDGE('',*,*,#1352,.T.);
#1352 = EDGE_CURVE('',#1345,#1353,#1355,.T.);
#1353 = VERTEX_POINT('',#1354);
#1354 = CARTESIAN_POINT('',(0.,131.,11.));
#1355 = LINE('',#1356,#1357);
#1356 = CARTESIAN_POINT('',(0.,72.,11.));
#1357 = VECTOR('',#1358,1.);
#1358 = DIRECTION('',(-0.,1.,0.));
#1359 = ORIENTED_EDGE('',*,*,#1360,.F.);
#1360 = EDGE_CURVE('',#1361,#1353,#1363,.T.);
#1361 = VERTEX_POINT('',#1362);
#1362 = CARTESIAN_POINT('',(0.,131.,8.));
#1363 = LINE('',#1364,#1365);
#1364 = CARTESIAN_POINT('',(0.,131.,8.));
#1365 = VECTOR('',#1366,1.);
#1366 = DIRECTION('',(0.,0.,1.));
#1367 = ORIENTED_EDGE('',*,*,#1368,.F.);
#1368 = EDGE_CURVE('',#1295,#1361,#1369,.T.);
#1369 = LINE('',#1370,#1371);
#1370 = CARTESIAN_POINT('',(0.,72.,8.));
#1371 = VECTOR('',#1372,1.);
#1372 = DIRECTION('',(-0.,1.,0.));
#1373 = PLANE('',#1374);
#1374 = AXIS2_PLACEMENT_3D('',#1375,#1376,#1377);
#1375 = CARTESIAN_POINT('',(0.,105.135,15.365));
#1376 = DIRECTION('',(-1.,-0.,-0.));
#1377 = DIRECTION('',(0.,0.,-1.));
#1378 = ADVANCED_FACE('',(#1379),#1413,.F.);
#1379 = FACE_BOUND('',#1380,.F.);
#1380 = EDGE_LOOP('',(#1381,#1391,#1399,#1407));
#1381 = ORIENTED_EDGE('',*,*,#1382,.F.);
#1382 = EDGE_CURVE('',#1383,#1385,#1387,.T.);
#1383 = VERTEX_POINT('',#1384);
#1384 = CARTESIAN_POINT('',(16.,115.,20.));
#1385 = VERTEX_POINT('',#1386);
#1386 = CARTESIAN_POINT('',(16.,118.,20.));
#1387 = LINE('',#1388,#1389);
#1388 = CARTESIAN_POINT('',(16.,114.9,20.));
#1389 = VECTOR('',#1390,1.);
#1390 = DIRECTION('',(-0.,1.,0.));
#1391 = ORIENTED_EDGE('',*,*,#1392,.T.);
#1392 = EDGE_CURVE('',#1383,#1393,#1395,.T.);
#1393 = VERTEX_POINT('',#1394);
#1394 = CARTESIAN_POINT('',(24.,115.,20.));
#1395 = LINE('',#1396,#1397);
#1396 = CARTESIAN_POINT('',(8.,115.,20.));
#1397 = VECTOR('',#1398,1.);
#1398 = DIRECTION('',(1.,0.,-0.));
#1399 = ORIENTED_EDGE('',*,*,#1400,.T.);
#1400 = EDGE_CURVE('',#1393,#1401,#1403,.T.);
#1401 = VERTEX_POINT('',#1402);
#1402 = CARTESIAN_POINT('',(24.,118.,20.));
#1403 = LINE('',#1404,#1405);
#1404 = CARTESIAN_POINT('',(24.,114.9,20.));
#1405 = VECTOR('',#1406,1.);
#1406 = DIRECTION('',(-0.,1.,0.));
#1407 = ORIENTED_EDGE('',*,*,#1408,.F.);
#1408 = EDGE_CURVE('',#1385,#1401,#1409,.T.);
#1409 = LINE('',#1410,#1411);
#1410 = CARTESIAN_POINT('',(8.,118.,20.));
#1411 = VECTOR('',#1412,1.);
#1412 = DIRECTION('',(1.,0.,-0.));
#1413 = PLANE('',#1414);
#1414 = AXIS2_PLACEMENT_3D('',#1415,#1416,#1417);
#1415 = CARTESIAN_POINT('',(16.,114.9,20.));
#1416 = DIRECTION('',(0.,0.,1.));
#1417 = DIRECTION('',(1.,0.,-0.));
#1418 = ADVANCED_FACE('',(#1419),#1444,.F.);
#1419 = FACE_BOUND('',#1420,.F.);
#1420 = EDGE_LOOP('',(#1421,#1422,#1430,#1438));
#1421 = ORIENTED_EDGE('',*,*,#1400,.F.);
#1422 = ORIENTED_EDGE('',*,*,#1423,.T.);
#1423 = EDGE_CURVE('',#1393,#1424,#1426,.T.);
#1424 = VERTEX_POINT('',#1425);
#1425 = CARTESIAN_POINT('',(24.,115.,12.));
#1426 = LINE('',#1427,#1428);
#1427 = CARTESIAN_POINT('',(24.,115.,10.));
#1428 = VECTOR('',#1429,1.);
#1429 = DIRECTION('',(-0.,0.,-1.));
#1430 = ORIENTED_EDGE('',*,*,#1431,.T.);
#1431 = EDGE_CURVE('',#1424,#1432,#1434,.T.);
#1432 = VERTEX_POINT('',#1433);
#1433 = CARTESIAN_POINT('',(24.,118.,12.));
#1434 = LINE('',#1435,#1436);
#1435 = CARTESIAN_POINT('',(24.,114.9,12.));
#1436 = VECTOR('',#1437,1.);
#1437 = DIRECTION('',(-0.,1.,0.));
#1438 = ORIENTED_EDGE('',*,*,#1439,.F.);
#1439 = EDGE_CURVE('',#1401,#1432,#1440,.T.);
#1440 = LINE('',#1441,#1442);
#1441 = CARTESIAN_POINT('',(24.,118.,10.));
#1442 = VECTOR('',#1443,1.);
#1443 = DIRECTION('',(-0.,0.,-1.));
#1444 = PLANE('',#1445);
#1445 = AXIS2_PLACEMENT_3D('',#1446,#1447,#1448);
#1446 = CARTESIAN_POINT('',(24.,114.9,12.));
#1447 = DIRECTION('',(1.,0.,-0.));
#1448 = DIRECTION('',(0.,0.,1.));
#1449 = ADVANCED_FACE('',(#1450),#1475,.T.);
#1450 = FACE_BOUND('',#1451,.T.);
#1451 = EDGE_LOOP('',(#1452,#1462,#1468,#1469));
#1452 = ORIENTED_EDGE('',*,*,#1453,.F.);
#1453 = EDGE_CURVE('',#1454,#1456,#1458,.T.);
#1454 = VERTEX_POINT('',#1455);
#1455 = CARTESIAN_POINT('',(16.,115.,12.));
#1456 = VERTEX_POINT('',#1457);
#1457 = CARTESIAN_POINT('',(16.,118.,12.));
#1458 = LINE('',#1459,#1460);
#1459 = CARTESIAN_POINT('',(16.,114.9,12.));
#1460 = VECTOR('',#1461,1.);
#1461 = DIRECTION('',(-0.,1.,0.));
#1462 = ORIENTED_EDGE('',*,*,#1463,.T.);
#1463 = EDGE_CURVE('',#1454,#1424,#1464,.T.);
#1464 = LINE('',#1465,#1466);
#1465 = CARTESIAN_POINT('',(8.,115.,12.));
#1466 = VECTOR('',#1467,1.);
#1467 = DIRECTION('',(1.,0.,-0.));
#1468 = ORIENTED_EDGE('',*,*,#1431,.T.);
#1469 = ORIENTED_EDGE('',*,*,#1470,.F.);
#1470 = EDGE_CURVE('',#1456,#1432,#1471,.T.);
#1471 = LINE('',#1472,#1473);
#1472 = CARTESIAN_POINT('',(8.,118.,12.));
#1473 = VECTOR('',#1474,1.);
#1474 = DIRECTION('',(1.,0.,-0.));
#1475 = PLANE('',#1476);
#1476 = AXIS2_PLACEMENT_3D('',#1477,#1478,#1479);
#1477 = CARTESIAN_POINT('',(16.,114.9,12.));
#1478 = DIRECTION('',(0.,0.,1.));
#1479 = DIRECTION('',(1.,0.,-0.));
#1480 = ADVANCED_FACE('',(#1481),#1497,.T.);
#1481 = FACE_BOUND('',#1482,.T.);
#1482 = EDGE_LOOP('',(#1483,#1484,#1490,#1491));
#1483 = ORIENTED_EDGE('',*,*,#1382,.F.);
#1484 = ORIENTED_EDGE('',*,*,#1485,.T.);
#1485 = EDGE_CURVE('',#1383,#1454,#1486,.T.);
#1486 = LINE('',#1487,#1488);
#1487 = CARTESIAN_POINT('',(16.,115.,10.));
#1488 = VECTOR('',#1489,1.);
#1489 = DIRECTION('',(-0.,0.,-1.));
#1490 = ORIENTED_EDGE('',*,*,#1453,.T.);
#1491 = ORIENTED_EDGE('',*,*,#1492,.F.);
#1492 = EDGE_CURVE('',#1385,#1456,#1493,.T.);
#1493 = LINE('',#1494,#1495);
#1494 = CARTESIAN_POINT('',(16.,118.,10.));
#1495 = VECTOR('',#1496,1.);
#1496 = DIRECTION('',(-0.,0.,-1.));
#1497 = PLANE('',#1498);
#1498 = AXIS2_PLACEMENT_3D('',#1499,#1500,#1501);
#1499 = CARTESIAN_POINT('',(16.,114.9,12.));
#1500 = DIRECTION('',(1.,0.,-0.));
#1501 = DIRECTION('',(0.,0.,1.));
#1502 = ADVANCED_FACE('',(#1503,#1528,#1534,#1568,#1602,#1636,#1670,
    #1704),#1738,.T.);
#1503 = FACE_BOUND('',#1504,.T.);
#1504 = EDGE_LOOP('',(#1505,#1513,#1514,#1522));
#1505 = ORIENTED_EDGE('',*,*,#1506,.T.);
#1506 = EDGE_CURVE('',#1507,#1345,#1509,.T.);
#1507 = VERTEX_POINT('',#1508);
#1508 = CARTESIAN_POINT('',(180.,118.,11.));
#1509 = LINE('',#1510,#1511);
#1510 = CARTESIAN_POINT('',(0.,118.,11.));
#1511 = VECTOR('',#1512,1.);
#1512 = DIRECTION('',(-1.,-0.,0.));
#1513 = ORIENTED_EDGE('',*,*,#1344,.T.);
#1514 = ORIENTED_EDGE('',*,*,#1515,.T.);
#1515 = EDGE_CURVE('',#1337,#1516,#1518,.T.);
#1516 = VERTEX_POINT('',#1517);
#1517 = CARTESIAN_POINT('',(180.,118.,21.));
#1518 = LINE('',#1519,#1520);
#1519 = CARTESIAN_POINT('',(0.,118.,21.));
#1520 = VECTOR('',#1521,1.);
#1521 = DIRECTION('',(1.,0.,-0.));
#1522 = ORIENTED_EDGE('',*,*,#1523,.F.);
#1523 = EDGE_CURVE('',#1507,#1516,#1524,.T.);
#1524 = LINE('',#1525,#1526);
#1525 = CARTESIAN_POINT('',(180.,118.,8.));
#1526 = VECTOR('',#1527,1.);
#1527 = DIRECTION('',(0.,0.,1.));
#1528 = FACE_BOUND('',#1529,.T.);
#1529 = EDGE_LOOP('',(#1530,#1531,#1532,#1533));
#1530 = ORIENTED_EDGE('',*,*,#1408,.F.);
#1531 = ORIENTED_EDGE('',*,*,#1492,.T.);
#1532 = ORIENTED_EDGE('',*,*,#1470,.T.);
#1533 = ORIENTED_EDGE('',*,*,#1439,.F.);
#1534 = FACE_BOUND('',#1535,.T.);
#1535 = EDGE_LOOP('',(#1536,#1546,#1554,#1562));
#1536 = ORIENTED_EDGE('',*,*,#1537,.F.);
#1537 = EDGE_CURVE('',#1538,#1540,#1542,.T.);
#1538 = VERTEX_POINT('',#1539);
#1539 = CARTESIAN_POINT('',(38.,118.,20.));
#1540 = VERTEX_POINT('',#1541);
#1541 = CARTESIAN_POINT('',(46.,118.,20.));
#1542 = LINE('',#1543,#1544);
#1543 = CARTESIAN_POINT('',(19.,118.,20.));
#1544 = VECTOR('',#1545,1.);
#1545 = DIRECTION('',(1.,0.,-0.));
#1546 = ORIENTED_EDGE('',*,*,#1547,.T.);
#1547 = EDGE_CURVE('',#1538,#1548,#1550,.T.);
#1548 = VERTEX_POINT('',#1549);
#1549 = CARTESIAN_POINT('',(38.,118.,12.));
#1550 = LINE('',#1551,#1552);
#1551 = CARTESIAN_POINT('',(38.,118.,10.));
#1552 = VECTOR('',#1553,1.);
#1553 = DIRECTION('',(-0.,0.,-1.));
#1554 = ORIENTED_EDGE('',*,*,#1555,.T.);
#1555 = EDGE_CURVE('',#1548,#1556,#1558,.T.);
#1556 = VERTEX_POINT('',#1557);
#1557 = CARTESIAN_POINT('',(46.,118.,12.));
#1558 = LINE('',#1559,#1560);
#1559 = CARTESIAN_POINT('',(19.,118.,12.));
#1560 = VECTOR('',#1561,1.);
#1561 = DIRECTION('',(1.,0.,-0.));
#1562 = ORIENTED_EDGE('',*,*,#1563,.F.);
#1563 = EDGE_CURVE('',#1540,#1556,#1564,.T.);
#1564 = LINE('',#1565,#1566);
#1565 = CARTESIAN_POINT('',(46.,118.,10.));
#1566 = VECTOR('',#1567,1.);
#1567 = DIRECTION('',(-0.,0.,-1.));
#1568 = FACE_BOUND('',#1569,.T.);
#1569 = EDGE_LOOP('',(#1570,#1580,#1588,#1596));
#1570 = ORIENTED_EDGE('',*,*,#1571,.F.);
#1571 = EDGE_CURVE('',#1572,#1574,#1576,.T.);
#1572 = VERTEX_POINT('',#1573);
#1573 = CARTESIAN_POINT('',(60.,118.,20.));
#1574 = VERTEX_POINT('',#1575);
#1575 = CARTESIAN_POINT('',(68.,118.,20.));
#1576 = LINE('',#1577,#1578);
#1577 = CARTESIAN_POINT('',(30.,118.,20.));
#1578 = VECTOR('',#1579,1.);
#1579 = DIRECTION('',(1.,0.,-0.));
#1580 = ORIENTED_EDGE('',*,*,#1581,.T.);
#1581 = EDGE_CURVE('',#1572,#1582,#1584,.T.);
#1582 = VERTEX_POINT('',#1583);
#1583 = CARTESIAN_POINT('',(60.,118.,12.));
#1584 = LINE('',#1585,#1586);
#1585 = CARTESIAN_POINT('',(60.,118.,10.));
#1586 = VECTOR('',#1587,1.);
#1587 = DIRECTION('',(-0.,0.,-1.));
#1588 = ORIENTED_EDGE('',*,*,#1589,.T.);
#1589 = EDGE_CURVE('',#1582,#1590,#1592,.T.);
#1590 = VERTEX_POINT('',#1591);
#1591 = CARTESIAN_POINT('',(68.,118.,12.));
#1592 = LINE('',#1593,#1594);
#1593 = CARTESIAN_POINT('',(30.,118.,12.));
#1594 = VECTOR('',#1595,1.);
#1595 = DIRECTION('',(1.,0.,-0.));
#1596 = ORIENTED_EDGE('',*,*,#1597,.F.);
#1597 = EDGE_CURVE('',#1574,#1590,#1598,.T.);
#1598 = LINE('',#1599,#1600);
#1599 = CARTESIAN_POINT('',(68.,118.,10.));
#1600 = VECTOR('',#1601,1.);
#1601 = DIRECTION('',(-0.,0.,-1.));
#1602 = FACE_BOUND('',#1603,.T.);
#1603 = EDGE_LOOP('',(#1604,#1614,#1622,#1630));
#1604 = ORIENTED_EDGE('',*,*,#1605,.F.);
#1605 = EDGE_CURVE('',#1606,#1608,#1610,.T.);
#1606 = VERTEX_POINT('',#1607);
#1607 = CARTESIAN_POINT('',(84.,118.,20.));
#1608 = VERTEX_POINT('',#1609);
#1609 = CARTESIAN_POINT('',(92.,118.,20.));
#1610 = LINE('',#1611,#1612);
#1611 = CARTESIAN_POINT('',(42.,118.,20.));
#1612 = VECTOR('',#1613,1.);
#1613 = DIRECTION('',(1.,0.,-0.));
#1614 = ORIENTED_EDGE('',*,*,#1615,.T.);
#1615 = EDGE_CURVE('',#1606,#1616,#1618,.T.);
#1616 = VERTEX_POINT('',#1617);
#1617 = CARTESIAN_POINT('',(84.,118.,12.));
#1618 = LINE('',#1619,#1620);
#1619 = CARTESIAN_POINT('',(84.,118.,10.));
#1620 = VECTOR('',#1621,1.);
#1621 = DIRECTION('',(-0.,0.,-1.));
#1622 = ORIENTED_EDGE('',*,*,#1623,.T.);
#1623 = EDGE_CURVE('',#1616,#1624,#1626,.T.);
#1624 = VERTEX_POINT('',#1625);
#1625 = CARTESIAN_POINT('',(92.,118.,12.));
#1626 = LINE('',#1627,#1628);
#1627 = CARTESIAN_POINT('',(42.,118.,12.));
#1628 = VECTOR('',#1629,1.);
#1629 = DIRECTION('',(1.,0.,-0.));
#1630 = ORIENTED_EDGE('',*,*,#1631,.F.);
#1631 = EDGE_CURVE('',#1608,#1624,#1632,.T.);
#1632 = LINE('',#1633,#1634);
#1633 = CARTESIAN_POINT('',(92.,118.,10.));
#1634 = VECTOR('',#1635,1.);
#1635 = DIRECTION('',(-0.,0.,-1.));
#1636 = FACE_BOUND('',#1637,.T.);
#1637 = EDGE_LOOP('',(#1638,#1648,#1656,#1664));
#1638 = ORIENTED_EDGE('',*,*,#1639,.F.);
#1639 = EDGE_CURVE('',#1640,#1642,#1644,.T.);
#1640 = VERTEX_POINT('',#1641);
#1641 = CARTESIAN_POINT('',(110.,118.,20.));
#1642 = VERTEX_POINT('',#1643);
#1643 = CARTESIAN_POINT('',(118.,118.,20.));
#1644 = LINE('',#1645,#1646);
#1645 = CARTESIAN_POINT('',(55.,118.,20.));
#1646 = VECTOR('',#1647,1.);
#1647 = DIRECTION('',(1.,0.,-0.));
#1648 = ORIENTED_EDGE('',*,*,#1649,.T.);
#1649 = EDGE_CURVE('',#1640,#1650,#1652,.T.);
#1650 = VERTEX_POINT('',#1651);
#1651 = CARTESIAN_POINT('',(110.,118.,12.));
#1652 = LINE('',#1653,#1654);
#1653 = CARTESIAN_POINT('',(110.,118.,10.));
#1654 = VECTOR('',#1655,1.);
#1655 = DIRECTION('',(-0.,0.,-1.));
#1656 = ORIENTED_EDGE('',*,*,#1657,.T.);
#1657 = EDGE_CURVE('',#1650,#1658,#1660,.T.);
#1658 = VERTEX_POINT('',#1659);
#1659 = CARTESIAN_POINT('',(118.,118.,12.));
#1660 = LINE('',#1661,#1662);
#1661 = CARTESIAN_POINT('',(55.,118.,12.));
#1662 = VECTOR('',#1663,1.);
#1663 = DIRECTION('',(1.,0.,-0.));
#1664 = ORIENTED_EDGE('',*,*,#1665,.F.);
#1665 = EDGE_CURVE('',#1642,#1658,#1666,.T.);
#1666 = LINE('',#1667,#1668);
#1667 = CARTESIAN_POINT('',(118.,118.,10.));
#1668 = VECTOR('',#1669,1.);
#1669 = DIRECTION('',(-0.,0.,-1.));
#1670 = FACE_BOUND('',#1671,.T.);
#1671 = EDGE_LOOP('',(#1672,#1682,#1690,#1698));
#1672 = ORIENTED_EDGE('',*,*,#1673,.F.);
#1673 = EDGE_CURVE('',#1674,#1676,#1678,.T.);
#1674 = VERTEX_POINT('',#1675);
#1675 = CARTESIAN_POINT('',(136.,118.,20.));
#1676 = VERTEX_POINT('',#1677);
#1677 = CARTESIAN_POINT('',(144.,118.,20.));
#1678 = LINE('',#1679,#1680);
#1679 = CARTESIAN_POINT('',(68.,118.,20.));
#1680 = VECTOR('',#1681,1.);
#1681 = DIRECTION('',(1.,0.,-0.));
#1682 = ORIENTED_EDGE('',*,*,#1683,.T.);
#1683 = EDGE_CURVE('',#1674,#1684,#1686,.T.);
#1684 = VERTEX_POINT('',#1685);
#1685 = CARTESIAN_POINT('',(136.,118.,12.));
#1686 = LINE('',#1687,#1688);
#1687 = CARTESIAN_POINT('',(136.,118.,10.));
#1688 = VECTOR('',#1689,1.);
#1689 = DIRECTION('',(-0.,0.,-1.));
#1690 = ORIENTED_EDGE('',*,*,#1691,.T.);
#1691 = EDGE_CURVE('',#1684,#1692,#1694,.T.);
#1692 = VERTEX_POINT('',#1693);
#1693 = CARTESIAN_POINT('',(144.,118.,12.));
#1694 = LINE('',#1695,#1696);
#1695 = CARTESIAN_POINT('',(68.,118.,12.));
#1696 = VECTOR('',#1697,1.);
#1697 = DIRECTION('',(1.,0.,-0.));
#1698 = ORIENTED_EDGE('',*,*,#1699,.F.);
#1699 = EDGE_CURVE('',#1676,#1692,#1700,.T.);
#1700 = LINE('',#1701,#1702);
#1701 = CARTESIAN_POINT('',(144.,118.,10.));
#1702 = VECTOR('',#1703,1.);
#1703 = DIRECTION('',(-0.,0.,-1.));
#1704 = FACE_BOUND('',#1705,.T.);
#1705 = EDGE_LOOP('',(#1706,#1716,#1724,#1732));
#1706 = ORIENTED_EDGE('',*,*,#1707,.F.);
#1707 = EDGE_CURVE('',#1708,#1710,#1712,.T.);
#1708 = VERTEX_POINT('',#1709);
#1709 = CARTESIAN_POINT('',(158.,118.,20.));
#1710 = VERTEX_POINT('',#1711);
#1711 = CARTESIAN_POINT('',(166.,118.,20.));
#1712 = LINE('',#1713,#1714);
#1713 = CARTESIAN_POINT('',(79.,118.,20.));
#1714 = VECTOR('',#1715,1.);
#1715 = DIRECTION('',(1.,0.,-0.));
#1716 = ORIENTED_EDGE('',*,*,#1717,.T.);
#1717 = EDGE_CURVE('',#1708,#1718,#1720,.T.);
#1718 = VERTEX_POINT('',#1719);
#1719 = CARTESIAN_POINT('',(158.,118.,12.));
#1720 = LINE('',#1721,#1722);
#1721 = CARTESIAN_POINT('',(158.,118.,10.));
#1722 = VECTOR('',#1723,1.);
#1723 = DIRECTION('',(-0.,0.,-1.));
#1724 = ORIENTED_EDGE('',*,*,#1725,.T.);
#1725 = EDGE_CURVE('',#1718,#1726,#1728,.T.);
#1726 = VERTEX_POINT('',#1727);
#1727 = CARTESIAN_POINT('',(166.,118.,12.));
#1728 = LINE('',#1729,#1730);
#1729 = CARTESIAN_POINT('',(79.,118.,12.));
#1730 = VECTOR('',#1731,1.);
#1731 = DIRECTION('',(1.,0.,-0.));
#1732 = ORIENTED_EDGE('',*,*,#1733,.F.);
#1733 = EDGE_CURVE('',#1710,#1726,#1734,.T.);
#1734 = LINE('',#1735,#1736);
#1735 = CARTESIAN_POINT('',(166.,118.,10.));
#1736 = VECTOR('',#1737,1.);
#1737 = DIRECTION('',(-0.,0.,-1.));
#1738 = PLANE('',#1739);
#1739 = AXIS2_PLACEMENT_3D('',#1740,#1741,#1742);
#1740 = CARTESIAN_POINT('',(0.,118.,8.));
#1741 = DIRECTION('',(-0.,1.,0.));
#1742 = DIRECTION('',(0.,0.,1.));
#1743 = ADVANCED_FACE('',(#1744),#1769,.F.);
#1744 = FACE_BOUND('',#1745,.F.);
#1745 = EDGE_LOOP('',(#1746,#1754,#1762,#1768));
#1746 = ORIENTED_EDGE('',*,*,#1747,.F.);
#1747 = EDGE_CURVE('',#1748,#1538,#1750,.T.);
#1748 = VERTEX_POINT('',#1749);
#1749 = CARTESIAN_POINT('',(38.,115.,20.));
#1750 = LINE('',#1751,#1752);
#1751 = CARTESIAN_POINT('',(38.,114.9,20.));
#1752 = VECTOR('',#1753,1.);
#1753 = DIRECTION('',(-0.,1.,0.));
#1754 = ORIENTED_EDGE('',*,*,#1755,.T.);
#1755 = EDGE_CURVE('',#1748,#1756,#1758,.T.);
#1756 = VERTEX_POINT('',#1757);
#1757 = CARTESIAN_POINT('',(46.,115.,20.));
#1758 = LINE('',#1759,#1760);
#1759 = CARTESIAN_POINT('',(19.,115.,20.));
#1760 = VECTOR('',#1761,1.);
#1761 = DIRECTION('',(1.,0.,-0.));
#1762 = ORIENTED_EDGE('',*,*,#1763,.T.);
#1763 = EDGE_CURVE('',#1756,#1540,#1764,.T.);
#1764 = LINE('',#1765,#1766);
#1765 = CARTESIAN_POINT('',(46.,114.9,20.));
#1766 = VECTOR('',#1767,1.);
#1767 = DIRECTION('',(-0.,1.,0.));
#1768 = ORIENTED_EDGE('',*,*,#1537,.F.);
#1769 = PLANE('',#1770);
#1770 = AXIS2_PLACEMENT_3D('',#1771,#1772,#1773);
#1771 = CARTESIAN_POINT('',(38.,114.9,20.));
#1772 = DIRECTION('',(0.,0.,1.));
#1773 = DIRECTION('',(1.,0.,-0.));
#1774 = ADVANCED_FACE('',(#1775),#1793,.F.);
#1775 = FACE_BOUND('',#1776,.F.);
#1776 = EDGE_LOOP('',(#1777,#1778,#1786,#1792));
#1777 = ORIENTED_EDGE('',*,*,#1763,.F.);
#1778 = ORIENTED_EDGE('',*,*,#1779,.T.);
#1779 = EDGE_CURVE('',#1756,#1780,#1782,.T.);
#1780 = VERTEX_POINT('',#1781);
#1781 = CARTESIAN_POINT('',(46.,115.,12.));
#1782 = LINE('',#1783,#1784);
#1783 = CARTESIAN_POINT('',(46.,115.,10.));
#1784 = VECTOR('',#1785,1.);
#1785 = DIRECTION('',(-0.,0.,-1.));
#1786 = ORIENTED_EDGE('',*,*,#1787,.T.);
#1787 = EDGE_CURVE('',#1780,#1556,#1788,.T.);
#1788 = LINE('',#1789,#1790);
#1789 = CARTESIAN_POINT('',(46.,114.9,12.));
#1790 = VECTOR('',#1791,1.);
#1791 = DIRECTION('',(-0.,1.,0.));
#1792 = ORIENTED_EDGE('',*,*,#1563,.F.);
#1793 = PLANE('',#1794);
#1794 = AXIS2_PLACEMENT_3D('',#1795,#1796,#1797);
#1795 = CARTESIAN_POINT('',(46.,114.9,12.));
#1796 = DIRECTION('',(1.,0.,-0.));
#1797 = DIRECTION('',(0.,0.,1.));
#1798 = ADVANCED_FACE('',(#1799),#1817,.T.);
#1799 = FACE_BOUND('',#1800,.T.);
#1800 = EDGE_LOOP('',(#1801,#1809,#1815,#1816));
#1801 = ORIENTED_EDGE('',*,*,#1802,.F.);
#1802 = EDGE_CURVE('',#1803,#1548,#1805,.T.);
#1803 = VERTEX_POINT('',#1804);
#1804 = CARTESIAN_POINT('',(38.,115.,12.));
#1805 = LINE('',#1806,#1807);
#1806 = CARTESIAN_POINT('',(38.,114.9,12.));
#1807 = VECTOR('',#1808,1.);
#1808 = DIRECTION('',(-0.,1.,0.));
#1809 = ORIENTED_EDGE('',*,*,#1810,.T.);
#1810 = EDGE_CURVE('',#1803,#1780,#1811,.T.);
#1811 = LINE('',#1812,#1813);
#1812 = CARTESIAN_POINT('',(19.,115.,12.));
#1813 = VECTOR('',#1814,1.);
#1814 = DIRECTION('',(1.,0.,-0.));
#1815 = ORIENTED_EDGE('',*,*,#1787,.T.);
#1816 = ORIENTED_EDGE('',*,*,#1555,.F.);
#1817 = PLANE('',#1818);
#1818 = AXIS2_PLACEMENT_3D('',#1819,#1820,#1821);
#1819 = CARTESIAN_POINT('',(38.,114.9,12.));
#1820 = DIRECTION('',(0.,0.,1.));
#1821 = DIRECTION('',(1.,0.,-0.));
#1822 = ADVANCED_FACE('',(#1823),#1834,.T.);
#1823 = FACE_BOUND('',#1824,.T.);
#1824 = EDGE_LOOP('',(#1825,#1826,#1832,#1833));
#1825 = ORIENTED_EDGE('',*,*,#1747,.F.);
#1826 = ORIENTED_EDGE('',*,*,#1827,.T.);
#1827 = EDGE_CURVE('',#1748,#1803,#1828,.T.);
#1828 = LINE('',#1829,#1830);
#1829 = CARTESIAN_POINT('',(38.,115.,10.));
#1830 = VECTOR('',#1831,1.);
#1831 = DIRECTION('',(-0.,0.,-1.));
#1832 = ORIENTED_EDGE('',*,*,#1802,.T.);
#1833 = ORIENTED_EDGE('',*,*,#1547,.F.);
#1834 = PLANE('',#1835);
#1835 = AXIS2_PLACEMENT_3D('',#1836,#1837,#1838);
#1836 = CARTESIAN_POINT('',(38.,114.9,12.));
#1837 = DIRECTION('',(1.,0.,-0.));
#1838 = DIRECTION('',(0.,0.,1.));
#1839 = ADVANCED_FACE('',(#1840),#1865,.F.);
#1840 = FACE_BOUND('',#1841,.F.);
#1841 = EDGE_LOOP('',(#1842,#1850,#1858,#1864));
#1842 = ORIENTED_EDGE('',*,*,#1843,.F.);
#1843 = EDGE_CURVE('',#1844,#1572,#1846,.T.);
#1844 = VERTEX_POINT('',#1845);
#1845 = CARTESIAN_POINT('',(60.,115.,20.));
#1846 = LINE('',#1847,#1848);
#1847 = CARTESIAN_POINT('',(60.,114.9,20.));
#1848 = VECTOR('',#1849,1.);
#1849 = DIRECTION('',(-0.,1.,0.));
#1850 = ORIENTED_EDGE('',*,*,#1851,.T.);
#1851 = EDGE_CURVE('',#1844,#1852,#1854,.T.);
#1852 = VERTEX_POINT('',#1853);
#1853 = CARTESIAN_POINT('',(68.,115.,20.));
#1854 = LINE('',#1855,#1856);
#1855 = CARTESIAN_POINT('',(30.,115.,20.));
#1856 = VECTOR('',#1857,1.);
#1857 = DIRECTION('',(1.,0.,-0.));
#1858 = ORIENTED_EDGE('',*,*,#1859,.T.);
#1859 = EDGE_CURVE('',#1852,#1574,#1860,.T.);
#1860 = LINE('',#1861,#1862);
#1861 = CARTESIAN_POINT('',(68.,114.9,20.));
#1862 = VECTOR('',#1863,1.);
#1863 = DIRECTION('',(-0.,1.,0.));
#1864 = ORIENTED_EDGE('',*,*,#1571,.F.);
#1865 = PLANE('',#1866);
#1866 = AXIS2_PLACEMENT_3D('',#1867,#1868,#1869);
#1867 = CARTESIAN_POINT('',(60.,114.9,20.));
#1868 = DIRECTION('',(0.,0.,1.));
#1869 = DIRECTION('',(1.,0.,-0.));
#1870 = ADVANCED_FACE('',(#1871),#1889,.F.);
#1871 = FACE_BOUND('',#1872,.F.);
#1872 = EDGE_LOOP('',(#1873,#1874,#1882,#1888));
#1873 = ORIENTED_EDGE('',*,*,#1859,.F.);
#1874 = ORIENTED_EDGE('',*,*,#1875,.T.);
#1875 = EDGE_CURVE('',#1852,#1876,#1878,.T.);
#1876 = VERTEX_POINT('',#1877);
#1877 = CARTESIAN_POINT('',(68.,115.,12.));
#1878 = LINE('',#1879,#1880);
#1879 = CARTESIAN_POINT('',(68.,115.,10.));
#1880 = VECTOR('',#1881,1.);
#1881 = DIRECTION('',(-0.,0.,-1.));
#1882 = ORIENTED_EDGE('',*,*,#1883,.T.);
#1883 = EDGE_CURVE('',#1876,#1590,#1884,.T.);
#1884 = LINE('',#1885,#1886);
#1885 = CARTESIAN_POINT('',(68.,114.9,12.));
#1886 = VECTOR('',#1887,1.);
#1887 = DIRECTION('',(-0.,1.,0.));
#1888 = ORIENTED_EDGE('',*,*,#1597,.F.);
#1889 = PLANE('',#1890);
#1890 = AXIS2_PLACEMENT_3D('',#1891,#1892,#1893);
#1891 = CARTESIAN_POINT('',(68.,114.9,12.));
#1892 = DIRECTION('',(1.,0.,-0.));
#1893 = DIRECTION('',(0.,0.,1.));
#1894 = ADVANCED_FACE('',(#1895),#1913,.T.);
#1895 = FACE_BOUND('',#1896,.T.);
#1896 = EDGE_LOOP('',(#1897,#1905,#1911,#1912));
#1897 = ORIENTED_EDGE('',*,*,#1898,.F.);
#1898 = EDGE_CURVE('',#1899,#1582,#1901,.T.);
#1899 = VERTEX_POINT('',#1900);
#1900 = CARTESIAN_POINT('',(60.,115.,12.));
#1901 = LINE('',#1902,#1903);
#1902 = CARTESIAN_POINT('',(60.,114.9,12.));
#1903 = VECTOR('',#1904,1.);
#1904 = DIRECTION('',(-0.,1.,0.));
#1905 = ORIENTED_EDGE('',*,*,#1906,.T.);
#1906 = EDGE_CURVE('',#1899,#1876,#1907,.T.);
#1907 = LINE('',#1908,#1909);
#1908 = CARTESIAN_POINT('',(30.,115.,12.));
#1909 = VECTOR('',#1910,1.);
#1910 = DIRECTION('',(1.,0.,-0.));
#1911 = ORIENTED_EDGE('',*,*,#1883,.T.);
#1912 = ORIENTED_EDGE('',*,*,#1589,.F.);
#1913 = PLANE('',#1914);
#1914 = AXIS2_PLACEMENT_3D('',#1915,#1916,#1917);
#1915 = CARTESIAN_POINT('',(60.,114.9,12.));
#1916 = DIRECTION('',(0.,0.,1.));
#1917 = DIRECTION('',(1.,0.,-0.));
#1918 = ADVANCED_FACE('',(#1919),#1930,.T.);
#1919 = FACE_BOUND('',#1920,.T.);
#1920 = EDGE_LOOP('',(#1921,#1922,#1928,#1929));
#1921 = ORIENTED_EDGE('',*,*,#1843,.F.);
#1922 = ORIENTED_EDGE('',*,*,#1923,.T.);
#1923 = EDGE_CURVE('',#1844,#1899,#1924,.T.);
#1924 = LINE('',#1925,#1926);
#1925 = CARTESIAN_POINT('',(60.,115.,10.));
#1926 = VECTOR('',#1927,1.);
#1927 = DIRECTION('',(-0.,0.,-1.));
#1928 = ORIENTED_EDGE('',*,*,#1898,.T.);
#1929 = ORIENTED_EDGE('',*,*,#1581,.F.);
#1930 = PLANE('',#1931);
#1931 = AXIS2_PLACEMENT_3D('',#1932,#1933,#1934);
#1932 = CARTESIAN_POINT('',(60.,114.9,12.));
#1933 = DIRECTION('',(1.,0.,-0.));
#1934 = DIRECTION('',(0.,0.,1.));
#1935 = ADVANCED_FACE('',(#1936),#1961,.F.);
#1936 = FACE_BOUND('',#1937,.F.);
#1937 = EDGE_LOOP('',(#1938,#1946,#1954,#1960));
#1938 = ORIENTED_EDGE('',*,*,#1939,.F.);
#1939 = EDGE_CURVE('',#1940,#1606,#1942,.T.);
#1940 = VERTEX_POINT('',#1941);
#1941 = CARTESIAN_POINT('',(84.,115.,20.));
#1942 = LINE('',#1943,#1944);
#1943 = CARTESIAN_POINT('',(84.,114.9,20.));
#1944 = VECTOR('',#1945,1.);
#1945 = DIRECTION('',(-0.,1.,0.));
#1946 = ORIENTED_EDGE('',*,*,#1947,.T.);
#1947 = EDGE_CURVE('',#1940,#1948,#1950,.T.);
#1948 = VERTEX_POINT('',#1949);
#1949 = CARTESIAN_POINT('',(92.,115.,20.));
#1950 = LINE('',#1951,#1952);
#1951 = CARTESIAN_POINT('',(42.,115.,20.));
#1952 = VECTOR('',#1953,1.);
#1953 = DIRECTION('',(1.,0.,-0.));
#1954 = ORIENTED_EDGE('',*,*,#1955,.T.);
#1955 = EDGE_CURVE('',#1948,#1608,#1956,.T.);
#1956 = LINE('',#1957,#1958);
#1957 = CARTESIAN_POINT('',(92.,114.9,20.));
#1958 = VECTOR('',#1959,1.);
#1959 = DIRECTION('',(-0.,1.,0.));
#1960 = ORIENTED_EDGE('',*,*,#1605,.F.);
#1961 = PLANE('',#1962);
#1962 = AXIS2_PLACEMENT_3D('',#1963,#1964,#1965);
#1963 = CARTESIAN_POINT('',(84.,114.9,20.));
#1964 = DIRECTION('',(0.,0.,1.));
#1965 = DIRECTION('',(1.,0.,-0.));
#1966 = ADVANCED_FACE('',(#1967),#1985,.F.);
#1967 = FACE_BOUND('',#1968,.F.);
#1968 = EDGE_LOOP('',(#1969,#1970,#1978,#1984));
#1969 = ORIENTED_EDGE('',*,*,#1955,.F.);
#1970 = ORIENTED_EDGE('',*,*,#1971,.T.);
#1971 = EDGE_CURVE('',#1948,#1972,#1974,.T.);
#1972 = VERTEX_POINT('',#1973);
#1973 = CARTESIAN_POINT('',(92.,115.,12.));
#1974 = LINE('',#1975,#1976);
#1975 = CARTESIAN_POINT('',(92.,115.,10.));
#1976 = VECTOR('',#1977,1.);
#1977 = DIRECTION('',(-0.,0.,-1.));
#1978 = ORIENTED_EDGE('',*,*,#1979,.T.);
#1979 = EDGE_CURVE('',#1972,#1624,#1980,.T.);
#1980 = LINE('',#1981,#1982);
#1981 = CARTESIAN_POINT('',(92.,114.9,12.));
#1982 = VECTOR('',#1983,1.);
#1983 = DIRECTION('',(-0.,1.,0.));
#1984 = ORIENTED_EDGE('',*,*,#1631,.F.);
#1985 = PLANE('',#1986);
#1986 = AXIS2_PLACEMENT_3D('',#1987,#1988,#1989);
#1987 = CARTESIAN_POINT('',(92.,114.9,12.));
#1988 = DIRECTION('',(1.,0.,-0.));
#1989 = DIRECTION('',(0.,0.,1.));
#1990 = ADVANCED_FACE('',(#1991),#2009,.T.);
#1991 = FACE_BOUND('',#1992,.T.);
#1992 = EDGE_LOOP('',(#1993,#2001,#2007,#2008));
#1993 = ORIENTED_EDGE('',*,*,#1994,.F.);
#1994 = EDGE_CURVE('',#1995,#1616,#1997,.T.);
#1995 = VERTEX_POINT('',#1996);
#1996 = CARTESIAN_POINT('',(84.,115.,12.));
#1997 = LINE('',#1998,#1999);
#1998 = CARTESIAN_POINT('',(84.,114.9,12.));
#1999 = VECTOR('',#2000,1.);
#2000 = DIRECTION('',(-0.,1.,0.));
#2001 = ORIENTED_EDGE('',*,*,#2002,.T.);
#2002 = EDGE_CURVE('',#1995,#1972,#2003,.T.);
#2003 = LINE('',#2004,#2005);
#2004 = CARTESIAN_POINT('',(42.,115.,12.));
#2005 = VECTOR('',#2006,1.);
#2006 = DIRECTION('',(1.,0.,-0.));
#2007 = ORIENTED_EDGE('',*,*,#1979,.T.);
#2008 = ORIENTED_EDGE('',*,*,#1623,.F.);
#2009 = PLANE('',#2010);
#2010 = AXIS2_PLACEMENT_3D('',#2011,#2012,#2013);
#2011 = CARTESIAN_POINT('',(84.,114.9,12.));
#2012 = DIRECTION('',(0.,0.,1.));
#2013 = DIRECTION('',(1.,0.,-0.));
#2014 = ADVANCED_FACE('',(#2015),#2026,.T.);
#2015 = FACE_BOUND('',#2016,.T.);
#2016 = EDGE_LOOP('',(#2017,#2018,#2024,#2025));
#2017 = ORIENTED_EDGE('',*,*,#1939,.F.);
#2018 = ORIENTED_EDGE('',*,*,#2019,.T.);
#2019 = EDGE_CURVE('',#1940,#1995,#2020,.T.);
#2020 = LINE('',#2021,#2022);
#2021 = CARTESIAN_POINT('',(84.,115.,10.));
#2022 = VECTOR('',#2023,1.);
#2023 = DIRECTION('',(-0.,0.,-1.));
#2024 = ORIENTED_EDGE('',*,*,#1994,.T.);
#2025 = ORIENTED_EDGE('',*,*,#1615,.F.);
#2026 = PLANE('',#2027);
#2027 = AXIS2_PLACEMENT_3D('',#2028,#2029,#2030);
#2028 = CARTESIAN_POINT('',(84.,114.9,12.));
#2029 = DIRECTION('',(1.,0.,-0.));
#2030 = DIRECTION('',(0.,0.,1.));
#2031 = ADVANCED_FACE('',(#2032),#2057,.F.);
#2032 = FACE_BOUND('',#2033,.F.);
#2033 = EDGE_LOOP('',(#2034,#2042,#2050,#2056));
#2034 = ORIENTED_EDGE('',*,*,#2035,.F.);
#2035 = EDGE_CURVE('',#2036,#1640,#2038,.T.);
#2036 = VERTEX_POINT('',#2037);
#2037 = CARTESIAN_POINT('',(110.,115.,20.));
#2038 = LINE('',#2039,#2040);
#2039 = CARTESIAN_POINT('',(110.,114.9,20.));
#2040 = VECTOR('',#2041,1.);
#2041 = DIRECTION('',(-0.,1.,0.));
#2042 = ORIENTED_EDGE('',*,*,#2043,.T.);
#2043 = EDGE_CURVE('',#2036,#2044,#2046,.T.);
#2044 = VERTEX_POINT('',#2045);
#2045 = CARTESIAN_POINT('',(118.,115.,20.));
#2046 = LINE('',#2047,#2048);
#2047 = CARTESIAN_POINT('',(55.,115.,20.));
#2048 = VECTOR('',#2049,1.);
#2049 = DIRECTION('',(1.,0.,-0.));
#2050 = ORIENTED_EDGE('',*,*,#2051,.T.);
#2051 = EDGE_CURVE('',#2044,#1642,#2052,.T.);
#2052 = LINE('',#2053,#2054);
#2053 = CARTESIAN_POINT('',(118.,114.9,20.));
#2054 = VECTOR('',#2055,1.);
#2055 = DIRECTION('',(-0.,1.,0.));
#2056 = ORIENTED_EDGE('',*,*,#1639,.F.);
#2057 = PLANE('',#2058);
#2058 = AXIS2_PLACEMENT_3D('',#2059,#2060,#2061);
#2059 = CARTESIAN_POINT('',(110.,114.9,20.));
#2060 = DIRECTION('',(0.,0.,1.));
#2061 = DIRECTION('',(1.,0.,-0.));
#2062 = ADVANCED_FACE('',(#2063),#2081,.F.);
#2063 = FACE_BOUND('',#2064,.F.);
#2064 = EDGE_LOOP('',(#2065,#2066,#2074,#2080));
#2065 = ORIENTED_EDGE('',*,*,#2051,.F.);
#2066 = ORIENTED_EDGE('',*,*,#2067,.T.);
#2067 = EDGE_CURVE('',#2044,#2068,#2070,.T.);
#2068 = VERTEX_POINT('',#2069);
#2069 = CARTESIAN_POINT('',(118.,115.,12.));
#2070 = LINE('',#2071,#2072);
#2071 = CARTESIAN_POINT('',(118.,115.,10.));
#2072 = VECTOR('',#2073,1.);
#2073 = DIRECTION('',(-0.,0.,-1.));
#2074 = ORIENTED_EDGE('',*,*,#2075,.T.);
#2075 = EDGE_CURVE('',#2068,#1658,#2076,.T.);
#2076 = LINE('',#2077,#2078);
#2077 = CARTESIAN_POINT('',(118.,114.9,12.));
#2078 = VECTOR('',#2079,1.);
#2079 = DIRECTION('',(-0.,1.,0.));
#2080 = ORIENTED_EDGE('',*,*,#1665,.F.);
#2081 = PLANE('',#2082);
#2082 = AXIS2_PLACEMENT_3D('',#2083,#2084,#2085);
#2083 = CARTESIAN_POINT('',(118.,114.9,12.));
#2084 = DIRECTION('',(1.,0.,-0.));
#2085 = DIRECTION('',(0.,0.,1.));
#2086 = ADVANCED_FACE('',(#2087),#2105,.T.);
#2087 = FACE_BOUND('',#2088,.T.);
#2088 = EDGE_LOOP('',(#2089,#2097,#2103,#2104));
#2089 = ORIENTED_EDGE('',*,*,#2090,.F.);
#2090 = EDGE_CURVE('',#2091,#1650,#2093,.T.);
#2091 = VERTEX_POINT('',#2092);
#2092 = CARTESIAN_POINT('',(110.,115.,12.));
#2093 = LINE('',#2094,#2095);
#2094 = CARTESIAN_POINT('',(110.,114.9,12.));
#2095 = VECTOR('',#2096,1.);
#2096 = DIRECTION('',(-0.,1.,0.));
#2097 = ORIENTED_EDGE('',*,*,#2098,.T.);
#2098 = EDGE_CURVE('',#2091,#2068,#2099,.T.);
#2099 = LINE('',#2100,#2101);
#2100 = CARTESIAN_POINT('',(55.,115.,12.));
#2101 = VECTOR('',#2102,1.);
#2102 = DIRECTION('',(1.,0.,-0.));
#2103 = ORIENTED_EDGE('',*,*,#2075,.T.);
#2104 = ORIENTED_EDGE('',*,*,#1657,.F.);
#2105 = PLANE('',#2106);
#2106 = AXIS2_PLACEMENT_3D('',#2107,#2108,#2109);
#2107 = CARTESIAN_POINT('',(110.,114.9,12.));
#2108 = DIRECTION('',(0.,0.,1.));
#2109 = DIRECTION('',(1.,0.,-0.));
#2110 = ADVANCED_FACE('',(#2111),#2122,.T.);
#2111 = FACE_BOUND('',#2112,.T.);
#2112 = EDGE_LOOP('',(#2113,#2114,#2120,#2121));
#2113 = ORIENTED_EDGE('',*,*,#2035,.F.);
#2114 = ORIENTED_EDGE('',*,*,#2115,.T.);
#2115 = EDGE_CURVE('',#2036,#2091,#2116,.T.);
#2116 = LINE('',#2117,#2118);
#2117 = CARTESIAN_POINT('',(110.,115.,10.));
#2118 = VECTOR('',#2119,1.);
#2119 = DIRECTION('',(-0.,0.,-1.));
#2120 = ORIENTED_EDGE('',*,*,#2090,.T.);
#2121 = ORIENTED_EDGE('',*,*,#1649,.F.);
#2122 = PLANE('',#2123);
#2123 = AXIS2_PLACEMENT_3D('',#2124,#2125,#2126);
#2124 = CARTESIAN_POINT('',(110.,114.9,12.));
#2125 = DIRECTION('',(1.,0.,-0.));
#2126 = DIRECTION('',(0.,0.,1.));
#2127 = ADVANCED_FACE('',(#2128),#2153,.F.);
#2128 = FACE_BOUND('',#2129,.F.);
#2129 = EDGE_LOOP('',(#2130,#2138,#2146,#2152));
#2130 = ORIENTED_EDGE('',*,*,#2131,.F.);
#2131 = EDGE_CURVE('',#2132,#1674,#2134,.T.);
#2132 = VERTEX_POINT('',#2133);
#2133 = CARTESIAN_POINT('',(136.,115.,20.));
#2134 = LINE('',#2135,#2136);
#2135 = CARTESIAN_POINT('',(136.,114.9,20.));
#2136 = VECTOR('',#2137,1.);
#2137 = DIRECTION('',(-0.,1.,0.));
#2138 = ORIENTED_EDGE('',*,*,#2139,.T.);
#2139 = EDGE_CURVE('',#2132,#2140,#2142,.T.);
#2140 = VERTEX_POINT('',#2141);
#2141 = CARTESIAN_POINT('',(144.,115.,20.));
#2142 = LINE('',#2143,#2144);
#2143 = CARTESIAN_POINT('',(68.,115.,20.));
#2144 = VECTOR('',#2145,1.);
#2145 = DIRECTION('',(1.,0.,-0.));
#2146 = ORIENTED_EDGE('',*,*,#2147,.T.);
#2147 = EDGE_CURVE('',#2140,#1676,#2148,.T.);
#2148 = LINE('',#2149,#2150);
#2149 = CARTESIAN_POINT('',(144.,114.9,20.));
#2150 = VECTOR('',#2151,1.);
#2151 = DIRECTION('',(-0.,1.,0.));
#2152 = ORIENTED_EDGE('',*,*,#1673,.F.);
#2153 = PLANE('',#2154);
#2154 = AXIS2_PLACEMENT_3D('',#2155,#2156,#2157);
#2155 = CARTESIAN_POINT('',(136.,114.9,20.));
#2156 = DIRECTION('',(0.,0.,1.));
#2157 = DIRECTION('',(1.,0.,-0.));
#2158 = ADVANCED_FACE('',(#2159),#2177,.F.);
#2159 = FACE_BOUND('',#2160,.F.);
#2160 = EDGE_LOOP('',(#2161,#2162,#2170,#2176));
#2161 = ORIENTED_EDGE('',*,*,#2147,.F.);
#2162 = ORIENTED_EDGE('',*,*,#2163,.T.);
#2163 = EDGE_CURVE('',#2140,#2164,#2166,.T.);
#2164 = VERTEX_POINT('',#2165);
#2165 = CARTESIAN_POINT('',(144.,115.,12.));
#2166 = LINE('',#2167,#2168);
#2167 = CARTESIAN_POINT('',(144.,115.,10.));
#2168 = VECTOR('',#2169,1.);
#2169 = DIRECTION('',(-0.,0.,-1.));
#2170 = ORIENTED_EDGE('',*,*,#2171,.T.);
#2171 = EDGE_CURVE('',#2164,#1692,#2172,.T.);
#2172 = LINE('',#2173,#2174);
#2173 = CARTESIAN_POINT('',(144.,114.9,12.));
#2174 = VECTOR('',#2175,1.);
#2175 = DIRECTION('',(-0.,1.,0.));
#2176 = ORIENTED_EDGE('',*,*,#1699,.F.);
#2177 = PLANE('',#2178);
#2178 = AXIS2_PLACEMENT_3D('',#2179,#2180,#2181);
#2179 = CARTESIAN_POINT('',(144.,114.9,12.));
#2180 = DIRECTION('',(1.,0.,-0.));
#2181 = DIRECTION('',(0.,0.,1.));
#2182 = ADVANCED_FACE('',(#2183),#2201,.T.);
#2183 = FACE_BOUND('',#2184,.T.);
#2184 = EDGE_LOOP('',(#2185,#2193,#2199,#2200));
#2185 = ORIENTED_EDGE('',*,*,#2186,.F.);
#2186 = EDGE_CURVE('',#2187,#1684,#2189,.T.);
#2187 = VERTEX_POINT('',#2188);
#2188 = CARTESIAN_POINT('',(136.,115.,12.));
#2189 = LINE('',#2190,#2191);
#2190 = CARTESIAN_POINT('',(136.,114.9,12.));
#2191 = VECTOR('',#2192,1.);
#2192 = DIRECTION('',(-0.,1.,0.));
#2193 = ORIENTED_EDGE('',*,*,#2194,.T.);
#2194 = EDGE_CURVE('',#2187,#2164,#2195,.T.);
#2195 = LINE('',#2196,#2197);
#2196 = CARTESIAN_POINT('',(68.,115.,12.));
#2197 = VECTOR('',#2198,1.);
#2198 = DIRECTION('',(1.,0.,-0.));
#2199 = ORIENTED_EDGE('',*,*,#2171,.T.);
#2200 = ORIENTED_EDGE('',*,*,#1691,.F.);
#2201 = PLANE('',#2202);
#2202 = AXIS2_PLACEMENT_3D('',#2203,#2204,#2205);
#2203 = CARTESIAN_POINT('',(136.,114.9,12.));
#2204 = DIRECTION('',(0.,0.,1.));
#2205 = DIRECTION('',(1.,0.,-0.));
#2206 = ADVANCED_FACE('',(#2207),#2218,.T.);
#2207 = FACE_BOUND('',#2208,.T.);
#2208 = EDGE_LOOP('',(#2209,#2210,#2216,#2217));
#2209 = ORIENTED_EDGE('',*,*,#2131,.F.);
#2210 = ORIENTED_EDGE('',*,*,#2211,.T.);
#2211 = EDGE_CURVE('',#2132,#2187,#2212,.T.);
#2212 = LINE('',#2213,#2214);
#2213 = CARTESIAN_POINT('',(136.,115.,10.));
#2214 = VECTOR('',#2215,1.);
#2215 = DIRECTION('',(-0.,0.,-1.));
#2216 = ORIENTED_EDGE('',*,*,#2186,.T.);
#2217 = ORIENTED_EDGE('',*,*,#1683,.F.);
#2218 = PLANE('',#2219);
#2219 = AXIS2_PLACEMENT_3D('',#2220,#2221,#2222);
#2220 = CARTESIAN_POINT('',(136.,114.9,12.));
#2221 = DIRECTION('',(1.,0.,-0.));
#2222 = DIRECTION('',(0.,0.,1.));
#2223 = ADVANCED_FACE('',(#2224),#2249,.F.);
#2224 = FACE_BOUND('',#2225,.F.);
#2225 = EDGE_LOOP('',(#2226,#2234,#2242,#2248));
#2226 = ORIENTED_EDGE('',*,*,#2227,.F.);
#2227 = EDGE_CURVE('',#2228,#1708,#2230,.T.);
#2228 = VERTEX_POINT('',#2229);
#2229 = CARTESIAN_POINT('',(158.,115.,20.));
#2230 = LINE('',#2231,#2232);
#2231 = CARTESIAN_POINT('',(158.,114.9,20.));
#2232 = VECTOR('',#2233,1.);
#2233 = DIRECTION('',(-0.,1.,0.));
#2234 = ORIENTED_EDGE('',*,*,#2235,.T.);
#2235 = EDGE_CURVE('',#2228,#2236,#2238,.T.);
#2236 = VERTEX_POINT('',#2237);
#2237 = CARTESIAN_POINT('',(166.,115.,20.));
#2238 = LINE('',#2239,#2240);
#2239 = CARTESIAN_POINT('',(79.,115.,20.));
#2240 = VECTOR('',#2241,1.);
#2241 = DIRECTION('',(1.,0.,-0.));
#2242 = ORIENTED_EDGE('',*,*,#2243,.T.);
#2243 = EDGE_CURVE('',#2236,#1710,#2244,.T.);
#2244 = LINE('',#2245,#2246);
#2245 = CARTESIAN_POINT('',(166.,114.9,20.));
#2246 = VECTOR('',#2247,1.);
#2247 = DIRECTION('',(-0.,1.,0.));
#2248 = ORIENTED_EDGE('',*,*,#1707,.F.);
#2249 = PLANE('',#2250);
#2250 = AXIS2_PLACEMENT_3D('',#2251,#2252,#2253);
#2251 = CARTESIAN_POINT('',(158.,114.9,20.));
#2252 = DIRECTION('',(0.,0.,1.));
#2253 = DIRECTION('',(1.,0.,-0.));
#2254 = ADVANCED_FACE('',(#2255),#2273,.F.);
#2255 = FACE_BOUND('',#2256,.F.);
#2256 = EDGE_LOOP('',(#2257,#2258,#2266,#2272));
#2257 = ORIENTED_EDGE('',*,*,#2243,.F.);
#2258 = ORIENTED_EDGE('',*,*,#2259,.T.);
#2259 = EDGE_CURVE('',#2236,#2260,#2262,.T.);
#2260 = VERTEX_POINT('',#2261);
#2261 = CARTESIAN_POINT('',(166.,115.,12.));
#2262 = LINE('',#2263,#2264);
#2263 = CARTESIAN_POINT('',(166.,115.,10.));
#2264 = VECTOR('',#2265,1.);
#2265 = DIRECTION('',(-0.,0.,-1.));
#2266 = ORIENTED_EDGE('',*,*,#2267,.T.);
#2267 = EDGE_CURVE('',#2260,#1726,#2268,.T.);
#2268 = LINE('',#2269,#2270);
#2269 = CARTESIAN_POINT('',(166.,114.9,12.));
#2270 = VECTOR('',#2271,1.);
#2271 = DIRECTION('',(-0.,1.,0.));
#2272 = ORIENTED_EDGE('',*,*,#1733,.F.);
#2273 = PLANE('',#2274);
#2274 = AXIS2_PLACEMENT_3D('',#2275,#2276,#2277);
#2275 = CARTESIAN_POINT('',(166.,114.9,12.));
#2276 = DIRECTION('',(1.,0.,-0.));
#2277 = DIRECTION('',(0.,0.,1.));
#2278 = ADVANCED_FACE('',(#2279),#2297,.T.);
#2279 = FACE_BOUND('',#2280,.T.);
#2280 = EDGE_LOOP('',(#2281,#2289,#2295,#2296));
#2281 = ORIENTED_EDGE('',*,*,#2282,.F.);
#2282 = EDGE_CURVE('',#2283,#1718,#2285,.T.);
#2283 = VERTEX_POINT('',#2284);
#2284 = CARTESIAN_POINT('',(158.,115.,12.));
#2285 = LINE('',#2286,#2287);
#2286 = CARTESIAN_POINT('',(158.,114.9,12.));
#2287 = VECTOR('',#2288,1.);
#2288 = DIRECTION('',(-0.,1.,0.));
#2289 = ORIENTED_EDGE('',*,*,#2290,.T.);
#2290 = EDGE_CURVE('',#2283,#2260,#2291,.T.);
#2291 = LINE('',#2292,#2293);
#2292 = CARTESIAN_POINT('',(79.,115.,12.));
#2293 = VECTOR('',#2294,1.);
#2294 = DIRECTION('',(1.,0.,-0.));
#2295 = ORIENTED_EDGE('',*,*,#2267,.T.);
#2296 = ORIENTED_EDGE('',*,*,#1725,.F.);
#2297 = PLANE('',#2298);
#2298 = AXIS2_PLACEMENT_3D('',#2299,#2300,#2301);
#2299 = CARTESIAN_POINT('',(158.,114.9,12.));
#2300 = DIRECTION('',(0.,0.,1.));
#2301 = DIRECTION('',(1.,0.,-0.));
#2302 = ADVANCED_FACE('',(#2303),#2314,.T.);
#2303 = FACE_BOUND('',#2304,.T.);
#2304 = EDGE_LOOP('',(#2305,#2306,#2312,#2313));
#2305 = ORIENTED_EDGE('',*,*,#2227,.F.);
#2306 = ORIENTED_EDGE('',*,*,#2307,.T.);
#2307 = EDGE_CURVE('',#2228,#2283,#2308,.T.);
#2308 = LINE('',#2309,#2310);
#2309 = CARTESIAN_POINT('',(158.,115.,10.));
#2310 = VECTOR('',#2311,1.);
#2311 = DIRECTION('',(-0.,0.,-1.));
#2312 = ORIENTED_EDGE('',*,*,#2282,.T.);
#2313 = ORIENTED_EDGE('',*,*,#1717,.F.);
#2314 = PLANE('',#2315);
#2315 = AXIS2_PLACEMENT_3D('',#2316,#2317,#2318);
#2316 = CARTESIAN_POINT('',(158.,114.9,12.));
#2317 = DIRECTION('',(1.,0.,-0.));
#2318 = DIRECTION('',(0.,0.,1.));
#2319 = ADVANCED_FACE('',(#2320),#2338,.T.);
#2320 = FACE_BOUND('',#2321,.T.);
#2321 = EDGE_LOOP('',(#2322,#2323,#2324,#2332));
#2322 = ORIENTED_EDGE('',*,*,#1352,.F.);
#2323 = ORIENTED_EDGE('',*,*,#1506,.F.);
#2324 = ORIENTED_EDGE('',*,*,#2325,.T.);
#2325 = EDGE_CURVE('',#1507,#2326,#2328,.T.);
#2326 = VERTEX_POINT('',#2327);
#2327 = CARTESIAN_POINT('',(180.,131.,11.));
#2328 = LINE('',#2329,#2330);
#2329 = CARTESIAN_POINT('',(180.,72.,11.));
#2330 = VECTOR('',#2331,1.);
#2331 = DIRECTION('',(-0.,1.,0.));
#2332 = ORIENTED_EDGE('',*,*,#2333,.F.);
#2333 = EDGE_CURVE('',#1353,#2326,#2334,.T.);
#2334 = LINE('',#2335,#2336);
#2335 = CARTESIAN_POINT('',(0.,131.,11.));
#2336 = VECTOR('',#2337,1.);
#2337 = DIRECTION('',(1.,0.,-0.));
#2338 = PLANE('',#2339);
#2339 = AXIS2_PLACEMENT_3D('',#2340,#2341,#2342);
#2340 = CARTESIAN_POINT('',(0.,72.,11.));
#2341 = DIRECTION('',(0.,0.,1.));
#2342 = DIRECTION('',(1.,0.,-0.));
#2343 = ADVANCED_FACE('',(#2344),#2362,.T.);
#2344 = FACE_BOUND('',#2345,.T.);
#2345 = EDGE_LOOP('',(#2346,#2354,#2355,#2356));
#2346 = ORIENTED_EDGE('',*,*,#2347,.F.);
#2347 = EDGE_CURVE('',#1361,#2348,#2350,.T.);
#2348 = VERTEX_POINT('',#2349);
#2349 = CARTESIAN_POINT('',(180.,131.,8.));
#2350 = LINE('',#2351,#2352);
#2351 = CARTESIAN_POINT('',(0.,131.,8.));
#2352 = VECTOR('',#2353,1.);
#2353 = DIRECTION('',(1.,0.,-0.));
#2354 = ORIENTED_EDGE('',*,*,#1360,.T.);
#2355 = ORIENTED_EDGE('',*,*,#2333,.T.);
#2356 = ORIENTED_EDGE('',*,*,#2357,.F.);
#2357 = EDGE_CURVE('',#2348,#2326,#2358,.T.);
#2358 = LINE('',#2359,#2360);
#2359 = CARTESIAN_POINT('',(180.,131.,8.));
#2360 = VECTOR('',#2361,1.);
#2361 = DIRECTION('',(0.,0.,1.));
#2362 = PLANE('',#2363);
#2363 = AXIS2_PLACEMENT_3D('',#2364,#2365,#2366);
#2364 = CARTESIAN_POINT('',(0.,131.,8.));
#2365 = DIRECTION('',(-0.,1.,0.));
#2366 = DIRECTION('',(0.,0.,1.));
#2367 = ADVANCED_FACE('',(#2368),#2386,.F.);
#2368 = FACE_BOUND('',#2369,.F.);
#2369 = EDGE_LOOP('',(#2370,#2371,#2372,#2380));
#2370 = ORIENTED_EDGE('',*,*,#1336,.F.);
#2371 = ORIENTED_EDGE('',*,*,#1515,.T.);
#2372 = ORIENTED_EDGE('',*,*,#2373,.T.);
#2373 = EDGE_CURVE('',#1516,#2374,#2376,.T.);
#2374 = VERTEX_POINT('',#2375);
#2375 = CARTESIAN_POINT('',(180.,131.,21.));
#2376 = LINE('',#2377,#2378);
#2377 = CARTESIAN_POINT('',(180.,115.,21.));
#2378 = VECTOR('',#2379,1.);
#2379 = DIRECTION('',(-0.,1.,0.));
#2380 = ORIENTED_EDGE('',*,*,#2381,.F.);
#2381 = EDGE_CURVE('',#1329,#2374,#2382,.T.);
#2382 = LINE('',#2383,#2384);
#2383 = CARTESIAN_POINT('',(0.,131.,21.));
#2384 = VECTOR('',#2385,1.);
#2385 = DIRECTION('',(1.,0.,-0.));
#2386 = PLANE('',#2387);
#2387 = AXIS2_PLACEMENT_3D('',#2388,#2389,#2390);
#2388 = CARTESIAN_POINT('',(0.,115.,21.));
#2389 = DIRECTION('',(0.,0.,1.));
#2390 = DIRECTION('',(1.,0.,-0.));
#2391 = ADVANCED_FACE('',(#2392),#2410,.T.);
#2392 = FACE_BOUND('',#2393,.T.);
#2393 = EDGE_LOOP('',(#2394,#2395,#2396,#2404));
#2394 = ORIENTED_EDGE('',*,*,#2381,.F.);
#2395 = ORIENTED_EDGE('',*,*,#1328,.T.);
#2396 = ORIENTED_EDGE('',*,*,#2397,.T.);
#2397 = EDGE_CURVE('',#1321,#2398,#2400,.T.);
#2398 = VERTEX_POINT('',#2399);
#2399 = CARTESIAN_POINT('',(180.,131.,24.));
#2400 = LINE('',#2401,#2402);
#2401 = CARTESIAN_POINT('',(0.,131.,24.));
#2402 = VECTOR('',#2403,1.);
#2403 = DIRECTION('',(1.,0.,-0.));
#2404 = ORIENTED_EDGE('',*,*,#2405,.F.);
#2405 = EDGE_CURVE('',#2374,#2398,#2406,.T.);
#2406 = LINE('',#2407,#2408);
#2407 = CARTESIAN_POINT('',(180.,131.,21.));
#2408 = VECTOR('',#2409,1.);
#2409 = DIRECTION('',(0.,0.,1.));
#2410 = PLANE('',#2411);
#2411 = AXIS2_PLACEMENT_3D('',#2412,#2413,#2414);
#2412 = CARTESIAN_POINT('',(0.,131.,21.));
#2413 = DIRECTION('',(-0.,1.,0.));
#2414 = DIRECTION('',(0.,0.,1.));
#2415 = ADVANCED_FACE('',(#2416),#2473,.F.);
#2416 = FACE_BOUND('',#2417,.T.);
#2417 = EDGE_LOOP('',(#2418,#2426,#2432,#2433,#2434,#2442,#2448,#2449,
    #2457,#2465,#2471,#2472));
#2418 = ORIENTED_EDGE('',*,*,#2419,.T.);
#2419 = EDGE_CURVE('',#1295,#2420,#2422,.T.);
#2420 = VERTEX_POINT('',#2421);
#2421 = CARTESIAN_POINT('',(180.,72.,8.));
#2422 = LINE('',#2423,#2424);
#2423 = CARTESIAN_POINT('',(0.,72.,8.));
#2424 = VECTOR('',#2425,1.);
#2425 = DIRECTION('',(1.,0.,-0.));
#2426 = ORIENTED_EDGE('',*,*,#2427,.T.);
#2427 = EDGE_CURVE('',#2420,#346,#2428,.T.);
#2428 = LINE('',#2429,#2430);
#2429 = CARTESIAN_POINT('',(180.,72.,8.));
#2430 = VECTOR('',#2431,1.);
#2431 = DIRECTION('',(0.,0.,1.));
#2432 = ORIENTED_EDGE('',*,*,#345,.F.);
#2433 = ORIENTED_EDGE('',*,*,#250,.T.);
#2434 = ORIENTED_EDGE('',*,*,#2435,.F.);
#2435 = EDGE_CURVE('',#2436,#243,#2438,.T.);
#2436 = VERTEX_POINT('',#2437);
#2437 = CARTESIAN_POINT('',(95.5,72.,18.7));
#2438 = LINE('',#2439,#2440);
#2439 = CARTESIAN_POINT('',(47.75,72.,18.7));
#2440 = VECTOR('',#2441,1.);
#2441 = DIRECTION('',(1.,0.,-0.));
#2442 = ORIENTED_EDGE('',*,*,#2443,.F.);
#2443 = EDGE_CURVE('',#323,#2436,#2444,.T.);
#2444 = LINE('',#2445,#2446);
#2445 = CARTESIAN_POINT('',(95.5,72.,13.35));
#2446 = VECTOR('',#2447,1.);
#2447 = DIRECTION('',(-0.,0.,-1.));
#2448 = ORIENTED_EDGE('',*,*,#322,.F.);
#2449 = ORIENTED_EDGE('',*,*,#2450,.T.);
#2450 = EDGE_CURVE('',#315,#2451,#2453,.T.);
#2451 = VERTEX_POINT('',#2452);
#2452 = CARTESIAN_POINT('',(80.5,72.,18.7));
#2453 = LINE('',#2454,#2455);
#2454 = CARTESIAN_POINT('',(80.5,72.,13.35));
#2455 = VECTOR('',#2456,1.);
#2456 = DIRECTION('',(-0.,0.,-1.));
#2457 = ORIENTED_EDGE('',*,*,#2458,.F.);
#2458 = EDGE_CURVE('',#2459,#2451,#2461,.T.);
#2459 = VERTEX_POINT('',#2460);
#2460 = CARTESIAN_POINT('',(73.5,72.,18.7));
#2461 = LINE('',#2462,#2463);
#2462 = CARTESIAN_POINT('',(36.75,72.,18.7));
#2463 = VECTOR('',#2464,1.);
#2464 = DIRECTION('',(1.,0.,-0.));
#2465 = ORIENTED_EDGE('',*,*,#2466,.F.);
#2466 = EDGE_CURVE('',#291,#2459,#2467,.T.);
#2467 = LINE('',#2468,#2469);
#2468 = CARTESIAN_POINT('',(73.5,72.,13.35));
#2469 = VECTOR('',#2470,1.);
#2470 = DIRECTION('',(-0.,0.,-1.));
#2471 = ORIENTED_EDGE('',*,*,#290,.F.);
#2472 = ORIENTED_EDGE('',*,*,#1294,.F.);
#2473 = PLANE('',#2474);
#2474 = AXIS2_PLACEMENT_3D('',#2475,#2476,#2477);
#2475 = CARTESIAN_POINT('',(0.,72.,8.));
#2476 = DIRECTION('',(-0.,1.,0.));
#2477 = DIRECTION('',(0.,0.,1.));
#2478 = ADVANCED_FACE('',(#2479,#2490,#2524,#2558,#2592,#2626,#2660,
    #2694,#2728,#2762,#2796,#2830,#2864,#2898,#2932),#2966,.T.);
#2479 = FACE_BOUND('',#2480,.T.);
#2480 = EDGE_LOOP('',(#2481,#2482,#2483,#2489));
#2481 = ORIENTED_EDGE('',*,*,#1368,.T.);
#2482 = ORIENTED_EDGE('',*,*,#2347,.T.);
#2483 = ORIENTED_EDGE('',*,*,#2484,.F.);
#2484 = EDGE_CURVE('',#2420,#2348,#2485,.T.);
#2485 = LINE('',#2486,#2487);
#2486 = CARTESIAN_POINT('',(180.,72.,8.));
#2487 = VECTOR('',#2488,1.);
#2488 = DIRECTION('',(-0.,1.,0.));
#2489 = ORIENTED_EDGE('',*,*,#2419,.F.);
#2490 = FACE_BOUND('',#2491,.T.);
#2491 = EDGE_LOOP('',(#2492,#2502,#2510,#2518));
#2492 = ORIENTED_EDGE('',*,*,#2493,.F.);
#2493 = EDGE_CURVE('',#2494,#2496,#2498,.T.);
#2494 = VERTEX_POINT('',#2495);
#2495 = CARTESIAN_POINT('',(71.4,107.,8.));
#2496 = VERTEX_POINT('',#2497);
#2497 = CARTESIAN_POINT('',(68.6,107.,8.));
#2498 = LINE('',#2499,#2500);
#2499 = CARTESIAN_POINT('',(34.3,107.,8.));
#2500 = VECTOR('',#2501,1.);
#2501 = DIRECTION('',(-1.,-0.,0.));
#2502 = ORIENTED_EDGE('',*,*,#2503,.T.);
#2503 = EDGE_CURVE('',#2494,#2504,#2506,.T.);
#2504 = VERTEX_POINT('',#2505);
#2505 = CARTESIAN_POINT('',(71.4,110.,8.));
#2506 = LINE('',#2507,#2508);
#2507 = CARTESIAN_POINT('',(71.4,89.5,8.));
#2508 = VECTOR('',#2509,1.);
#2509 = DIRECTION('',(-0.,1.,0.));
#2510 = ORIENTED_EDGE('',*,*,#2511,.T.);
#2511 = EDGE_CURVE('',#2504,#2512,#2514,.T.);
#2512 = VERTEX_POINT('',#2513);
#2513 = CARTESIAN_POINT('',(68.6,110.,8.));
#2514 = LINE('',#2515,#2516);
#2515 = CARTESIAN_POINT('',(34.3,110.,8.));
#2516 = VECTOR('',#2517,1.);
#2517 = DIRECTION('',(-1.,-0.,0.));
#2518 = ORIENTED_EDGE('',*,*,#2519,.F.);
#2519 = EDGE_CURVE('',#2496,#2512,#2520,.T.);
#2520 = LINE('',#2521,#2522);
#2521 = CARTESIAN_POINT('',(68.6,89.5,8.));
#2522 = VECTOR('',#2523,1.);
#2523 = DIRECTION('',(-0.,1.,0.));
#2524 = FACE_BOUND('',#2525,.T.);
#2525 = EDGE_LOOP('',(#2526,#2536,#2544,#2552));
#2526 = ORIENTED_EDGE('',*,*,#2527,.F.);
#2527 = EDGE_CURVE('',#2528,#2530,#2532,.T.);
#2528 = VERTEX_POINT('',#2529);
#2529 = CARTESIAN_POINT('',(83.4,107.,8.));
#2530 = VERTEX_POINT('',#2531);
#2531 = CARTESIAN_POINT('',(80.6,107.,8.));
#2532 = LINE('',#2533,#2534);
#2533 = CARTESIAN_POINT('',(40.3,107.,8.));
#2534 = VECTOR('',#2535,1.);
#2535 = DIRECTION('',(-1.,-0.,0.));
#2536 = ORIENTED_EDGE('',*,*,#2537,.T.);
#2537 = EDGE_CURVE('',#2528,#2538,#2540,.T.);
#2538 = VERTEX_POINT('',#2539);
#2539 = CARTESIAN_POINT('',(83.4,110.,8.));
#2540 = LINE('',#2541,#2542);
#2541 = CARTESIAN_POINT('',(83.4,89.5,8.));
#2542 = VECTOR('',#2543,1.);
#2543 = DIRECTION('',(-0.,1.,0.));
#2544 = ORIENTED_EDGE('',*,*,#2545,.T.);
#2545 = EDGE_CURVE('',#2538,#2546,#2548,.T.);
#2546 = VERTEX_POINT('',#2547);
#2547 = CARTESIAN_POINT('',(80.6,110.,8.));
#2548 = LINE('',#2549,#2550);
#2549 = CARTESIAN_POINT('',(40.3,110.,8.));
#2550 = VECTOR('',#2551,1.);
#2551 = DIRECTION('',(-1.,-0.,0.));
#2552 = ORIENTED_EDGE('',*,*,#2553,.F.);
#2553 = EDGE_CURVE('',#2530,#2546,#2554,.T.);
#2554 = LINE('',#2555,#2556);
#2555 = CARTESIAN_POINT('',(80.6,89.5,8.));
#2556 = VECTOR('',#2557,1.);
#2557 = DIRECTION('',(-0.,1.,0.));
#2558 = FACE_BOUND('',#2559,.T.);
#2559 = EDGE_LOOP('',(#2560,#2570,#2578,#2586));
#2560 = ORIENTED_EDGE('',*,*,#2561,.F.);
#2561 = EDGE_CURVE('',#2562,#2564,#2566,.T.);
#2562 = VERTEX_POINT('',#2563);
#2563 = CARTESIAN_POINT('',(95.4,107.,8.));
#2564 = VERTEX_POINT('',#2565);
#2565 = CARTESIAN_POINT('',(92.6,107.,8.));
#2566 = LINE('',#2567,#2568);
#2567 = CARTESIAN_POINT('',(46.3,107.,8.));
#2568 = VECTOR('',#2569,1.);
#2569 = DIRECTION('',(-1.,-0.,0.));
#2570 = ORIENTED_EDGE('',*,*,#2571,.T.);
#2571 = EDGE_CURVE('',#2562,#2572,#2574,.T.);
#2572 = VERTEX_POINT('',#2573);
#2573 = CARTESIAN_POINT('',(95.4,110.,8.));
#2574 = LINE('',#2575,#2576);
#2575 = CARTESIAN_POINT('',(95.4,89.5,8.));
#2576 = VECTOR('',#2577,1.);
#2577 = DIRECTION('',(-0.,1.,0.));
#2578 = ORIENTED_EDGE('',*,*,#2579,.T.);
#2579 = EDGE_CURVE('',#2572,#2580,#2582,.T.);
#2580 = VERTEX_POINT('',#2581);
#2581 = CARTESIAN_POINT('',(92.6,110.,8.));
#2582 = LINE('',#2583,#2584);
#2583 = CARTESIAN_POINT('',(46.3,110.,8.));
#2584 = VECTOR('',#2585,1.);
#2585 = DIRECTION('',(-1.,-0.,0.));
#2586 = ORIENTED_EDGE('',*,*,#2587,.F.);
#2587 = EDGE_CURVE('',#2564,#2580,#2588,.T.);
#2588 = LINE('',#2589,#2590);
#2589 = CARTESIAN_POINT('',(92.6,89.5,8.));
#2590 = VECTOR('',#2591,1.);
#2591 = DIRECTION('',(-0.,1.,0.));
#2592 = FACE_BOUND('',#2593,.T.);
#2593 = EDGE_LOOP('',(#2594,#2604,#2612,#2620));
#2594 = ORIENTED_EDGE('',*,*,#2595,.F.);
#2595 = EDGE_CURVE('',#2596,#2598,#2600,.T.);
#2596 = VERTEX_POINT('',#2597);
#2597 = CARTESIAN_POINT('',(109.4,107.,8.));
#2598 = VERTEX_POINT('',#2599);
#2599 = CARTESIAN_POINT('',(106.6,107.,8.));
#2600 = LINE('',#2601,#2602);
#2601 = CARTESIAN_POINT('',(53.3,107.,8.));
#2602 = VECTOR('',#2603,1.);
#2603 = DIRECTION('',(-1.,-0.,0.));
#2604 = ORIENTED_EDGE('',*,*,#2605,.T.);
#2605 = EDGE_CURVE('',#2596,#2606,#2608,.T.);
#2606 = VERTEX_POINT('',#2607);
#2607 = CARTESIAN_POINT('',(109.4,110.,8.));
#2608 = LINE('',#2609,#2610);
#2609 = CARTESIAN_POINT('',(109.4,89.5,8.));
#2610 = VECTOR('',#2611,1.);
#2611 = DIRECTION('',(-0.,1.,0.));
#2612 = ORIENTED_EDGE('',*,*,#2613,.T.);
#2613 = EDGE_CURVE('',#2606,#2614,#2616,.T.);
#2614 = VERTEX_POINT('',#2615);
#2615 = CARTESIAN_POINT('',(106.6,110.,8.));
#2616 = LINE('',#2617,#2618);
#2617 = CARTESIAN_POINT('',(53.3,110.,8.));
#2618 = VECTOR('',#2619,1.);
#2619 = DIRECTION('',(-1.,-0.,0.));
#2620 = ORIENTED_EDGE('',*,*,#2621,.F.);
#2621 = EDGE_CURVE('',#2598,#2614,#2622,.T.);
#2622 = LINE('',#2623,#2624);
#2623 = CARTESIAN_POINT('',(106.6,89.5,8.));
#2624 = VECTOR('',#2625,1.);
#2625 = DIRECTION('',(-0.,1.,0.));
#2626 = FACE_BOUND('',#2627,.T.);
#2627 = EDGE_LOOP('',(#2628,#2638,#2646,#2654));
#2628 = ORIENTED_EDGE('',*,*,#2629,.F.);
#2629 = EDGE_CURVE('',#2630,#2632,#2634,.T.);
#2630 = VERTEX_POINT('',#2631);
#2631 = CARTESIAN_POINT('',(121.4,107.,8.));
#2632 = VERTEX_POINT('',#2633);
#2633 = CARTESIAN_POINT('',(118.6,107.,8.));
#2634 = LINE('',#2635,#2636);
#2635 = CARTESIAN_POINT('',(59.3,107.,8.));
#2636 = VECTOR('',#2637,1.);
#2637 = DIRECTION('',(-1.,-0.,0.));
#2638 = ORIENTED_EDGE('',*,*,#2639,.T.);
#2639 = EDGE_CURVE('',#2630,#2640,#2642,.T.);
#2640 = VERTEX_POINT('',#2641);
#2641 = CARTESIAN_POINT('',(121.4,110.,8.));
#2642 = LINE('',#2643,#2644);
#2643 = CARTESIAN_POINT('',(121.4,89.5,8.));
#2644 = VECTOR('',#2645,1.);
#2645 = DIRECTION('',(-0.,1.,0.));
#2646 = ORIENTED_EDGE('',*,*,#2647,.T.);
#2647 = EDGE_CURVE('',#2640,#2648,#2650,.T.);
#2648 = VERTEX_POINT('',#2649);
#2649 = CARTESIAN_POINT('',(118.6,110.,8.));
#2650 = LINE('',#2651,#2652);
#2651 = CARTESIAN_POINT('',(59.3,110.,8.));
#2652 = VECTOR('',#2653,1.);
#2653 = DIRECTION('',(-1.,-0.,0.));
#2654 = ORIENTED_EDGE('',*,*,#2655,.F.);
#2655 = EDGE_CURVE('',#2632,#2648,#2656,.T.);
#2656 = LINE('',#2657,#2658);
#2657 = CARTESIAN_POINT('',(118.6,89.5,8.));
#2658 = VECTOR('',#2659,1.);
#2659 = DIRECTION('',(-0.,1.,0.));
#2660 = FACE_BOUND('',#2661,.T.);
#2661 = EDGE_LOOP('',(#2662,#2672,#2680,#2688));
#2662 = ORIENTED_EDGE('',*,*,#2663,.F.);
#2663 = EDGE_CURVE('',#2664,#2666,#2668,.T.);
#2664 = VERTEX_POINT('',#2665);
#2665 = CARTESIAN_POINT('',(135.4,107.,8.));
#2666 = VERTEX_POINT('',#2667);
#2667 = CARTESIAN_POINT('',(132.6,107.,8.));
#2668 = LINE('',#2669,#2670);
#2669 = CARTESIAN_POINT('',(66.3,107.,8.));
#2670 = VECTOR('',#2671,1.);
#2671 = DIRECTION('',(-1.,-0.,0.));
#2672 = ORIENTED_EDGE('',*,*,#2673,.T.);
#2673 = EDGE_CURVE('',#2664,#2674,#2676,.T.);
#2674 = VERTEX_POINT('',#2675);
#2675 = CARTESIAN_POINT('',(135.4,110.,8.));
#2676 = LINE('',#2677,#2678);
#2677 = CARTESIAN_POINT('',(135.4,89.5,8.));
#2678 = VECTOR('',#2679,1.);
#2679 = DIRECTION('',(-0.,1.,0.));
#2680 = ORIENTED_EDGE('',*,*,#2681,.T.);
#2681 = EDGE_CURVE('',#2674,#2682,#2684,.T.);
#2682 = VERTEX_POINT('',#2683);
#2683 = CARTESIAN_POINT('',(132.6,110.,8.));
#2684 = LINE('',#2685,#2686);
#2685 = CARTESIAN_POINT('',(66.3,110.,8.));
#2686 = VECTOR('',#2687,1.);
#2687 = DIRECTION('',(-1.,-0.,0.));
#2688 = ORIENTED_EDGE('',*,*,#2689,.F.);
#2689 = EDGE_CURVE('',#2666,#2682,#2690,.T.);
#2690 = LINE('',#2691,#2692);
#2691 = CARTESIAN_POINT('',(132.6,89.5,8.));
#2692 = VECTOR('',#2693,1.);
#2693 = DIRECTION('',(-0.,1.,0.));
#2694 = FACE_BOUND('',#2695,.T.);
#2695 = EDGE_LOOP('',(#2696,#2706,#2714,#2722));
#2696 = ORIENTED_EDGE('',*,*,#2697,.F.);
#2697 = EDGE_CURVE('',#2698,#2700,#2702,.T.);
#2698 = VERTEX_POINT('',#2699);
#2699 = CARTESIAN_POINT('',(147.4,107.,8.));
#2700 = VERTEX_POINT('',#2701);
#2701 = CARTESIAN_POINT('',(144.6,107.,8.));
#2702 = LINE('',#2703,#2704);
#2703 = CARTESIAN_POINT('',(72.3,107.,8.));
#2704 = VECTOR('',#2705,1.);
#2705 = DIRECTION('',(-1.,-0.,0.));
#2706 = ORIENTED_EDGE('',*,*,#2707,.T.);
#2707 = EDGE_CURVE('',#2698,#2708,#2710,.T.);
#2708 = VERTEX_POINT('',#2709);
#2709 = CARTESIAN_POINT('',(147.4,110.,8.));
#2710 = LINE('',#2711,#2712);
#2711 = CARTESIAN_POINT('',(147.4,89.5,8.));
#2712 = VECTOR('',#2713,1.);
#2713 = DIRECTION('',(-0.,1.,0.));
#2714 = ORIENTED_EDGE('',*,*,#2715,.T.);
#2715 = EDGE_CURVE('',#2708,#2716,#2718,.T.);
#2716 = VERTEX_POINT('',#2717);
#2717 = CARTESIAN_POINT('',(144.6,110.,8.));
#2718 = LINE('',#2719,#2720);
#2719 = CARTESIAN_POINT('',(72.3,110.,8.));
#2720 = VECTOR('',#2721,1.);
#2721 = DIRECTION('',(-1.,-0.,0.));
#2722 = ORIENTED_EDGE('',*,*,#2723,.F.);
#2723 = EDGE_CURVE('',#2700,#2716,#2724,.T.);
#2724 = LINE('',#2725,#2726);
#2725 = CARTESIAN_POINT('',(144.6,89.5,8.));
#2726 = VECTOR('',#2727,1.);
#2727 = DIRECTION('',(-0.,1.,0.));
#2728 = FACE_BOUND('',#2729,.T.);
#2729 = EDGE_LOOP('',(#2730,#2740,#2748,#2756));
#2730 = ORIENTED_EDGE('',*,*,#2731,.F.);
#2731 = EDGE_CURVE('',#2732,#2734,#2736,.T.);
#2732 = VERTEX_POINT('',#2733);
#2733 = CARTESIAN_POINT('',(157.4,107.,8.));
#2734 = VERTEX_POINT('',#2735);
#2735 = CARTESIAN_POINT('',(154.6,107.,8.));
#2736 = LINE('',#2737,#2738);
#2737 = CARTESIAN_POINT('',(77.3,107.,8.));
#2738 = VECTOR('',#2739,1.);
#2739 = DIRECTION('',(-1.,-0.,0.));
#2740 = ORIENTED_EDGE('',*,*,#2741,.T.);
#2741 = EDGE_CURVE('',#2732,#2742,#2744,.T.);
#2742 = VERTEX_POINT('',#2743);
#2743 = CARTESIAN_POINT('',(157.4,110.,8.));
#2744 = LINE('',#2745,#2746);
#2745 = CARTESIAN_POINT('',(157.4,89.5,8.));
#2746 = VECTOR('',#2747,1.);
#2747 = DIRECTION('',(-0.,1.,0.));
#2748 = ORIENTED_EDGE('',*,*,#2749,.T.);
#2749 = EDGE_CURVE('',#2742,#2750,#2752,.T.);
#2750 = VERTEX_POINT('',#2751);
#2751 = CARTESIAN_POINT('',(154.6,110.,8.));
#2752 = LINE('',#2753,#2754);
#2753 = CARTESIAN_POINT('',(77.3,110.,8.));
#2754 = VECTOR('',#2755,1.);
#2755 = DIRECTION('',(-1.,-0.,0.));
#2756 = ORIENTED_EDGE('',*,*,#2757,.F.);
#2757 = EDGE_CURVE('',#2734,#2750,#2758,.T.);
#2758 = LINE('',#2759,#2760);
#2759 = CARTESIAN_POINT('',(154.6,89.5,8.));
#2760 = VECTOR('',#2761,1.);
#2761 = DIRECTION('',(-0.,1.,0.));
#2762 = FACE_BOUND('',#2763,.T.);
#2763 = EDGE_LOOP('',(#2764,#2774,#2782,#2790));
#2764 = ORIENTED_EDGE('',*,*,#2765,.F.);
#2765 = EDGE_CURVE('',#2766,#2768,#2770,.T.);
#2766 = VERTEX_POINT('',#2767);
#2767 = CARTESIAN_POINT('',(169.4,107.,8.));
#2768 = VERTEX_POINT('',#2769);
#2769 = CARTESIAN_POINT('',(166.6,107.,8.));
#2770 = LINE('',#2771,#2772);
#2771 = CARTESIAN_POINT('',(83.3,107.,8.));
#2772 = VECTOR('',#2773,1.);
#2773 = DIRECTION('',(-1.,-0.,0.));
#2774 = ORIENTED_EDGE('',*,*,#2775,.T.);
#2775 = EDGE_CURVE('',#2766,#2776,#2778,.T.);
#2776 = VERTEX_POINT('',#2777);
#2777 = CARTESIAN_POINT('',(169.4,110.,8.));
#2778 = LINE('',#2779,#2780);
#2779 = CARTESIAN_POINT('',(169.4,89.5,8.));
#2780 = VECTOR('',#2781,1.);
#2781 = DIRECTION('',(-0.,1.,0.));
#2782 = ORIENTED_EDGE('',*,*,#2783,.T.);
#2783 = EDGE_CURVE('',#2776,#2784,#2786,.T.);
#2784 = VERTEX_POINT('',#2785);
#2785 = CARTESIAN_POINT('',(166.6,110.,8.));
#2786 = LINE('',#2787,#2788);
#2787 = CARTESIAN_POINT('',(83.3,110.,8.));
#2788 = VECTOR('',#2789,1.);
#2789 = DIRECTION('',(-1.,-0.,0.));
#2790 = ORIENTED_EDGE('',*,*,#2791,.F.);
#2791 = EDGE_CURVE('',#2768,#2784,#2792,.T.);
#2792 = LINE('',#2793,#2794);
#2793 = CARTESIAN_POINT('',(166.6,89.5,8.));
#2794 = VECTOR('',#2795,1.);
#2795 = DIRECTION('',(-0.,1.,0.));
#2796 = FACE_BOUND('',#2797,.T.);
#2797 = EDGE_LOOP('',(#2798,#2808,#2816,#2824));
#2798 = ORIENTED_EDGE('',*,*,#2799,.F.);
#2799 = EDGE_CURVE('',#2800,#2802,#2804,.T.);
#2800 = VERTEX_POINT('',#2801);
#2801 = CARTESIAN_POINT('',(15.4,107.,8.));
#2802 = VERTEX_POINT('',#2803);
#2803 = CARTESIAN_POINT('',(12.6,107.,8.));
#2804 = LINE('',#2805,#2806);
#2805 = CARTESIAN_POINT('',(6.3,107.,8.));
#2806 = VECTOR('',#2807,1.);
#2807 = DIRECTION('',(-1.,-0.,0.));
#2808 = ORIENTED_EDGE('',*,*,#2809,.T.);
#2809 = EDGE_CURVE('',#2800,#2810,#2812,.T.);
#2810 = VERTEX_POINT('',#2811);
#2811 = CARTESIAN_POINT('',(15.4,110.,8.));
#2812 = LINE('',#2813,#2814);
#2813 = CARTESIAN_POINT('',(15.4,89.5,8.));
#2814 = VECTOR('',#2815,1.);
#2815 = DIRECTION('',(-0.,1.,0.));
#2816 = ORIENTED_EDGE('',*,*,#2817,.T.);
#2817 = EDGE_CURVE('',#2810,#2818,#2820,.T.);
#2818 = VERTEX_POINT('',#2819);
#2819 = CARTESIAN_POINT('',(12.6,110.,8.));
#2820 = LINE('',#2821,#2822);
#2821 = CARTESIAN_POINT('',(6.3,110.,8.));
#2822 = VECTOR('',#2823,1.);
#2823 = DIRECTION('',(-1.,-0.,0.));
#2824 = ORIENTED_EDGE('',*,*,#2825,.F.);
#2825 = EDGE_CURVE('',#2802,#2818,#2826,.T.);
#2826 = LINE('',#2827,#2828);
#2827 = CARTESIAN_POINT('',(12.6,89.5,8.));
#2828 = VECTOR('',#2829,1.);
#2829 = DIRECTION('',(-0.,1.,0.));
#2830 = FACE_BOUND('',#2831,.T.);
#2831 = EDGE_LOOP('',(#2832,#2842,#2850,#2858));
#2832 = ORIENTED_EDGE('',*,*,#2833,.F.);
#2833 = EDGE_CURVE('',#2834,#2836,#2838,.T.);
#2834 = VERTEX_POINT('',#2835);
#2835 = CARTESIAN_POINT('',(27.4,107.,8.));
#2836 = VERTEX_POINT('',#2837);
#2837 = CARTESIAN_POINT('',(24.6,107.,8.));
#2838 = LINE('',#2839,#2840);
#2839 = CARTESIAN_POINT('',(12.3,107.,8.));
#2840 = VECTOR('',#2841,1.);
#2841 = DIRECTION('',(-1.,-0.,0.));
#2842 = ORIENTED_EDGE('',*,*,#2843,.T.);
#2843 = EDGE_CURVE('',#2834,#2844,#2846,.T.);
#2844 = VERTEX_POINT('',#2845);
#2845 = CARTESIAN_POINT('',(27.4,110.,8.));
#2846 = LINE('',#2847,#2848);
#2847 = CARTESIAN_POINT('',(27.4,89.5,8.));
#2848 = VECTOR('',#2849,1.);
#2849 = DIRECTION('',(-0.,1.,0.));
#2850 = ORIENTED_EDGE('',*,*,#2851,.T.);
#2851 = EDGE_CURVE('',#2844,#2852,#2854,.T.);
#2852 = VERTEX_POINT('',#2853);
#2853 = CARTESIAN_POINT('',(24.6,110.,8.));
#2854 = LINE('',#2855,#2856);
#2855 = CARTESIAN_POINT('',(12.3,110.,8.));
#2856 = VECTOR('',#2857,1.);
#2857 = DIRECTION('',(-1.,-0.,0.));
#2858 = ORIENTED_EDGE('',*,*,#2859,.F.);
#2859 = EDGE_CURVE('',#2836,#2852,#2860,.T.);
#2860 = LINE('',#2861,#2862);
#2861 = CARTESIAN_POINT('',(24.6,89.5,8.));
#2862 = VECTOR('',#2863,1.);
#2863 = DIRECTION('',(-0.,1.,0.));
#2864 = FACE_BOUND('',#2865,.T.);
#2865 = EDGE_LOOP('',(#2866,#2876,#2884,#2892));
#2866 = ORIENTED_EDGE('',*,*,#2867,.F.);
#2867 = EDGE_CURVE('',#2868,#2870,#2872,.T.);
#2868 = VERTEX_POINT('',#2869);
#2869 = CARTESIAN_POINT('',(37.4,107.,8.));
#2870 = VERTEX_POINT('',#2871);
#2871 = CARTESIAN_POINT('',(34.6,107.,8.));
#2872 = LINE('',#2873,#2874);
#2873 = CARTESIAN_POINT('',(17.3,107.,8.));
#2874 = VECTOR('',#2875,1.);
#2875 = DIRECTION('',(-1.,-0.,0.));
#2876 = ORIENTED_EDGE('',*,*,#2877,.T.);
#2877 = EDGE_CURVE('',#2868,#2878,#2880,.T.);
#2878 = VERTEX_POINT('',#2879);
#2879 = CARTESIAN_POINT('',(37.4,110.,8.));
#2880 = LINE('',#2881,#2882);
#2881 = CARTESIAN_POINT('',(37.4,89.5,8.));
#2882 = VECTOR('',#2883,1.);
#2883 = DIRECTION('',(-0.,1.,0.));
#2884 = ORIENTED_EDGE('',*,*,#2885,.T.);
#2885 = EDGE_CURVE('',#2878,#2886,#2888,.T.);
#2886 = VERTEX_POINT('',#2887);
#2887 = CARTESIAN_POINT('',(34.6,110.,8.));
#2888 = LINE('',#2889,#2890);
#2889 = CARTESIAN_POINT('',(17.3,110.,8.));
#2890 = VECTOR('',#2891,1.);
#2891 = DIRECTION('',(-1.,-0.,0.));
#2892 = ORIENTED_EDGE('',*,*,#2893,.F.);
#2893 = EDGE_CURVE('',#2870,#2886,#2894,.T.);
#2894 = LINE('',#2895,#2896);
#2895 = CARTESIAN_POINT('',(34.6,89.5,8.));
#2896 = VECTOR('',#2897,1.);
#2897 = DIRECTION('',(-0.,1.,0.));
#2898 = FACE_BOUND('',#2899,.T.);
#2899 = EDGE_LOOP('',(#2900,#2910,#2918,#2926));
#2900 = ORIENTED_EDGE('',*,*,#2901,.F.);
#2901 = EDGE_CURVE('',#2902,#2904,#2906,.T.);
#2902 = VERTEX_POINT('',#2903);
#2903 = CARTESIAN_POINT('',(49.4,107.,8.));
#2904 = VERTEX_POINT('',#2905);
#2905 = CARTESIAN_POINT('',(46.6,107.,8.));
#2906 = LINE('',#2907,#2908);
#2907 = CARTESIAN_POINT('',(23.3,107.,8.));
#2908 = VECTOR('',#2909,1.);
#2909 = DIRECTION('',(-1.,-0.,0.));
#2910 = ORIENTED_EDGE('',*,*,#2911,.T.);
#2911 = EDGE_CURVE('',#2902,#2912,#2914,.T.);
#2912 = VERTEX_POINT('',#2913);
#2913 = CARTESIAN_POINT('',(49.4,110.,8.));
#2914 = LINE('',#2915,#2916);
#2915 = CARTESIAN_POINT('',(49.4,89.5,8.));
#2916 = VECTOR('',#2917,1.);
#2917 = DIRECTION('',(-0.,1.,0.));
#2918 = ORIENTED_EDGE('',*,*,#2919,.T.);
#2919 = EDGE_CURVE('',#2912,#2920,#2922,.T.);
#2920 = VERTEX_POINT('',#2921);
#2921 = CARTESIAN_POINT('',(46.6,110.,8.));
#2922 = LINE('',#2923,#2924);
#2923 = CARTESIAN_POINT('',(23.3,110.,8.));
#2924 = VECTOR('',#2925,1.);
#2925 = DIRECTION('',(-1.,-0.,0.));
#2926 = ORIENTED_EDGE('',*,*,#2927,.F.);
#2927 = EDGE_CURVE('',#2904,#2920,#2928,.T.);
#2928 = LINE('',#2929,#2930);
#2929 = CARTESIAN_POINT('',(46.6,89.5,8.));
#2930 = VECTOR('',#2931,1.);
#2931 = DIRECTION('',(-0.,1.,0.));
#2932 = FACE_BOUND('',#2933,.T.);
#2933 = EDGE_LOOP('',(#2934,#2944,#2952,#2960));
#2934 = ORIENTED_EDGE('',*,*,#2935,.F.);
#2935 = EDGE_CURVE('',#2936,#2938,#2940,.T.);
#2936 = VERTEX_POINT('',#2937);
#2937 = CARTESIAN_POINT('',(59.4,107.,8.));
#2938 = VERTEX_POINT('',#2939);
#2939 = CARTESIAN_POINT('',(56.6,107.,8.));
#2940 = LINE('',#2941,#2942);
#2941 = CARTESIAN_POINT('',(28.3,107.,8.));
#2942 = VECTOR('',#2943,1.);
#2943 = DIRECTION('',(-1.,-0.,0.));
#2944 = ORIENTED_EDGE('',*,*,#2945,.T.);
#2945 = EDGE_CURVE('',#2936,#2946,#2948,.T.);
#2946 = VERTEX_POINT('',#2947);
#2947 = CARTESIAN_POINT('',(59.4,110.,8.));
#2948 = LINE('',#2949,#2950);
#2949 = CARTESIAN_POINT('',(59.4,89.5,8.));
#2950 = VECTOR('',#2951,1.);
#2951 = DIRECTION('',(-0.,1.,0.));
#2952 = ORIENTED_EDGE('',*,*,#2953,.T.);
#2953 = EDGE_CURVE('',#2946,#2954,#2956,.T.);
#2954 = VERTEX_POINT('',#2955);
#2955 = CARTESIAN_POINT('',(56.6,110.,8.));
#2956 = LINE('',#2957,#2958);
#2957 = CARTESIAN_POINT('',(28.3,110.,8.));
#2958 = VECTOR('',#2959,1.);
#2959 = DIRECTION('',(-1.,-0.,0.));
#2960 = ORIENTED_EDGE('',*,*,#2961,.F.);
#2961 = EDGE_CURVE('',#2938,#2954,#2962,.T.);
#2962 = LINE('',#2963,#2964);
#2963 = CARTESIAN_POINT('',(56.6,89.5,8.));
#2964 = VECTOR('',#2965,1.);
#2965 = DIRECTION('',(-0.,1.,0.));
#2966 = PLANE('',#2967);
#2967 = AXIS2_PLACEMENT_3D('',#2968,#2969,#2970);
#2968 = CARTESIAN_POINT('',(90.,101.5,8.));
#2969 = DIRECTION('',(-0.,-0.,-1.));
#2970 = DIRECTION('',(-1.,0.,0.));
#2971 = ADVANCED_FACE('',(#2972),#2997,.T.);
#2972 = FACE_BOUND('',#2973,.T.);
#2973 = EDGE_LOOP('',(#2974,#2982,#2983,#2991));
#2974 = ORIENTED_EDGE('',*,*,#2975,.F.);
#2975 = EDGE_CURVE('',#2494,#2976,#2978,.T.);
#2976 = VERTEX_POINT('',#2977);
#2977 = CARTESIAN_POINT('',(71.4,107.,11.));
#2978 = LINE('',#2979,#2980);
#2979 = CARTESIAN_POINT('',(71.4,107.,7.9));
#2980 = VECTOR('',#2981,1.);
#2981 = DIRECTION('',(0.,0.,1.));
#2982 = ORIENTED_EDGE('',*,*,#2493,.T.);
#2983 = ORIENTED_EDGE('',*,*,#2984,.T.);
#2984 = EDGE_CURVE('',#2496,#2985,#2987,.T.);
#2985 = VERTEX_POINT('',#2986);
#2986 = CARTESIAN_POINT('',(68.6,107.,11.));
#2987 = LINE('',#2988,#2989);
#2988 = CARTESIAN_POINT('',(68.6,107.,7.9));
#2989 = VECTOR('',#2990,1.);
#2990 = DIRECTION('',(0.,0.,1.));
#2991 = ORIENTED_EDGE('',*,*,#2992,.F.);
#2992 = EDGE_CURVE('',#2976,#2985,#2993,.T.);
#2993 = LINE('',#2994,#2995);
#2994 = CARTESIAN_POINT('',(34.3,107.,11.));
#2995 = VECTOR('',#2996,1.);
#2996 = DIRECTION('',(-1.,-0.,0.));
#2997 = PLANE('',#2998);
#2998 = AXIS2_PLACEMENT_3D('',#2999,#3000,#3001);
#2999 = CARTESIAN_POINT('',(68.6,107.,7.9));
#3000 = DIRECTION('',(-0.,1.,0.));
#3001 = DIRECTION('',(0.,0.,1.));
#3002 = ADVANCED_FACE('',(#3003),#3021,.F.);
#3003 = FACE_BOUND('',#3004,.F.);
#3004 = EDGE_LOOP('',(#3005,#3006,#3007,#3015));
#3005 = ORIENTED_EDGE('',*,*,#2975,.F.);
#3006 = ORIENTED_EDGE('',*,*,#2503,.T.);
#3007 = ORIENTED_EDGE('',*,*,#3008,.T.);
#3008 = EDGE_CURVE('',#2504,#3009,#3011,.T.);
#3009 = VERTEX_POINT('',#3010);
#3010 = CARTESIAN_POINT('',(71.4,110.,11.));
#3011 = LINE('',#3012,#3013);
#3012 = CARTESIAN_POINT('',(71.4,110.,7.9));
#3013 = VECTOR('',#3014,1.);
#3014 = DIRECTION('',(0.,0.,1.));
#3015 = ORIENTED_EDGE('',*,*,#3016,.F.);
#3016 = EDGE_CURVE('',#2976,#3009,#3017,.T.);
#3017 = LINE('',#3018,#3019);
#3018 = CARTESIAN_POINT('',(71.4,89.5,11.));
#3019 = VECTOR('',#3020,1.);
#3020 = DIRECTION('',(-0.,1.,0.));
#3021 = PLANE('',#3022);
#3022 = AXIS2_PLACEMENT_3D('',#3023,#3024,#3025);
#3023 = CARTESIAN_POINT('',(71.4,107.,7.9));
#3024 = DIRECTION('',(1.,0.,-0.));
#3025 = DIRECTION('',(0.,0.,1.));
#3026 = ADVANCED_FACE('',(#3027),#3045,.F.);
#3027 = FACE_BOUND('',#3028,.F.);
#3028 = EDGE_LOOP('',(#3029,#3030,#3031,#3039));
#3029 = ORIENTED_EDGE('',*,*,#3008,.F.);
#3030 = ORIENTED_EDGE('',*,*,#2511,.T.);
#3031 = ORIENTED_EDGE('',*,*,#3032,.T.);
#3032 = EDGE_CURVE('',#2512,#3033,#3035,.T.);
#3033 = VERTEX_POINT('',#3034);
#3034 = CARTESIAN_POINT('',(68.6,110.,11.));
#3035 = LINE('',#3036,#3037);
#3036 = CARTESIAN_POINT('',(68.6,110.,7.9));
#3037 = VECTOR('',#3038,1.);
#3038 = DIRECTION('',(0.,0.,1.));
#3039 = ORIENTED_EDGE('',*,*,#3040,.F.);
#3040 = EDGE_CURVE('',#3009,#3033,#3041,.T.);
#3041 = LINE('',#3042,#3043);
#3042 = CARTESIAN_POINT('',(34.3,110.,11.));
#3043 = VECTOR('',#3044,1.);
#3044 = DIRECTION('',(-1.,-0.,0.));
#3045 = PLANE('',#3046);
#3046 = AXIS2_PLACEMENT_3D('',#3047,#3048,#3049);
#3047 = CARTESIAN_POINT('',(68.6,110.,7.9));
#3048 = DIRECTION('',(-0.,1.,0.));
#3049 = DIRECTION('',(0.,0.,1.));
#3050 = ADVANCED_FACE('',(#3051),#3062,.T.);
#3051 = FACE_BOUND('',#3052,.T.);
#3052 = EDGE_LOOP('',(#3053,#3054,#3055,#3056));
#3053 = ORIENTED_EDGE('',*,*,#2984,.F.);
#3054 = ORIENTED_EDGE('',*,*,#2519,.T.);
#3055 = ORIENTED_EDGE('',*,*,#3032,.T.);
#3056 = ORIENTED_EDGE('',*,*,#3057,.F.);
#3057 = EDGE_CURVE('',#2985,#3033,#3058,.T.);
#3058 = LINE('',#3059,#3060);
#3059 = CARTESIAN_POINT('',(68.6,89.5,11.));
#3060 = VECTOR('',#3061,1.);
#3061 = DIRECTION('',(-0.,1.,0.));
#3062 = PLANE('',#3063);
#3063 = AXIS2_PLACEMENT_3D('',#3064,#3065,#3066);
#3064 = CARTESIAN_POINT('',(68.6,107.,7.9));
#3065 = DIRECTION('',(1.,0.,-0.));
#3066 = DIRECTION('',(0.,0.,1.));
#3067 = ADVANCED_FACE('',(#3068),#3093,.T.);
#3068 = FACE_BOUND('',#3069,.T.);
#3069 = EDGE_LOOP('',(#3070,#3078,#3079,#3087));
#3070 = ORIENTED_EDGE('',*,*,#3071,.F.);
#3071 = EDGE_CURVE('',#2528,#3072,#3074,.T.);
#3072 = VERTEX_POINT('',#3073);
#3073 = CARTESIAN_POINT('',(83.4,107.,11.));
#3074 = LINE('',#3075,#3076);
#3075 = CARTESIAN_POINT('',(83.4,107.,7.9));
#3076 = VECTOR('',#3077,1.);
#3077 = DIRECTION('',(0.,0.,1.));
#3078 = ORIENTED_EDGE('',*,*,#2527,.T.);
#3079 = ORIENTED_EDGE('',*,*,#3080,.T.);
#3080 = EDGE_CURVE('',#2530,#3081,#3083,.T.);
#3081 = VERTEX_POINT('',#3082);
#3082 = CARTESIAN_POINT('',(80.6,107.,11.));
#3083 = LINE('',#3084,#3085);
#3084 = CARTESIAN_POINT('',(80.6,107.,7.9));
#3085 = VECTOR('',#3086,1.);
#3086 = DIRECTION('',(0.,0.,1.));
#3087 = ORIENTED_EDGE('',*,*,#3088,.F.);
#3088 = EDGE_CURVE('',#3072,#3081,#3089,.T.);
#3089 = LINE('',#3090,#3091);
#3090 = CARTESIAN_POINT('',(40.3,107.,11.));
#3091 = VECTOR('',#3092,1.);
#3092 = DIRECTION('',(-1.,-0.,0.));
#3093 = PLANE('',#3094);
#3094 = AXIS2_PLACEMENT_3D('',#3095,#3096,#3097);
#3095 = CARTESIAN_POINT('',(80.6,107.,7.9));
#3096 = DIRECTION('',(-0.,1.,0.));
#3097 = DIRECTION('',(0.,0.,1.));
#3098 = ADVANCED_FACE('',(#3099),#3117,.F.);
#3099 = FACE_BOUND('',#3100,.F.);
#3100 = EDGE_LOOP('',(#3101,#3102,#3103,#3111));
#3101 = ORIENTED_EDGE('',*,*,#3071,.F.);
#3102 = ORIENTED_EDGE('',*,*,#2537,.T.);
#3103 = ORIENTED_EDGE('',*,*,#3104,.T.);
#3104 = EDGE_CURVE('',#2538,#3105,#3107,.T.);
#3105 = VERTEX_POINT('',#3106);
#3106 = CARTESIAN_POINT('',(83.4,110.,11.));
#3107 = LINE('',#3108,#3109);
#3108 = CARTESIAN_POINT('',(83.4,110.,7.9));
#3109 = VECTOR('',#3110,1.);
#3110 = DIRECTION('',(0.,0.,1.));
#3111 = ORIENTED_EDGE('',*,*,#3112,.F.);
#3112 = EDGE_CURVE('',#3072,#3105,#3113,.T.);
#3113 = LINE('',#3114,#3115);
#3114 = CARTESIAN_POINT('',(83.4,89.5,11.));
#3115 = VECTOR('',#3116,1.);
#3116 = DIRECTION('',(-0.,1.,0.));
#3117 = PLANE('',#3118);
#3118 = AXIS2_PLACEMENT_3D('',#3119,#3120,#3121);
#3119 = CARTESIAN_POINT('',(83.4,107.,7.9));
#3120 = DIRECTION('',(1.,0.,-0.));
#3121 = DIRECTION('',(0.,0.,1.));
#3122 = ADVANCED_FACE('',(#3123),#3141,.F.);
#3123 = FACE_BOUND('',#3124,.F.);
#3124 = EDGE_LOOP('',(#3125,#3126,#3127,#3135));
#3125 = ORIENTED_EDGE('',*,*,#3104,.F.);
#3126 = ORIENTED_EDGE('',*,*,#2545,.T.);
#3127 = ORIENTED_EDGE('',*,*,#3128,.T.);
#3128 = EDGE_CURVE('',#2546,#3129,#3131,.T.);
#3129 = VERTEX_POINT('',#3130);
#3130 = CARTESIAN_POINT('',(80.6,110.,11.));
#3131 = LINE('',#3132,#3133);
#3132 = CARTESIAN_POINT('',(80.6,110.,7.9));
#3133 = VECTOR('',#3134,1.);
#3134 = DIRECTION('',(0.,0.,1.));
#3135 = ORIENTED_EDGE('',*,*,#3136,.F.);
#3136 = EDGE_CURVE('',#3105,#3129,#3137,.T.);
#3137 = LINE('',#3138,#3139);
#3138 = CARTESIAN_POINT('',(40.3,110.,11.));
#3139 = VECTOR('',#3140,1.);
#3140 = DIRECTION('',(-1.,-0.,0.));
#3141 = PLANE('',#3142);
#3142 = AXIS2_PLACEMENT_3D('',#3143,#3144,#3145);
#3143 = CARTESIAN_POINT('',(80.6,110.,7.9));
#3144 = DIRECTION('',(-0.,1.,0.));
#3145 = DIRECTION('',(0.,0.,1.));
#3146 = ADVANCED_FACE('',(#3147),#3158,.T.);
#3147 = FACE_BOUND('',#3148,.T.);
#3148 = EDGE_LOOP('',(#3149,#3150,#3151,#3152));
#3149 = ORIENTED_EDGE('',*,*,#3080,.F.);
#3150 = ORIENTED_EDGE('',*,*,#2553,.T.);
#3151 = ORIENTED_EDGE('',*,*,#3128,.T.);
#3152 = ORIENTED_EDGE('',*,*,#3153,.F.);
#3153 = EDGE_CURVE('',#3081,#3129,#3154,.T.);
#3154 = LINE('',#3155,#3156);
#3155 = CARTESIAN_POINT('',(80.6,89.5,11.));
#3156 = VECTOR('',#3157,1.);
#3157 = DIRECTION('',(-0.,1.,0.));
#3158 = PLANE('',#3159);
#3159 = AXIS2_PLACEMENT_3D('',#3160,#3161,#3162);
#3160 = CARTESIAN_POINT('',(80.6,107.,7.9));
#3161 = DIRECTION('',(1.,0.,-0.));
#3162 = DIRECTION('',(0.,0.,1.));
#3163 = ADVANCED_FACE('',(#3164),#3189,.T.);
#3164 = FACE_BOUND('',#3165,.T.);
#3165 = EDGE_LOOP('',(#3166,#3174,#3175,#3183));
#3166 = ORIENTED_EDGE('',*,*,#3167,.F.);
#3167 = EDGE_CURVE('',#2562,#3168,#3170,.T.);
#3168 = VERTEX_POINT('',#3169);
#3169 = CARTESIAN_POINT('',(95.4,107.,11.));
#3170 = LINE('',#3171,#3172);
#3171 = CARTESIAN_POINT('',(95.4,107.,7.9));
#3172 = VECTOR('',#3173,1.);
#3173 = DIRECTION('',(0.,0.,1.));
#3174 = ORIENTED_EDGE('',*,*,#2561,.T.);
#3175 = ORIENTED_EDGE('',*,*,#3176,.T.);
#3176 = EDGE_CURVE('',#2564,#3177,#3179,.T.);
#3177 = VERTEX_POINT('',#3178);
#3178 = CARTESIAN_POINT('',(92.6,107.,11.));
#3179 = LINE('',#3180,#3181);
#3180 = CARTESIAN_POINT('',(92.6,107.,7.9));
#3181 = VECTOR('',#3182,1.);
#3182 = DIRECTION('',(0.,0.,1.));
#3183 = ORIENTED_EDGE('',*,*,#3184,.F.);
#3184 = EDGE_CURVE('',#3168,#3177,#3185,.T.);
#3185 = LINE('',#3186,#3187);
#3186 = CARTESIAN_POINT('',(46.3,107.,11.));
#3187 = VECTOR('',#3188,1.);
#3188 = DIRECTION('',(-1.,-0.,0.));
#3189 = PLANE('',#3190);
#3190 = AXIS2_PLACEMENT_3D('',#3191,#3192,#3193);
#3191 = CARTESIAN_POINT('',(92.6,107.,7.9));
#3192 = DIRECTION('',(-0.,1.,0.));
#3193 = DIRECTION('',(0.,0.,1.));
#3194 = ADVANCED_FACE('',(#3195),#3213,.F.);
#3195 = FACE_BOUND('',#3196,.F.);
#3196 = EDGE_LOOP('',(#3197,#3198,#3199,#3207));
#3197 = ORIENTED_EDGE('',*,*,#3167,.F.);
#3198 = ORIENTED_EDGE('',*,*,#2571,.T.);
#3199 = ORIENTED_EDGE('',*,*,#3200,.T.);
#3200 = EDGE_CURVE('',#2572,#3201,#3203,.T.);
#3201 = VERTEX_POINT('',#3202);
#3202 = CARTESIAN_POINT('',(95.4,110.,11.));
#3203 = LINE('',#3204,#3205);
#3204 = CARTESIAN_POINT('',(95.4,110.,7.9));
#3205 = VECTOR('',#3206,1.);
#3206 = DIRECTION('',(0.,0.,1.));
#3207 = ORIENTED_EDGE('',*,*,#3208,.F.);
#3208 = EDGE_CURVE('',#3168,#3201,#3209,.T.);
#3209 = LINE('',#3210,#3211);
#3210 = CARTESIAN_POINT('',(95.4,89.5,11.));
#3211 = VECTOR('',#3212,1.);
#3212 = DIRECTION('',(-0.,1.,0.));
#3213 = PLANE('',#3214);
#3214 = AXIS2_PLACEMENT_3D('',#3215,#3216,#3217);
#3215 = CARTESIAN_POINT('',(95.4,107.,7.9));
#3216 = DIRECTION('',(1.,0.,-0.));
#3217 = DIRECTION('',(0.,0.,1.));
#3218 = ADVANCED_FACE('',(#3219),#3237,.F.);
#3219 = FACE_BOUND('',#3220,.F.);
#3220 = EDGE_LOOP('',(#3221,#3222,#3223,#3231));
#3221 = ORIENTED_EDGE('',*,*,#3200,.F.);
#3222 = ORIENTED_EDGE('',*,*,#2579,.T.);
#3223 = ORIENTED_EDGE('',*,*,#3224,.T.);
#3224 = EDGE_CURVE('',#2580,#3225,#3227,.T.);
#3225 = VERTEX_POINT('',#3226);
#3226 = CARTESIAN_POINT('',(92.6,110.,11.));
#3227 = LINE('',#3228,#3229);
#3228 = CARTESIAN_POINT('',(92.6,110.,7.9));
#3229 = VECTOR('',#3230,1.);
#3230 = DIRECTION('',(0.,0.,1.));
#3231 = ORIENTED_EDGE('',*,*,#3232,.F.);
#3232 = EDGE_CURVE('',#3201,#3225,#3233,.T.);
#3233 = LINE('',#3234,#3235);
#3234 = CARTESIAN_POINT('',(46.3,110.,11.));
#3235 = VECTOR('',#3236,1.);
#3236 = DIRECTION('',(-1.,-0.,0.));
#3237 = PLANE('',#3238);
#3238 = AXIS2_PLACEMENT_3D('',#3239,#3240,#3241);
#3239 = CARTESIAN_POINT('',(92.6,110.,7.9));
#3240 = DIRECTION('',(-0.,1.,0.));
#3241 = DIRECTION('',(0.,0.,1.));
#3242 = ADVANCED_FACE('',(#3243),#3254,.T.);
#3243 = FACE_BOUND('',#3244,.T.);
#3244 = EDGE_LOOP('',(#3245,#3246,#3247,#3248));
#3245 = ORIENTED_EDGE('',*,*,#3176,.F.);
#3246 = ORIENTED_EDGE('',*,*,#2587,.T.);
#3247 = ORIENTED_EDGE('',*,*,#3224,.T.);
#3248 = ORIENTED_EDGE('',*,*,#3249,.F.);
#3249 = EDGE_CURVE('',#3177,#3225,#3250,.T.);
#3250 = LINE('',#3251,#3252);
#3251 = CARTESIAN_POINT('',(92.6,89.5,11.));
#3252 = VECTOR('',#3253,1.);
#3253 = DIRECTION('',(-0.,1.,0.));
#3254 = PLANE('',#3255);
#3255 = AXIS2_PLACEMENT_3D('',#3256,#3257,#3258);
#3256 = CARTESIAN_POINT('',(92.6,107.,7.9));
#3257 = DIRECTION('',(1.,0.,-0.));
#3258 = DIRECTION('',(0.,0.,1.));
#3259 = ADVANCED_FACE('',(#3260),#3285,.T.);
#3260 = FACE_BOUND('',#3261,.T.);
#3261 = EDGE_LOOP('',(#3262,#3270,#3271,#3279));
#3262 = ORIENTED_EDGE('',*,*,#3263,.F.);
#3263 = EDGE_CURVE('',#2596,#3264,#3266,.T.);
#3264 = VERTEX_POINT('',#3265);
#3265 = CARTESIAN_POINT('',(109.4,107.,11.));
#3266 = LINE('',#3267,#3268);
#3267 = CARTESIAN_POINT('',(109.4,107.,7.9));
#3268 = VECTOR('',#3269,1.);
#3269 = DIRECTION('',(0.,0.,1.));
#3270 = ORIENTED_EDGE('',*,*,#2595,.T.);
#3271 = ORIENTED_EDGE('',*,*,#3272,.T.);
#3272 = EDGE_CURVE('',#2598,#3273,#3275,.T.);
#3273 = VERTEX_POINT('',#3274);
#3274 = CARTESIAN_POINT('',(106.6,107.,11.));
#3275 = LINE('',#3276,#3277);
#3276 = CARTESIAN_POINT('',(106.6,107.,7.9));
#3277 = VECTOR('',#3278,1.);
#3278 = DIRECTION('',(0.,0.,1.));
#3279 = ORIENTED_EDGE('',*,*,#3280,.F.);
#3280 = EDGE_CURVE('',#3264,#3273,#3281,.T.);
#3281 = LINE('',#3282,#3283);
#3282 = CARTESIAN_POINT('',(53.3,107.,11.));
#3283 = VECTOR('',#3284,1.);
#3284 = DIRECTION('',(-1.,-0.,0.));
#3285 = PLANE('',#3286);
#3286 = AXIS2_PLACEMENT_3D('',#3287,#3288,#3289);
#3287 = CARTESIAN_POINT('',(106.6,107.,7.9));
#3288 = DIRECTION('',(-0.,1.,0.));
#3289 = DIRECTION('',(0.,0.,1.));
#3290 = ADVANCED_FACE('',(#3291),#3309,.F.);
#3291 = FACE_BOUND('',#3292,.F.);
#3292 = EDGE_LOOP('',(#3293,#3294,#3295,#3303));
#3293 = ORIENTED_EDGE('',*,*,#3263,.F.);
#3294 = ORIENTED_EDGE('',*,*,#2605,.T.);
#3295 = ORIENTED_EDGE('',*,*,#3296,.T.);
#3296 = EDGE_CURVE('',#2606,#3297,#3299,.T.);
#3297 = VERTEX_POINT('',#3298);
#3298 = CARTESIAN_POINT('',(109.4,110.,11.));
#3299 = LINE('',#3300,#3301);
#3300 = CARTESIAN_POINT('',(109.4,110.,7.9));
#3301 = VECTOR('',#3302,1.);
#3302 = DIRECTION('',(0.,0.,1.));
#3303 = ORIENTED_EDGE('',*,*,#3304,.F.);
#3304 = EDGE_CURVE('',#3264,#3297,#3305,.T.);
#3305 = LINE('',#3306,#3307);
#3306 = CARTESIAN_POINT('',(109.4,89.5,11.));
#3307 = VECTOR('',#3308,1.);
#3308 = DIRECTION('',(-0.,1.,0.));
#3309 = PLANE('',#3310);
#3310 = AXIS2_PLACEMENT_3D('',#3311,#3312,#3313);
#3311 = CARTESIAN_POINT('',(109.4,107.,7.9));
#3312 = DIRECTION('',(1.,0.,-0.));
#3313 = DIRECTION('',(0.,0.,1.));
#3314 = ADVANCED_FACE('',(#3315),#3333,.F.);
#3315 = FACE_BOUND('',#3316,.F.);
#3316 = EDGE_LOOP('',(#3317,#3318,#3319,#3327));
#3317 = ORIENTED_EDGE('',*,*,#3296,.F.);
#3318 = ORIENTED_EDGE('',*,*,#2613,.T.);
#3319 = ORIENTED_EDGE('',*,*,#3320,.T.);
#3320 = EDGE_CURVE('',#2614,#3321,#3323,.T.);
#3321 = VERTEX_POINT('',#3322);
#3322 = CARTESIAN_POINT('',(106.6,110.,11.));
#3323 = LINE('',#3324,#3325);
#3324 = CARTESIAN_POINT('',(106.6,110.,7.9));
#3325 = VECTOR('',#3326,1.);
#3326 = DIRECTION('',(0.,0.,1.));
#3327 = ORIENTED_EDGE('',*,*,#3328,.F.);
#3328 = EDGE_CURVE('',#3297,#3321,#3329,.T.);
#3329 = LINE('',#3330,#3331);
#3330 = CARTESIAN_POINT('',(53.3,110.,11.));
#3331 = VECTOR('',#3332,1.);
#3332 = DIRECTION('',(-1.,-0.,0.));
#3333 = PLANE('',#3334);
#3334 = AXIS2_PLACEMENT_3D('',#3335,#3336,#3337);
#3335 = CARTESIAN_POINT('',(106.6,110.,7.9));
#3336 = DIRECTION('',(-0.,1.,0.));
#3337 = DIRECTION('',(0.,0.,1.));
#3338 = ADVANCED_FACE('',(#3339),#3350,.T.);
#3339 = FACE_BOUND('',#3340,.T.);
#3340 = EDGE_LOOP('',(#3341,#3342,#3343,#3344));
#3341 = ORIENTED_EDGE('',*,*,#3272,.F.);
#3342 = ORIENTED_EDGE('',*,*,#2621,.T.);
#3343 = ORIENTED_EDGE('',*,*,#3320,.T.);
#3344 = ORIENTED_EDGE('',*,*,#3345,.F.);
#3345 = EDGE_CURVE('',#3273,#3321,#3346,.T.);
#3346 = LINE('',#3347,#3348);
#3347 = CARTESIAN_POINT('',(106.6,89.5,11.));
#3348 = VECTOR('',#3349,1.);
#3349 = DIRECTION('',(-0.,1.,0.));
#3350 = PLANE('',#3351);
#3351 = AXIS2_PLACEMENT_3D('',#3352,#3353,#3354);
#3352 = CARTESIAN_POINT('',(106.6,107.,7.9));
#3353 = DIRECTION('',(1.,0.,-0.));
#3354 = DIRECTION('',(0.,0.,1.));
#3355 = ADVANCED_FACE('',(#3356),#3381,.T.);
#3356 = FACE_BOUND('',#3357,.T.);
#3357 = EDGE_LOOP('',(#3358,#3366,#3367,#3375));
#3358 = ORIENTED_EDGE('',*,*,#3359,.F.);
#3359 = EDGE_CURVE('',#2630,#3360,#3362,.T.);
#3360 = VERTEX_POINT('',#3361);
#3361 = CARTESIAN_POINT('',(121.4,107.,11.));
#3362 = LINE('',#3363,#3364);
#3363 = CARTESIAN_POINT('',(121.4,107.,7.9));
#3364 = VECTOR('',#3365,1.);
#3365 = DIRECTION('',(0.,0.,1.));
#3366 = ORIENTED_EDGE('',*,*,#2629,.T.);
#3367 = ORIENTED_EDGE('',*,*,#3368,.T.);
#3368 = EDGE_CURVE('',#2632,#3369,#3371,.T.);
#3369 = VERTEX_POINT('',#3370);
#3370 = CARTESIAN_POINT('',(118.6,107.,11.));
#3371 = LINE('',#3372,#3373);
#3372 = CARTESIAN_POINT('',(118.6,107.,7.9));
#3373 = VECTOR('',#3374,1.);
#3374 = DIRECTION('',(0.,0.,1.));
#3375 = ORIENTED_EDGE('',*,*,#3376,.F.);
#3376 = EDGE_CURVE('',#3360,#3369,#3377,.T.);
#3377 = LINE('',#3378,#3379);
#3378 = CARTESIAN_POINT('',(59.3,107.,11.));
#3379 = VECTOR('',#3380,1.);
#3380 = DIRECTION('',(-1.,-0.,0.));
#3381 = PLANE('',#3382);
#3382 = AXIS2_PLACEMENT_3D('',#3383,#3384,#3385);
#3383 = CARTESIAN_POINT('',(118.6,107.,7.9));
#3384 = DIRECTION('',(-0.,1.,0.));
#3385 = DIRECTION('',(0.,0.,1.));
#3386 = ADVANCED_FACE('',(#3387),#3405,.F.);
#3387 = FACE_BOUND('',#3388,.F.);
#3388 = EDGE_LOOP('',(#3389,#3390,#3391,#3399));
#3389 = ORIENTED_EDGE('',*,*,#3359,.F.);
#3390 = ORIENTED_EDGE('',*,*,#2639,.T.);
#3391 = ORIENTED_EDGE('',*,*,#3392,.T.);
#3392 = EDGE_CURVE('',#2640,#3393,#3395,.T.);
#3393 = VERTEX_POINT('',#3394);
#3394 = CARTESIAN_POINT('',(121.4,110.,11.));
#3395 = LINE('',#3396,#3397);
#3396 = CARTESIAN_POINT('',(121.4,110.,7.9));
#3397 = VECTOR('',#3398,1.);
#3398 = DIRECTION('',(0.,0.,1.));
#3399 = ORIENTED_EDGE('',*,*,#3400,.F.);
#3400 = EDGE_CURVE('',#3360,#3393,#3401,.T.);
#3401 = LINE('',#3402,#3403);
#3402 = CARTESIAN_POINT('',(121.4,89.5,11.));
#3403 = VECTOR('',#3404,1.);
#3404 = DIRECTION('',(-0.,1.,0.));
#3405 = PLANE('',#3406);
#3406 = AXIS2_PLACEMENT_3D('',#3407,#3408,#3409);
#3407 = CARTESIAN_POINT('',(121.4,107.,7.9));
#3408 = DIRECTION('',(1.,0.,-0.));
#3409 = DIRECTION('',(0.,0.,1.));
#3410 = ADVANCED_FACE('',(#3411),#3429,.F.);
#3411 = FACE_BOUND('',#3412,.F.);
#3412 = EDGE_LOOP('',(#3413,#3414,#3415,#3423));
#3413 = ORIENTED_EDGE('',*,*,#3392,.F.);
#3414 = ORIENTED_EDGE('',*,*,#2647,.T.);
#3415 = ORIENTED_EDGE('',*,*,#3416,.T.);
#3416 = EDGE_CURVE('',#2648,#3417,#3419,.T.);
#3417 = VERTEX_POINT('',#3418);
#3418 = CARTESIAN_POINT('',(118.6,110.,11.));
#3419 = LINE('',#3420,#3421);
#3420 = CARTESIAN_POINT('',(118.6,110.,7.9));
#3421 = VECTOR('',#3422,1.);
#3422 = DIRECTION('',(0.,0.,1.));
#3423 = ORIENTED_EDGE('',*,*,#3424,.F.);
#3424 = EDGE_CURVE('',#3393,#3417,#3425,.T.);
#3425 = LINE('',#3426,#3427);
#3426 = CARTESIAN_POINT('',(59.3,110.,11.));
#3427 = VECTOR('',#3428,1.);
#3428 = DIRECTION('',(-1.,-0.,0.));
#3429 = PLANE('',#3430);
#3430 = AXIS2_PLACEMENT_3D('',#3431,#3432,#3433);
#3431 = CARTESIAN_POINT('',(118.6,110.,7.9));
#3432 = DIRECTION('',(-0.,1.,0.));
#3433 = DIRECTION('',(0.,0.,1.));
#3434 = ADVANCED_FACE('',(#3435),#3446,.T.);
#3435 = FACE_BOUND('',#3436,.T.);
#3436 = EDGE_LOOP('',(#3437,#3438,#3439,#3440));
#3437 = ORIENTED_EDGE('',*,*,#3368,.F.);
#3438 = ORIENTED_EDGE('',*,*,#2655,.T.);
#3439 = ORIENTED_EDGE('',*,*,#3416,.T.);
#3440 = ORIENTED_EDGE('',*,*,#3441,.F.);
#3441 = EDGE_CURVE('',#3369,#3417,#3442,.T.);
#3442 = LINE('',#3443,#3444);
#3443 = CARTESIAN_POINT('',(118.6,89.5,11.));
#3444 = VECTOR('',#3445,1.);
#3445 = DIRECTION('',(-0.,1.,0.));
#3446 = PLANE('',#3447);
#3447 = AXIS2_PLACEMENT_3D('',#3448,#3449,#3450);
#3448 = CARTESIAN_POINT('',(118.6,107.,7.9));
#3449 = DIRECTION('',(1.,0.,-0.));
#3450 = DIRECTION('',(0.,0.,1.));
#3451 = ADVANCED_FACE('',(#3452),#3477,.T.);
#3452 = FACE_BOUND('',#3453,.T.);
#3453 = EDGE_LOOP('',(#3454,#3462,#3463,#3471));
#3454 = ORIENTED_EDGE('',*,*,#3455,.F.);
#3455 = EDGE_CURVE('',#2664,#3456,#3458,.T.);
#3456 = VERTEX_POINT('',#3457);
#3457 = CARTESIAN_POINT('',(135.4,107.,11.));
#3458 = LINE('',#3459,#3460);
#3459 = CARTESIAN_POINT('',(135.4,107.,7.9));
#3460 = VECTOR('',#3461,1.);
#3461 = DIRECTION('',(0.,0.,1.));
#3462 = ORIENTED_EDGE('',*,*,#2663,.T.);
#3463 = ORIENTED_EDGE('',*,*,#3464,.T.);
#3464 = EDGE_CURVE('',#2666,#3465,#3467,.T.);
#3465 = VERTEX_POINT('',#3466);
#3466 = CARTESIAN_POINT('',(132.6,107.,11.));
#3467 = LINE('',#3468,#3469);
#3468 = CARTESIAN_POINT('',(132.6,107.,7.9));
#3469 = VECTOR('',#3470,1.);
#3470 = DIRECTION('',(0.,0.,1.));
#3471 = ORIENTED_EDGE('',*,*,#3472,.F.);
#3472 = EDGE_CURVE('',#3456,#3465,#3473,.T.);
#3473 = LINE('',#3474,#3475);
#3474 = CARTESIAN_POINT('',(66.3,107.,11.));
#3475 = VECTOR('',#3476,1.);
#3476 = DIRECTION('',(-1.,-0.,0.));
#3477 = PLANE('',#3478);
#3478 = AXIS2_PLACEMENT_3D('',#3479,#3480,#3481);
#3479 = CARTESIAN_POINT('',(132.6,107.,7.9));
#3480 = DIRECTION('',(-0.,1.,0.));
#3481 = DIRECTION('',(0.,0.,1.));
#3482 = ADVANCED_FACE('',(#3483),#3501,.F.);
#3483 = FACE_BOUND('',#3484,.F.);
#3484 = EDGE_LOOP('',(#3485,#3486,#3487,#3495));
#3485 = ORIENTED_EDGE('',*,*,#3455,.F.);
#3486 = ORIENTED_EDGE('',*,*,#2673,.T.);
#3487 = ORIENTED_EDGE('',*,*,#3488,.T.);
#3488 = EDGE_CURVE('',#2674,#3489,#3491,.T.);
#3489 = VERTEX_POINT('',#3490);
#3490 = CARTESIAN_POINT('',(135.4,110.,11.));
#3491 = LINE('',#3492,#3493);
#3492 = CARTESIAN_POINT('',(135.4,110.,7.9));
#3493 = VECTOR('',#3494,1.);
#3494 = DIRECTION('',(0.,0.,1.));
#3495 = ORIENTED_EDGE('',*,*,#3496,.F.);
#3496 = EDGE_CURVE('',#3456,#3489,#3497,.T.);
#3497 = LINE('',#3498,#3499);
#3498 = CARTESIAN_POINT('',(135.4,89.5,11.));
#3499 = VECTOR('',#3500,1.);
#3500 = DIRECTION('',(-0.,1.,0.));
#3501 = PLANE('',#3502);
#3502 = AXIS2_PLACEMENT_3D('',#3503,#3504,#3505);
#3503 = CARTESIAN_POINT('',(135.4,107.,7.9));
#3504 = DIRECTION('',(1.,0.,-0.));
#3505 = DIRECTION('',(0.,0.,1.));
#3506 = ADVANCED_FACE('',(#3507),#3525,.F.);
#3507 = FACE_BOUND('',#3508,.F.);
#3508 = EDGE_LOOP('',(#3509,#3510,#3511,#3519));
#3509 = ORIENTED_EDGE('',*,*,#3488,.F.);
#3510 = ORIENTED_EDGE('',*,*,#2681,.T.);
#3511 = ORIENTED_EDGE('',*,*,#3512,.T.);
#3512 = EDGE_CURVE('',#2682,#3513,#3515,.T.);
#3513 = VERTEX_POINT('',#3514);
#3514 = CARTESIAN_POINT('',(132.6,110.,11.));
#3515 = LINE('',#3516,#3517);
#3516 = CARTESIAN_POINT('',(132.6,110.,7.9));
#3517 = VECTOR('',#3518,1.);
#3518 = DIRECTION('',(0.,0.,1.));
#3519 = ORIENTED_EDGE('',*,*,#3520,.F.);
#3520 = EDGE_CURVE('',#3489,#3513,#3521,.T.);
#3521 = LINE('',#3522,#3523);
#3522 = CARTESIAN_POINT('',(66.3,110.,11.));
#3523 = VECTOR('',#3524,1.);
#3524 = DIRECTION('',(-1.,-0.,0.));
#3525 = PLANE('',#3526);
#3526 = AXIS2_PLACEMENT_3D('',#3527,#3528,#3529);
#3527 = CARTESIAN_POINT('',(132.6,110.,7.9));
#3528 = DIRECTION('',(-0.,1.,0.));
#3529 = DIRECTION('',(0.,0.,1.));
#3530 = ADVANCED_FACE('',(#3531),#3542,.T.);
#3531 = FACE_BOUND('',#3532,.T.);
#3532 = EDGE_LOOP('',(#3533,#3534,#3535,#3536));
#3533 = ORIENTED_EDGE('',*,*,#3464,.F.);
#3534 = ORIENTED_EDGE('',*,*,#2689,.T.);
#3535 = ORIENTED_EDGE('',*,*,#3512,.T.);
#3536 = ORIENTED_EDGE('',*,*,#3537,.F.);
#3537 = EDGE_CURVE('',#3465,#3513,#3538,.T.);
#3538 = LINE('',#3539,#3540);
#3539 = CARTESIAN_POINT('',(132.6,89.5,11.));
#3540 = VECTOR('',#3541,1.);
#3541 = DIRECTION('',(-0.,1.,0.));
#3542 = PLANE('',#3543);
#3543 = AXIS2_PLACEMENT_3D('',#3544,#3545,#3546);
#3544 = CARTESIAN_POINT('',(132.6,107.,7.9));
#3545 = DIRECTION('',(1.,0.,-0.));
#3546 = DIRECTION('',(0.,0.,1.));
#3547 = ADVANCED_FACE('',(#3548),#3573,.T.);
#3548 = FACE_BOUND('',#3549,.T.);
#3549 = EDGE_LOOP('',(#3550,#3558,#3559,#3567));
#3550 = ORIENTED_EDGE('',*,*,#3551,.F.);
#3551 = EDGE_CURVE('',#2698,#3552,#3554,.T.);
#3552 = VERTEX_POINT('',#3553);
#3553 = CARTESIAN_POINT('',(147.4,107.,11.));
#3554 = LINE('',#3555,#3556);
#3555 = CARTESIAN_POINT('',(147.4,107.,7.9));
#3556 = VECTOR('',#3557,1.);
#3557 = DIRECTION('',(0.,0.,1.));
#3558 = ORIENTED_EDGE('',*,*,#2697,.T.);
#3559 = ORIENTED_EDGE('',*,*,#3560,.T.);
#3560 = EDGE_CURVE('',#2700,#3561,#3563,.T.);
#3561 = VERTEX_POINT('',#3562);
#3562 = CARTESIAN_POINT('',(144.6,107.,11.));
#3563 = LINE('',#3564,#3565);
#3564 = CARTESIAN_POINT('',(144.6,107.,7.9));
#3565 = VECTOR('',#3566,1.);
#3566 = DIRECTION('',(0.,0.,1.));
#3567 = ORIENTED_EDGE('',*,*,#3568,.F.);
#3568 = EDGE_CURVE('',#3552,#3561,#3569,.T.);
#3569 = LINE('',#3570,#3571);
#3570 = CARTESIAN_POINT('',(72.3,107.,11.));
#3571 = VECTOR('',#3572,1.);
#3572 = DIRECTION('',(-1.,-0.,0.));
#3573 = PLANE('',#3574);
#3574 = AXIS2_PLACEMENT_3D('',#3575,#3576,#3577);
#3575 = CARTESIAN_POINT('',(144.6,107.,7.9));
#3576 = DIRECTION('',(-0.,1.,0.));
#3577 = DIRECTION('',(0.,0.,1.));
#3578 = ADVANCED_FACE('',(#3579),#3597,.F.);
#3579 = FACE_BOUND('',#3580,.F.);
#3580 = EDGE_LOOP('',(#3581,#3582,#3583,#3591));
#3581 = ORIENTED_EDGE('',*,*,#3551,.F.);
#3582 = ORIENTED_EDGE('',*,*,#2707,.T.);
#3583 = ORIENTED_EDGE('',*,*,#3584,.T.);
#3584 = EDGE_CURVE('',#2708,#3585,#3587,.T.);
#3585 = VERTEX_POINT('',#3586);
#3586 = CARTESIAN_POINT('',(147.4,110.,11.));
#3587 = LINE('',#3588,#3589);
#3588 = CARTESIAN_POINT('',(147.4,110.,7.9));
#3589 = VECTOR('',#3590,1.);
#3590 = DIRECTION('',(0.,0.,1.));
#3591 = ORIENTED_EDGE('',*,*,#3592,.F.);
#3592 = EDGE_CURVE('',#3552,#3585,#3593,.T.);
#3593 = LINE('',#3594,#3595);
#3594 = CARTESIAN_POINT('',(147.4,89.5,11.));
#3595 = VECTOR('',#3596,1.);
#3596 = DIRECTION('',(-0.,1.,0.));
#3597 = PLANE('',#3598);
#3598 = AXIS2_PLACEMENT_3D('',#3599,#3600,#3601);
#3599 = CARTESIAN_POINT('',(147.4,107.,7.9));
#3600 = DIRECTION('',(1.,0.,-0.));
#3601 = DIRECTION('',(0.,0.,1.));
#3602 = ADVANCED_FACE('',(#3603),#3621,.F.);
#3603 = FACE_BOUND('',#3604,.F.);
#3604 = EDGE_LOOP('',(#3605,#3606,#3607,#3615));
#3605 = ORIENTED_EDGE('',*,*,#3584,.F.);
#3606 = ORIENTED_EDGE('',*,*,#2715,.T.);
#3607 = ORIENTED_EDGE('',*,*,#3608,.T.);
#3608 = EDGE_CURVE('',#2716,#3609,#3611,.T.);
#3609 = VERTEX_POINT('',#3610);
#3610 = CARTESIAN_POINT('',(144.6,110.,11.));
#3611 = LINE('',#3612,#3613);
#3612 = CARTESIAN_POINT('',(144.6,110.,7.9));
#3613 = VECTOR('',#3614,1.);
#3614 = DIRECTION('',(0.,0.,1.));
#3615 = ORIENTED_EDGE('',*,*,#3616,.F.);
#3616 = EDGE_CURVE('',#3585,#3609,#3617,.T.);
#3617 = LINE('',#3618,#3619);
#3618 = CARTESIAN_POINT('',(72.3,110.,11.));
#3619 = VECTOR('',#3620,1.);
#3620 = DIRECTION('',(-1.,-0.,0.));
#3621 = PLANE('',#3622);
#3622 = AXIS2_PLACEMENT_3D('',#3623,#3624,#3625);
#3623 = CARTESIAN_POINT('',(144.6,110.,7.9));
#3624 = DIRECTION('',(-0.,1.,0.));
#3625 = DIRECTION('',(0.,0.,1.));
#3626 = ADVANCED_FACE('',(#3627),#3638,.T.);
#3627 = FACE_BOUND('',#3628,.T.);
#3628 = EDGE_LOOP('',(#3629,#3630,#3631,#3632));
#3629 = ORIENTED_EDGE('',*,*,#3560,.F.);
#3630 = ORIENTED_EDGE('',*,*,#2723,.T.);
#3631 = ORIENTED_EDGE('',*,*,#3608,.T.);
#3632 = ORIENTED_EDGE('',*,*,#3633,.F.);
#3633 = EDGE_CURVE('',#3561,#3609,#3634,.T.);
#3634 = LINE('',#3635,#3636);
#3635 = CARTESIAN_POINT('',(144.6,89.5,11.));
#3636 = VECTOR('',#3637,1.);
#3637 = DIRECTION('',(-0.,1.,0.));
#3638 = PLANE('',#3639);
#3639 = AXIS2_PLACEMENT_3D('',#3640,#3641,#3642);
#3640 = CARTESIAN_POINT('',(144.6,107.,7.9));
#3641 = DIRECTION('',(1.,0.,-0.));
#3642 = DIRECTION('',(0.,0.,1.));
#3643 = ADVANCED_FACE('',(#3644),#3669,.T.);
#3644 = FACE_BOUND('',#3645,.T.);
#3645 = EDGE_LOOP('',(#3646,#3654,#3655,#3663));
#3646 = ORIENTED_EDGE('',*,*,#3647,.F.);
#3647 = EDGE_CURVE('',#2732,#3648,#3650,.T.);
#3648 = VERTEX_POINT('',#3649);
#3649 = CARTESIAN_POINT('',(157.4,107.,11.));
#3650 = LINE('',#3651,#3652);
#3651 = CARTESIAN_POINT('',(157.4,107.,7.9));
#3652 = VECTOR('',#3653,1.);
#3653 = DIRECTION('',(0.,0.,1.));
#3654 = ORIENTED_EDGE('',*,*,#2731,.T.);
#3655 = ORIENTED_EDGE('',*,*,#3656,.T.);
#3656 = EDGE_CURVE('',#2734,#3657,#3659,.T.);
#3657 = VERTEX_POINT('',#3658);
#3658 = CARTESIAN_POINT('',(154.6,107.,11.));
#3659 = LINE('',#3660,#3661);
#3660 = CARTESIAN_POINT('',(154.6,107.,7.9));
#3661 = VECTOR('',#3662,1.);
#3662 = DIRECTION('',(0.,0.,1.));
#3663 = ORIENTED_EDGE('',*,*,#3664,.F.);
#3664 = EDGE_CURVE('',#3648,#3657,#3665,.T.);
#3665 = LINE('',#3666,#3667);
#3666 = CARTESIAN_POINT('',(77.3,107.,11.));
#3667 = VECTOR('',#3668,1.);
#3668 = DIRECTION('',(-1.,-0.,0.));
#3669 = PLANE('',#3670);
#3670 = AXIS2_PLACEMENT_3D('',#3671,#3672,#3673);
#3671 = CARTESIAN_POINT('',(154.6,107.,7.9));
#3672 = DIRECTION('',(-0.,1.,0.));
#3673 = DIRECTION('',(0.,0.,1.));
#3674 = ADVANCED_FACE('',(#3675),#3693,.F.);
#3675 = FACE_BOUND('',#3676,.F.);
#3676 = EDGE_LOOP('',(#3677,#3678,#3679,#3687));
#3677 = ORIENTED_EDGE('',*,*,#3647,.F.);
#3678 = ORIENTED_EDGE('',*,*,#2741,.T.);
#3679 = ORIENTED_EDGE('',*,*,#3680,.T.);
#3680 = EDGE_CURVE('',#2742,#3681,#3683,.T.);
#3681 = VERTEX_POINT('',#3682);
#3682 = CARTESIAN_POINT('',(157.4,110.,11.));
#3683 = LINE('',#3684,#3685);
#3684 = CARTESIAN_POINT('',(157.4,110.,7.9));
#3685 = VECTOR('',#3686,1.);
#3686 = DIRECTION('',(0.,0.,1.));
#3687 = ORIENTED_EDGE('',*,*,#3688,.F.);
#3688 = EDGE_CURVE('',#3648,#3681,#3689,.T.);
#3689 = LINE('',#3690,#3691);
#3690 = CARTESIAN_POINT('',(157.4,89.5,11.));
#3691 = VECTOR('',#3692,1.);
#3692 = DIRECTION('',(-0.,1.,0.));
#3693 = PLANE('',#3694);
#3694 = AXIS2_PLACEMENT_3D('',#3695,#3696,#3697);
#3695 = CARTESIAN_POINT('',(157.4,107.,7.9));
#3696 = DIRECTION('',(1.,0.,-0.));
#3697 = DIRECTION('',(0.,0.,1.));
#3698 = ADVANCED_FACE('',(#3699),#3717,.F.);
#3699 = FACE_BOUND('',#3700,.F.);
#3700 = EDGE_LOOP('',(#3701,#3702,#3703,#3711));
#3701 = ORIENTED_EDGE('',*,*,#3680,.F.);
#3702 = ORIENTED_EDGE('',*,*,#2749,.T.);
#3703 = ORIENTED_EDGE('',*,*,#3704,.T.);
#3704 = EDGE_CURVE('',#2750,#3705,#3707,.T.);
#3705 = VERTEX_POINT('',#3706);
#3706 = CARTESIAN_POINT('',(154.6,110.,11.));
#3707 = LINE('',#3708,#3709);
#3708 = CARTESIAN_POINT('',(154.6,110.,7.9));
#3709 = VECTOR('',#3710,1.);
#3710 = DIRECTION('',(0.,0.,1.));
#3711 = ORIENTED_EDGE('',*,*,#3712,.F.);
#3712 = EDGE_CURVE('',#3681,#3705,#3713,.T.);
#3713 = LINE('',#3714,#3715);
#3714 = CARTESIAN_POINT('',(77.3,110.,11.));
#3715 = VECTOR('',#3716,1.);
#3716 = DIRECTION('',(-1.,-0.,0.));
#3717 = PLANE('',#3718);
#3718 = AXIS2_PLACEMENT_3D('',#3719,#3720,#3721);
#3719 = CARTESIAN_POINT('',(154.6,110.,7.9));
#3720 = DIRECTION('',(-0.,1.,0.));
#3721 = DIRECTION('',(0.,0.,1.));
#3722 = ADVANCED_FACE('',(#3723),#3734,.T.);
#3723 = FACE_BOUND('',#3724,.T.);
#3724 = EDGE_LOOP('',(#3725,#3726,#3727,#3728));
#3725 = ORIENTED_EDGE('',*,*,#3656,.F.);
#3726 = ORIENTED_EDGE('',*,*,#2757,.T.);
#3727 = ORIENTED_EDGE('',*,*,#3704,.T.);
#3728 = ORIENTED_EDGE('',*,*,#3729,.F.);
#3729 = EDGE_CURVE('',#3657,#3705,#3730,.T.);
#3730 = LINE('',#3731,#3732);
#3731 = CARTESIAN_POINT('',(154.6,89.5,11.));
#3732 = VECTOR('',#3733,1.);
#3733 = DIRECTION('',(-0.,1.,0.));
#3734 = PLANE('',#3735);
#3735 = AXIS2_PLACEMENT_3D('',#3736,#3737,#3738);
#3736 = CARTESIAN_POINT('',(154.6,107.,7.9));
#3737 = DIRECTION('',(1.,0.,-0.));
#3738 = DIRECTION('',(0.,0.,1.));
#3739 = ADVANCED_FACE('',(#3740),#3765,.T.);
#3740 = FACE_BOUND('',#3741,.T.);
#3741 = EDGE_LOOP('',(#3742,#3750,#3751,#3759));
#3742 = ORIENTED_EDGE('',*,*,#3743,.F.);
#3743 = EDGE_CURVE('',#2766,#3744,#3746,.T.);
#3744 = VERTEX_POINT('',#3745);
#3745 = CARTESIAN_POINT('',(169.4,107.,11.));
#3746 = LINE('',#3747,#3748);
#3747 = CARTESIAN_POINT('',(169.4,107.,7.9));
#3748 = VECTOR('',#3749,1.);
#3749 = DIRECTION('',(0.,0.,1.));
#3750 = ORIENTED_EDGE('',*,*,#2765,.T.);
#3751 = ORIENTED_EDGE('',*,*,#3752,.T.);
#3752 = EDGE_CURVE('',#2768,#3753,#3755,.T.);
#3753 = VERTEX_POINT('',#3754);
#3754 = CARTESIAN_POINT('',(166.6,107.,11.));
#3755 = LINE('',#3756,#3757);
#3756 = CARTESIAN_POINT('',(166.6,107.,7.9));
#3757 = VECTOR('',#3758,1.);
#3758 = DIRECTION('',(0.,0.,1.));
#3759 = ORIENTED_EDGE('',*,*,#3760,.F.);
#3760 = EDGE_CURVE('',#3744,#3753,#3761,.T.);
#3761 = LINE('',#3762,#3763);
#3762 = CARTESIAN_POINT('',(83.3,107.,11.));
#3763 = VECTOR('',#3764,1.);
#3764 = DIRECTION('',(-1.,-0.,0.));
#3765 = PLANE('',#3766);
#3766 = AXIS2_PLACEMENT_3D('',#3767,#3768,#3769);
#3767 = CARTESIAN_POINT('',(166.6,107.,7.9));
#3768 = DIRECTION('',(-0.,1.,0.));
#3769 = DIRECTION('',(0.,0.,1.));
#3770 = ADVANCED_FACE('',(#3771),#3789,.F.);
#3771 = FACE_BOUND('',#3772,.F.);
#3772 = EDGE_LOOP('',(#3773,#3774,#3775,#3783));
#3773 = ORIENTED_EDGE('',*,*,#3743,.F.);
#3774 = ORIENTED_EDGE('',*,*,#2775,.T.);
#3775 = ORIENTED_EDGE('',*,*,#3776,.T.);
#3776 = EDGE_CURVE('',#2776,#3777,#3779,.T.);
#3777 = VERTEX_POINT('',#3778);
#3778 = CARTESIAN_POINT('',(169.4,110.,11.));
#3779 = LINE('',#3780,#3781);
#3780 = CARTESIAN_POINT('',(169.4,110.,7.9));
#3781 = VECTOR('',#3782,1.);
#3782 = DIRECTION('',(0.,0.,1.));
#3783 = ORIENTED_EDGE('',*,*,#3784,.F.);
#3784 = EDGE_CURVE('',#3744,#3777,#3785,.T.);
#3785 = LINE('',#3786,#3787);
#3786 = CARTESIAN_POINT('',(169.4,89.5,11.));
#3787 = VECTOR('',#3788,1.);
#3788 = DIRECTION('',(-0.,1.,0.));
#3789 = PLANE('',#3790);
#3790 = AXIS2_PLACEMENT_3D('',#3791,#3792,#3793);
#3791 = CARTESIAN_POINT('',(169.4,107.,7.9));
#3792 = DIRECTION('',(1.,0.,-0.));
#3793 = DIRECTION('',(0.,0.,1.));
#3794 = ADVANCED_FACE('',(#3795),#3813,.F.);
#3795 = FACE_BOUND('',#3796,.F.);
#3796 = EDGE_LOOP('',(#3797,#3798,#3799,#3807));
#3797 = ORIENTED_EDGE('',*,*,#3776,.F.);
#3798 = ORIENTED_EDGE('',*,*,#2783,.T.);
#3799 = ORIENTED_EDGE('',*,*,#3800,.T.);
#3800 = EDGE_CURVE('',#2784,#3801,#3803,.T.);
#3801 = VERTEX_POINT('',#3802);
#3802 = CARTESIAN_POINT('',(166.6,110.,11.));
#3803 = LINE('',#3804,#3805);
#3804 = CARTESIAN_POINT('',(166.6,110.,7.9));
#3805 = VECTOR('',#3806,1.);
#3806 = DIRECTION('',(0.,0.,1.));
#3807 = ORIENTED_EDGE('',*,*,#3808,.F.);
#3808 = EDGE_CURVE('',#3777,#3801,#3809,.T.);
#3809 = LINE('',#3810,#3811);
#3810 = CARTESIAN_POINT('',(83.3,110.,11.));
#3811 = VECTOR('',#3812,1.);
#3812 = DIRECTION('',(-1.,-0.,0.));
#3813 = PLANE('',#3814);
#3814 = AXIS2_PLACEMENT_3D('',#3815,#3816,#3817);
#3815 = CARTESIAN_POINT('',(166.6,110.,7.9));
#3816 = DIRECTION('',(-0.,1.,0.));
#3817 = DIRECTION('',(0.,0.,1.));
#3818 = ADVANCED_FACE('',(#3819),#3830,.T.);
#3819 = FACE_BOUND('',#3820,.T.);
#3820 = EDGE_LOOP('',(#3821,#3822,#3823,#3824));
#3821 = ORIENTED_EDGE('',*,*,#3752,.F.);
#3822 = ORIENTED_EDGE('',*,*,#2791,.T.);
#3823 = ORIENTED_EDGE('',*,*,#3800,.T.);
#3824 = ORIENTED_EDGE('',*,*,#3825,.F.);
#3825 = EDGE_CURVE('',#3753,#3801,#3826,.T.);
#3826 = LINE('',#3827,#3828);
#3827 = CARTESIAN_POINT('',(166.6,89.5,11.));
#3828 = VECTOR('',#3829,1.);
#3829 = DIRECTION('',(-0.,1.,0.));
#3830 = PLANE('',#3831);
#3831 = AXIS2_PLACEMENT_3D('',#3832,#3833,#3834);
#3832 = CARTESIAN_POINT('',(166.6,107.,7.9));
#3833 = DIRECTION('',(1.,0.,-0.));
#3834 = DIRECTION('',(0.,0.,1.));
#3835 = ADVANCED_FACE('',(#3836),#3861,.T.);
#3836 = FACE_BOUND('',#3837,.T.);
#3837 = EDGE_LOOP('',(#3838,#3846,#3847,#3855));
#3838 = ORIENTED_EDGE('',*,*,#3839,.F.);
#3839 = EDGE_CURVE('',#2800,#3840,#3842,.T.);
#3840 = VERTEX_POINT('',#3841);
#3841 = CARTESIAN_POINT('',(15.4,107.,11.));
#3842 = LINE('',#3843,#3844);
#3843 = CARTESIAN_POINT('',(15.4,107.,7.9));
#3844 = VECTOR('',#3845,1.);
#3845 = DIRECTION('',(0.,0.,1.));
#3846 = ORIENTED_EDGE('',*,*,#2799,.T.);
#3847 = ORIENTED_EDGE('',*,*,#3848,.T.);
#3848 = EDGE_CURVE('',#2802,#3849,#3851,.T.);
#3849 = VERTEX_POINT('',#3850);
#3850 = CARTESIAN_POINT('',(12.6,107.,11.));
#3851 = LINE('',#3852,#3853);
#3852 = CARTESIAN_POINT('',(12.6,107.,7.9));
#3853 = VECTOR('',#3854,1.);
#3854 = DIRECTION('',(0.,0.,1.));
#3855 = ORIENTED_EDGE('',*,*,#3856,.F.);
#3856 = EDGE_CURVE('',#3840,#3849,#3857,.T.);
#3857 = LINE('',#3858,#3859);
#3858 = CARTESIAN_POINT('',(6.3,107.,11.));
#3859 = VECTOR('',#3860,1.);
#3860 = DIRECTION('',(-1.,-0.,0.));
#3861 = PLANE('',#3862);
#3862 = AXIS2_PLACEMENT_3D('',#3863,#3864,#3865);
#3863 = CARTESIAN_POINT('',(12.6,107.,7.9));
#3864 = DIRECTION('',(-0.,1.,0.));
#3865 = DIRECTION('',(0.,0.,1.));
#3866 = ADVANCED_FACE('',(#3867),#3885,.F.);
#3867 = FACE_BOUND('',#3868,.F.);
#3868 = EDGE_LOOP('',(#3869,#3870,#3871,#3879));
#3869 = ORIENTED_EDGE('',*,*,#3839,.F.);
#3870 = ORIENTED_EDGE('',*,*,#2809,.T.);
#3871 = ORIENTED_EDGE('',*,*,#3872,.T.);
#3872 = EDGE_CURVE('',#2810,#3873,#3875,.T.);
#3873 = VERTEX_POINT('',#3874);
#3874 = CARTESIAN_POINT('',(15.4,110.,11.));
#3875 = LINE('',#3876,#3877);
#3876 = CARTESIAN_POINT('',(15.4,110.,7.9));
#3877 = VECTOR('',#3878,1.);
#3878 = DIRECTION('',(0.,0.,1.));
#3879 = ORIENTED_EDGE('',*,*,#3880,.F.);
#3880 = EDGE_CURVE('',#3840,#3873,#3881,.T.);
#3881 = LINE('',#3882,#3883);
#3882 = CARTESIAN_POINT('',(15.4,89.5,11.));
#3883 = VECTOR('',#3884,1.);
#3884 = DIRECTION('',(-0.,1.,0.));
#3885 = PLANE('',#3886);
#3886 = AXIS2_PLACEMENT_3D('',#3887,#3888,#3889);
#3887 = CARTESIAN_POINT('',(15.4,107.,7.9));
#3888 = DIRECTION('',(1.,0.,-0.));
#3889 = DIRECTION('',(0.,0.,1.));
#3890 = ADVANCED_FACE('',(#3891),#3909,.F.);
#3891 = FACE_BOUND('',#3892,.F.);
#3892 = EDGE_LOOP('',(#3893,#3894,#3895,#3903));
#3893 = ORIENTED_EDGE('',*,*,#3872,.F.);
#3894 = ORIENTED_EDGE('',*,*,#2817,.T.);
#3895 = ORIENTED_EDGE('',*,*,#3896,.T.);
#3896 = EDGE_CURVE('',#2818,#3897,#3899,.T.);
#3897 = VERTEX_POINT('',#3898);
#3898 = CARTESIAN_POINT('',(12.6,110.,11.));
#3899 = LINE('',#3900,#3901);
#3900 = CARTESIAN_POINT('',(12.6,110.,7.9));
#3901 = VECTOR('',#3902,1.);
#3902 = DIRECTION('',(0.,0.,1.));
#3903 = ORIENTED_EDGE('',*,*,#3904,.F.);
#3904 = EDGE_CURVE('',#3873,#3897,#3905,.T.);
#3905 = LINE('',#3906,#3907);
#3906 = CARTESIAN_POINT('',(6.3,110.,11.));
#3907 = VECTOR('',#3908,1.);
#3908 = DIRECTION('',(-1.,-0.,0.));
#3909 = PLANE('',#3910);
#3910 = AXIS2_PLACEMENT_3D('',#3911,#3912,#3913);
#3911 = CARTESIAN_POINT('',(12.6,110.,7.9));
#3912 = DIRECTION('',(-0.,1.,0.));
#3913 = DIRECTION('',(0.,0.,1.));
#3914 = ADVANCED_FACE('',(#3915),#3926,.T.);
#3915 = FACE_BOUND('',#3916,.T.);
#3916 = EDGE_LOOP('',(#3917,#3918,#3919,#3920));
#3917 = ORIENTED_EDGE('',*,*,#3848,.F.);
#3918 = ORIENTED_EDGE('',*,*,#2825,.T.);
#3919 = ORIENTED_EDGE('',*,*,#3896,.T.);
#3920 = ORIENTED_EDGE('',*,*,#3921,.F.);
#3921 = EDGE_CURVE('',#3849,#3897,#3922,.T.);
#3922 = LINE('',#3923,#3924);
#3923 = CARTESIAN_POINT('',(12.6,89.5,11.));
#3924 = VECTOR('',#3925,1.);
#3925 = DIRECTION('',(-0.,1.,0.));
#3926 = PLANE('',#3927);
#3927 = AXIS2_PLACEMENT_3D('',#3928,#3929,#3930);
#3928 = CARTESIAN_POINT('',(12.6,107.,7.9));
#3929 = DIRECTION('',(1.,0.,-0.));
#3930 = DIRECTION('',(0.,0.,1.));
#3931 = ADVANCED_FACE('',(#3932),#3957,.T.);
#3932 = FACE_BOUND('',#3933,.T.);
#3933 = EDGE_LOOP('',(#3934,#3942,#3943,#3951));
#3934 = ORIENTED_EDGE('',*,*,#3935,.F.);
#3935 = EDGE_CURVE('',#2834,#3936,#3938,.T.);
#3936 = VERTEX_POINT('',#3937);
#3937 = CARTESIAN_POINT('',(27.4,107.,11.));
#3938 = LINE('',#3939,#3940);
#3939 = CARTESIAN_POINT('',(27.4,107.,7.9));
#3940 = VECTOR('',#3941,1.);
#3941 = DIRECTION('',(0.,0.,1.));
#3942 = ORIENTED_EDGE('',*,*,#2833,.T.);
#3943 = ORIENTED_EDGE('',*,*,#3944,.T.);
#3944 = EDGE_CURVE('',#2836,#3945,#3947,.T.);
#3945 = VERTEX_POINT('',#3946);
#3946 = CARTESIAN_POINT('',(24.6,107.,11.));
#3947 = LINE('',#3948,#3949);
#3948 = CARTESIAN_POINT('',(24.6,107.,7.9));
#3949 = VECTOR('',#3950,1.);
#3950 = DIRECTION('',(0.,0.,1.));
#3951 = ORIENTED_EDGE('',*,*,#3952,.F.);
#3952 = EDGE_CURVE('',#3936,#3945,#3953,.T.);
#3953 = LINE('',#3954,#3955);
#3954 = CARTESIAN_POINT('',(12.3,107.,11.));
#3955 = VECTOR('',#3956,1.);
#3956 = DIRECTION('',(-1.,-0.,0.));
#3957 = PLANE('',#3958);
#3958 = AXIS2_PLACEMENT_3D('',#3959,#3960,#3961);
#3959 = CARTESIAN_POINT('',(24.6,107.,7.9));
#3960 = DIRECTION('',(-0.,1.,0.));
#3961 = DIRECTION('',(0.,0.,1.));
#3962 = ADVANCED_FACE('',(#3963),#3981,.F.);
#3963 = FACE_BOUND('',#3964,.F.);
#3964 = EDGE_LOOP('',(#3965,#3966,#3967,#3975));
#3965 = ORIENTED_EDGE('',*,*,#3935,.F.);
#3966 = ORIENTED_EDGE('',*,*,#2843,.T.);
#3967 = ORIENTED_EDGE('',*,*,#3968,.T.);
#3968 = EDGE_CURVE('',#2844,#3969,#3971,.T.);
#3969 = VERTEX_POINT('',#3970);
#3970 = CARTESIAN_POINT('',(27.4,110.,11.));
#3971 = LINE('',#3972,#3973);
#3972 = CARTESIAN_POINT('',(27.4,110.,7.9));
#3973 = VECTOR('',#3974,1.);
#3974 = DIRECTION('',(0.,0.,1.));
#3975 = ORIENTED_EDGE('',*,*,#3976,.F.);
#3976 = EDGE_CURVE('',#3936,#3969,#3977,.T.);
#3977 = LINE('',#3978,#3979);
#3978 = CARTESIAN_POINT('',(27.4,89.5,11.));
#3979 = VECTOR('',#3980,1.);
#3980 = DIRECTION('',(-0.,1.,0.));
#3981 = PLANE('',#3982);
#3982 = AXIS2_PLACEMENT_3D('',#3983,#3984,#3985);
#3983 = CARTESIAN_POINT('',(27.4,107.,7.9));
#3984 = DIRECTION('',(1.,0.,-0.));
#3985 = DIRECTION('',(0.,0.,1.));
#3986 = ADVANCED_FACE('',(#3987),#4005,.F.);
#3987 = FACE_BOUND('',#3988,.F.);
#3988 = EDGE_LOOP('',(#3989,#3990,#3991,#3999));
#3989 = ORIENTED_EDGE('',*,*,#3968,.F.);
#3990 = ORIENTED_EDGE('',*,*,#2851,.T.);
#3991 = ORIENTED_EDGE('',*,*,#3992,.T.);
#3992 = EDGE_CURVE('',#2852,#3993,#3995,.T.);
#3993 = VERTEX_POINT('',#3994);
#3994 = CARTESIAN_POINT('',(24.6,110.,11.));
#3995 = LINE('',#3996,#3997);
#3996 = CARTESIAN_POINT('',(24.6,110.,7.9));
#3997 = VECTOR('',#3998,1.);
#3998 = DIRECTION('',(0.,0.,1.));
#3999 = ORIENTED_EDGE('',*,*,#4000,.F.);
#4000 = EDGE_CURVE('',#3969,#3993,#4001,.T.);
#4001 = LINE('',#4002,#4003);
#4002 = CARTESIAN_POINT('',(12.3,110.,11.));
#4003 = VECTOR('',#4004,1.);
#4004 = DIRECTION('',(-1.,-0.,0.));
#4005 = PLANE('',#4006);
#4006 = AXIS2_PLACEMENT_3D('',#4007,#4008,#4009);
#4007 = CARTESIAN_POINT('',(24.6,110.,7.9));
#4008 = DIRECTION('',(-0.,1.,0.));
#4009 = DIRECTION('',(0.,0.,1.));
#4010 = ADVANCED_FACE('',(#4011),#4022,.T.);
#4011 = FACE_BOUND('',#4012,.T.);
#4012 = EDGE_LOOP('',(#4013,#4014,#4015,#4016));
#4013 = ORIENTED_EDGE('',*,*,#3944,.F.);
#4014 = ORIENTED_EDGE('',*,*,#2859,.T.);
#4015 = ORIENTED_EDGE('',*,*,#3992,.T.);
#4016 = ORIENTED_EDGE('',*,*,#4017,.F.);
#4017 = EDGE_CURVE('',#3945,#3993,#4018,.T.);
#4018 = LINE('',#4019,#4020);
#4019 = CARTESIAN_POINT('',(24.6,89.5,11.));
#4020 = VECTOR('',#4021,1.);
#4021 = DIRECTION('',(-0.,1.,0.));
#4022 = PLANE('',#4023);
#4023 = AXIS2_PLACEMENT_3D('',#4024,#4025,#4026);
#4024 = CARTESIAN_POINT('',(24.6,107.,7.9));
#4025 = DIRECTION('',(1.,0.,-0.));
#4026 = DIRECTION('',(0.,0.,1.));
#4027 = ADVANCED_FACE('',(#4028),#4053,.T.);
#4028 = FACE_BOUND('',#4029,.T.);
#4029 = EDGE_LOOP('',(#4030,#4038,#4039,#4047));
#4030 = ORIENTED_EDGE('',*,*,#4031,.F.);
#4031 = EDGE_CURVE('',#2868,#4032,#4034,.T.);
#4032 = VERTEX_POINT('',#4033);
#4033 = CARTESIAN_POINT('',(37.4,107.,11.));
#4034 = LINE('',#4035,#4036);
#4035 = CARTESIAN_POINT('',(37.4,107.,7.9));
#4036 = VECTOR('',#4037,1.);
#4037 = DIRECTION('',(0.,0.,1.));
#4038 = ORIENTED_EDGE('',*,*,#2867,.T.);
#4039 = ORIENTED_EDGE('',*,*,#4040,.T.);
#4040 = EDGE_CURVE('',#2870,#4041,#4043,.T.);
#4041 = VERTEX_POINT('',#4042);
#4042 = CARTESIAN_POINT('',(34.6,107.,11.));
#4043 = LINE('',#4044,#4045);
#4044 = CARTESIAN_POINT('',(34.6,107.,7.9));
#4045 = VECTOR('',#4046,1.);
#4046 = DIRECTION('',(0.,0.,1.));
#4047 = ORIENTED_EDGE('',*,*,#4048,.F.);
#4048 = EDGE_CURVE('',#4032,#4041,#4049,.T.);
#4049 = LINE('',#4050,#4051);
#4050 = CARTESIAN_POINT('',(17.3,107.,11.));
#4051 = VECTOR('',#4052,1.);
#4052 = DIRECTION('',(-1.,-0.,0.));
#4053 = PLANE('',#4054);
#4054 = AXIS2_PLACEMENT_3D('',#4055,#4056,#4057);
#4055 = CARTESIAN_POINT('',(34.6,107.,7.9));
#4056 = DIRECTION('',(-0.,1.,0.));
#4057 = DIRECTION('',(0.,0.,1.));
#4058 = ADVANCED_FACE('',(#4059),#4077,.F.);
#4059 = FACE_BOUND('',#4060,.F.);
#4060 = EDGE_LOOP('',(#4061,#4062,#4063,#4071));
#4061 = ORIENTED_EDGE('',*,*,#4031,.F.);
#4062 = ORIENTED_EDGE('',*,*,#2877,.T.);
#4063 = ORIENTED_EDGE('',*,*,#4064,.T.);
#4064 = EDGE_CURVE('',#2878,#4065,#4067,.T.);
#4065 = VERTEX_POINT('',#4066);
#4066 = CARTESIAN_POINT('',(37.4,110.,11.));
#4067 = LINE('',#4068,#4069);
#4068 = CARTESIAN_POINT('',(37.4,110.,7.9));
#4069 = VECTOR('',#4070,1.);
#4070 = DIRECTION('',(0.,0.,1.));
#4071 = ORIENTED_EDGE('',*,*,#4072,.F.);
#4072 = EDGE_CURVE('',#4032,#4065,#4073,.T.);
#4073 = LINE('',#4074,#4075);
#4074 = CARTESIAN_POINT('',(37.4,89.5,11.));
#4075 = VECTOR('',#4076,1.);
#4076 = DIRECTION('',(-0.,1.,0.));
#4077 = PLANE('',#4078);
#4078 = AXIS2_PLACEMENT_3D('',#4079,#4080,#4081);
#4079 = CARTESIAN_POINT('',(37.4,107.,7.9));
#4080 = DIRECTION('',(1.,0.,-0.));
#4081 = DIRECTION('',(0.,0.,1.));
#4082 = ADVANCED_FACE('',(#4083),#4101,.F.);
#4083 = FACE_BOUND('',#4084,.F.);
#4084 = EDGE_LOOP('',(#4085,#4086,#4087,#4095));
#4085 = ORIENTED_EDGE('',*,*,#4064,.F.);
#4086 = ORIENTED_EDGE('',*,*,#2885,.T.);
#4087 = ORIENTED_EDGE('',*,*,#4088,.T.);
#4088 = EDGE_CURVE('',#2886,#4089,#4091,.T.);
#4089 = VERTEX_POINT('',#4090);
#4090 = CARTESIAN_POINT('',(34.6,110.,11.));
#4091 = LINE('',#4092,#4093);
#4092 = CARTESIAN_POINT('',(34.6,110.,7.9));
#4093 = VECTOR('',#4094,1.);
#4094 = DIRECTION('',(0.,0.,1.));
#4095 = ORIENTED_EDGE('',*,*,#4096,.F.);
#4096 = EDGE_CURVE('',#4065,#4089,#4097,.T.);
#4097 = LINE('',#4098,#4099);
#4098 = CARTESIAN_POINT('',(17.3,110.,11.));
#4099 = VECTOR('',#4100,1.);
#4100 = DIRECTION('',(-1.,-0.,0.));
#4101 = PLANE('',#4102);
#4102 = AXIS2_PLACEMENT_3D('',#4103,#4104,#4105);
#4103 = CARTESIAN_POINT('',(34.6,110.,7.9));
#4104 = DIRECTION('',(-0.,1.,0.));
#4105 = DIRECTION('',(0.,0.,1.));
#4106 = ADVANCED_FACE('',(#4107),#4118,.T.);
#4107 = FACE_BOUND('',#4108,.T.);
#4108 = EDGE_LOOP('',(#4109,#4110,#4111,#4112));
#4109 = ORIENTED_EDGE('',*,*,#4040,.F.);
#4110 = ORIENTED_EDGE('',*,*,#2893,.T.);
#4111 = ORIENTED_EDGE('',*,*,#4088,.T.);
#4112 = ORIENTED_EDGE('',*,*,#4113,.F.);
#4113 = EDGE_CURVE('',#4041,#4089,#4114,.T.);
#4114 = LINE('',#4115,#4116);
#4115 = CARTESIAN_POINT('',(34.6,89.5,11.));
#4116 = VECTOR('',#4117,1.);
#4117 = DIRECTION('',(-0.,1.,0.));
#4118 = PLANE('',#4119);
#4119 = AXIS2_PLACEMENT_3D('',#4120,#4121,#4122);
#4120 = CARTESIAN_POINT('',(34.6,107.,7.9));
#4121 = DIRECTION('',(1.,0.,-0.));
#4122 = DIRECTION('',(0.,0.,1.));
#4123 = ADVANCED_FACE('',(#4124),#4149,.T.);
#4124 = FACE_BOUND('',#4125,.T.);
#4125 = EDGE_LOOP('',(#4126,#4134,#4135,#4143));
#4126 = ORIENTED_EDGE('',*,*,#4127,.F.);
#4127 = EDGE_CURVE('',#2902,#4128,#4130,.T.);
#4128 = VERTEX_POINT('',#4129);
#4129 = CARTESIAN_POINT('',(49.4,107.,11.));
#4130 = LINE('',#4131,#4132);
#4131 = CARTESIAN_POINT('',(49.4,107.,7.9));
#4132 = VECTOR('',#4133,1.);
#4133 = DIRECTION('',(0.,0.,1.));
#4134 = ORIENTED_EDGE('',*,*,#2901,.T.);
#4135 = ORIENTED_EDGE('',*,*,#4136,.T.);
#4136 = EDGE_CURVE('',#2904,#4137,#4139,.T.);
#4137 = VERTEX_POINT('',#4138);
#4138 = CARTESIAN_POINT('',(46.6,107.,11.));
#4139 = LINE('',#4140,#4141);
#4140 = CARTESIAN_POINT('',(46.6,107.,7.9));
#4141 = VECTOR('',#4142,1.);
#4142 = DIRECTION('',(0.,0.,1.));
#4143 = ORIENTED_EDGE('',*,*,#4144,.F.);
#4144 = EDGE_CURVE('',#4128,#4137,#4145,.T.);
#4145 = LINE('',#4146,#4147);
#4146 = CARTESIAN_POINT('',(23.3,107.,11.));
#4147 = VECTOR('',#4148,1.);
#4148 = DIRECTION('',(-1.,-0.,0.));
#4149 = PLANE('',#4150);
#4150 = AXIS2_PLACEMENT_3D('',#4151,#4152,#4153);
#4151 = CARTESIAN_POINT('',(46.6,107.,7.9));
#4152 = DIRECTION('',(-0.,1.,0.));
#4153 = DIRECTION('',(0.,0.,1.));
#4154 = ADVANCED_FACE('',(#4155),#4173,.F.);
#4155 = FACE_BOUND('',#4156,.F.);
#4156 = EDGE_LOOP('',(#4157,#4158,#4159,#4167));
#4157 = ORIENTED_EDGE('',*,*,#4127,.F.);
#4158 = ORIENTED_EDGE('',*,*,#2911,.T.);
#4159 = ORIENTED_EDGE('',*,*,#4160,.T.);
#4160 = EDGE_CURVE('',#2912,#4161,#4163,.T.);
#4161 = VERTEX_POINT('',#4162);
#4162 = CARTESIAN_POINT('',(49.4,110.,11.));
#4163 = LINE('',#4164,#4165);
#4164 = CARTESIAN_POINT('',(49.4,110.,7.9));
#4165 = VECTOR('',#4166,1.);
#4166 = DIRECTION('',(0.,0.,1.));
#4167 = ORIENTED_EDGE('',*,*,#4168,.F.);
#4168 = EDGE_CURVE('',#4128,#4161,#4169,.T.);
#4169 = LINE('',#4170,#4171);
#4170 = CARTESIAN_POINT('',(49.4,89.5,11.));
#4171 = VECTOR('',#4172,1.);
#4172 = DIRECTION('',(-0.,1.,0.));
#4173 = PLANE('',#4174);
#4174 = AXIS2_PLACEMENT_3D('',#4175,#4176,#4177);
#4175 = CARTESIAN_POINT('',(49.4,107.,7.9));
#4176 = DIRECTION('',(1.,0.,-0.));
#4177 = DIRECTION('',(0.,0.,1.));
#4178 = ADVANCED_FACE('',(#4179),#4197,.F.);
#4179 = FACE_BOUND('',#4180,.F.);
#4180 = EDGE_LOOP('',(#4181,#4182,#4183,#4191));
#4181 = ORIENTED_EDGE('',*,*,#4160,.F.);
#4182 = ORIENTED_EDGE('',*,*,#2919,.T.);
#4183 = ORIENTED_EDGE('',*,*,#4184,.T.);
#4184 = EDGE_CURVE('',#2920,#4185,#4187,.T.);
#4185 = VERTEX_POINT('',#4186);
#4186 = CARTESIAN_POINT('',(46.6,110.,11.));
#4187 = LINE('',#4188,#4189);
#4188 = CARTESIAN_POINT('',(46.6,110.,7.9));
#4189 = VECTOR('',#4190,1.);
#4190 = DIRECTION('',(0.,0.,1.));
#4191 = ORIENTED_EDGE('',*,*,#4192,.F.);
#4192 = EDGE_CURVE('',#4161,#4185,#4193,.T.);
#4193 = LINE('',#4194,#4195);
#4194 = CARTESIAN_POINT('',(23.3,110.,11.));
#4195 = VECTOR('',#4196,1.);
#4196 = DIRECTION('',(-1.,-0.,0.));
#4197 = PLANE('',#4198);
#4198 = AXIS2_PLACEMENT_3D('',#4199,#4200,#4201);
#4199 = CARTESIAN_POINT('',(46.6,110.,7.9));
#4200 = DIRECTION('',(-0.,1.,0.));
#4201 = DIRECTION('',(0.,0.,1.));
#4202 = ADVANCED_FACE('',(#4203),#4214,.T.);
#4203 = FACE_BOUND('',#4204,.T.);
#4204 = EDGE_LOOP('',(#4205,#4206,#4207,#4208));
#4205 = ORIENTED_EDGE('',*,*,#4136,.F.);
#4206 = ORIENTED_EDGE('',*,*,#2927,.T.);
#4207 = ORIENTED_EDGE('',*,*,#4184,.T.);
#4208 = ORIENTED_EDGE('',*,*,#4209,.F.);
#4209 = EDGE_CURVE('',#4137,#4185,#4210,.T.);
#4210 = LINE('',#4211,#4212);
#4211 = CARTESIAN_POINT('',(46.6,89.5,11.));
#4212 = VECTOR('',#4213,1.);
#4213 = DIRECTION('',(-0.,1.,0.));
#4214 = PLANE('',#4215);
#4215 = AXIS2_PLACEMENT_3D('',#4216,#4217,#4218);
#4216 = CARTESIAN_POINT('',(46.6,107.,7.9));
#4217 = DIRECTION('',(1.,0.,-0.));
#4218 = DIRECTION('',(0.,0.,1.));
#4219 = ADVANCED_FACE('',(#4220),#4245,.T.);
#4220 = FACE_BOUND('',#4221,.T.);
#4221 = EDGE_LOOP('',(#4222,#4230,#4231,#4239));
#4222 = ORIENTED_EDGE('',*,*,#4223,.F.);
#4223 = EDGE_CURVE('',#2936,#4224,#4226,.T.);
#4224 = VERTEX_POINT('',#4225);
#4225 = CARTESIAN_POINT('',(59.4,107.,11.));
#4226 = LINE('',#4227,#4228);
#4227 = CARTESIAN_POINT('',(59.4,107.,7.9));
#4228 = VECTOR('',#4229,1.);
#4229 = DIRECTION('',(0.,0.,1.));
#4230 = ORIENTED_EDGE('',*,*,#2935,.T.);
#4231 = ORIENTED_EDGE('',*,*,#4232,.T.);
#4232 = EDGE_CURVE('',#2938,#4233,#4235,.T.);
#4233 = VERTEX_POINT('',#4234);
#4234 = CARTESIAN_POINT('',(56.6,107.,11.));
#4235 = LINE('',#4236,#4237);
#4236 = CARTESIAN_POINT('',(56.6,107.,7.9));
#4237 = VECTOR('',#4238,1.);
#4238 = DIRECTION('',(0.,0.,1.));
#4239 = ORIENTED_EDGE('',*,*,#4240,.F.);
#4240 = EDGE_CURVE('',#4224,#4233,#4241,.T.);
#4241 = LINE('',#4242,#4243);
#4242 = CARTESIAN_POINT('',(28.3,107.,11.));
#4243 = VECTOR('',#4244,1.);
#4244 = DIRECTION('',(-1.,-0.,0.));
#4245 = PLANE('',#4246);
#4246 = AXIS2_PLACEMENT_3D('',#4247,#4248,#4249);
#4247 = CARTESIAN_POINT('',(56.6,107.,7.9));
#4248 = DIRECTION('',(-0.,1.,0.));
#4249 = DIRECTION('',(0.,0.,1.));
#4250 = ADVANCED_FACE('',(#4251),#4269,.F.);
#4251 = FACE_BOUND('',#4252,.F.);
#4252 = EDGE_LOOP('',(#4253,#4254,#4255,#4263));
#4253 = ORIENTED_EDGE('',*,*,#4223,.F.);
#4254 = ORIENTED_EDGE('',*,*,#2945,.T.);
#4255 = ORIENTED_EDGE('',*,*,#4256,.T.);
#4256 = EDGE_CURVE('',#2946,#4257,#4259,.T.);
#4257 = VERTEX_POINT('',#4258);
#4258 = CARTESIAN_POINT('',(59.4,110.,11.));
#4259 = LINE('',#4260,#4261);
#4260 = CARTESIAN_POINT('',(59.4,110.,7.9));
#4261 = VECTOR('',#4262,1.);
#4262 = DIRECTION('',(0.,0.,1.));
#4263 = ORIENTED_EDGE('',*,*,#4264,.F.);
#4264 = EDGE_CURVE('',#4224,#4257,#4265,.T.);
#4265 = LINE('',#4266,#4267);
#4266 = CARTESIAN_POINT('',(59.4,89.5,11.));
#4267 = VECTOR('',#4268,1.);
#4268 = DIRECTION('',(-0.,1.,0.));
#4269 = PLANE('',#4270);
#4270 = AXIS2_PLACEMENT_3D('',#4271,#4272,#4273);
#4271 = CARTESIAN_POINT('',(59.4,107.,7.9));
#4272 = DIRECTION('',(1.,0.,-0.));
#4273 = DIRECTION('',(0.,0.,1.));
#4274 = ADVANCED_FACE('',(#4275),#4293,.F.);
#4275 = FACE_BOUND('',#4276,.F.);
#4276 = EDGE_LOOP('',(#4277,#4278,#4279,#4287));
#4277 = ORIENTED_EDGE('',*,*,#4256,.F.);
#4278 = ORIENTED_EDGE('',*,*,#2953,.T.);
#4279 = ORIENTED_EDGE('',*,*,#4280,.T.);
#4280 = EDGE_CURVE('',#2954,#4281,#4283,.T.);
#4281 = VERTEX_POINT('',#4282);
#4282 = CARTESIAN_POINT('',(56.6,110.,11.));
#4283 = LINE('',#4284,#4285);
#4284 = CARTESIAN_POINT('',(56.6,110.,7.9));
#4285 = VECTOR('',#4286,1.);
#4286 = DIRECTION('',(0.,0.,1.));
#4287 = ORIENTED_EDGE('',*,*,#4288,.F.);
#4288 = EDGE_CURVE('',#4257,#4281,#4289,.T.);
#4289 = LINE('',#4290,#4291);
#4290 = CARTESIAN_POINT('',(28.3,110.,11.));
#4291 = VECTOR('',#4292,1.);
#4292 = DIRECTION('',(-1.,-0.,0.));
#4293 = PLANE('',#4294);
#4294 = AXIS2_PLACEMENT_3D('',#4295,#4296,#4297);
#4295 = CARTESIAN_POINT('',(56.6,110.,7.9));
#4296 = DIRECTION('',(-0.,1.,0.));
#4297 = DIRECTION('',(0.,0.,1.));
#4298 = ADVANCED_FACE('',(#4299),#4310,.T.);
#4299 = FACE_BOUND('',#4300,.T.);
#4300 = EDGE_LOOP('',(#4301,#4302,#4303,#4304));
#4301 = ORIENTED_EDGE('',*,*,#4232,.F.);
#4302 = ORIENTED_EDGE('',*,*,#2961,.T.);
#4303 = ORIENTED_EDGE('',*,*,#4280,.T.);
#4304 = ORIENTED_EDGE('',*,*,#4305,.F.);
#4305 = EDGE_CURVE('',#4233,#4281,#4306,.T.);
#4306 = LINE('',#4307,#4308);
#4307 = CARTESIAN_POINT('',(56.6,89.5,11.));
#4308 = VECTOR('',#4309,1.);
#4309 = DIRECTION('',(-0.,1.,0.));
#4310 = PLANE('',#4311);
#4311 = AXIS2_PLACEMENT_3D('',#4312,#4313,#4314);
#4312 = CARTESIAN_POINT('',(56.6,107.,7.9));
#4313 = DIRECTION('',(1.,0.,-0.));
#4314 = DIRECTION('',(0.,0.,1.));
#4315 = ADVANCED_FACE('',(#4316),#4349,.T.);
#4316 = FACE_BOUND('',#4317,.T.);
#4317 = EDGE_LOOP('',(#4318,#4319,#4320,#4321,#4322,#4323,#4324,#4325,
    #4333,#4341,#4347,#4348));
#4318 = ORIENTED_EDGE('',*,*,#2427,.F.);
#4319 = ORIENTED_EDGE('',*,*,#2484,.T.);
#4320 = ORIENTED_EDGE('',*,*,#2357,.T.);
#4321 = ORIENTED_EDGE('',*,*,#2325,.F.);
#4322 = ORIENTED_EDGE('',*,*,#1523,.T.);
#4323 = ORIENTED_EDGE('',*,*,#2373,.T.);
#4324 = ORIENTED_EDGE('',*,*,#2405,.T.);
#4325 = ORIENTED_EDGE('',*,*,#4326,.F.);
#4326 = EDGE_CURVE('',#4327,#2398,#4329,.T.);
#4327 = VERTEX_POINT('',#4328);
#4328 = CARTESIAN_POINT('',(180.,115.,24.));
#4329 = LINE('',#4330,#4331);
#4330 = CARTESIAN_POINT('',(180.,115.,24.));
#4331 = VECTOR('',#4332,1.);
#4332 = DIRECTION('',(-0.,1.,0.));
#4333 = ORIENTED_EDGE('',*,*,#4334,.F.);
#4334 = EDGE_CURVE('',#4335,#4327,#4337,.T.);
#4335 = VERTEX_POINT('',#4336);
#4336 = CARTESIAN_POINT('',(180.,115.,11.));
#4337 = LINE('',#4338,#4339);
#4338 = CARTESIAN_POINT('',(180.,115.,8.));
#4339 = VECTOR('',#4340,1.);
#4340 = DIRECTION('',(0.,0.,1.));
#4341 = ORIENTED_EDGE('',*,*,#4342,.F.);
#4342 = EDGE_CURVE('',#1271,#4335,#4343,.T.);
#4343 = LINE('',#4344,#4345);
#4344 = CARTESIAN_POINT('',(180.,72.,11.));
#4345 = VECTOR('',#4346,1.);
#4346 = DIRECTION('',(-0.,1.,0.));
#4347 = ORIENTED_EDGE('',*,*,#1280,.T.);
#4348 = ORIENTED_EDGE('',*,*,#353,.F.);
#4349 = PLANE('',#4350);
#4350 = AXIS2_PLACEMENT_3D('',#4351,#4352,#4353);
#4351 = CARTESIAN_POINT('',(180.,105.135,15.365));
#4352 = DIRECTION('',(1.,0.,0.));
#4353 = DIRECTION('',(-0.,0.,1.));
#4354 = ADVANCED_FACE('',(#4355,#4394,#4400,#4406,#4412,#4418,#4424,
    #4430,#4436,#4442,#4448,#4454,#4460,#4466,#4472),#4478,.T.);
#4355 = FACE_BOUND('',#4356,.T.);
#4356 = EDGE_LOOP('',(#4357,#4358,#4359,#4360,#4361,#4362,#4363,#4364,
    #4365,#4366,#4367,#4368,#4369,#4370,#4371,#4372,#4373,#4374,#4375,
    #4376,#4377,#4378,#4379,#4380,#4381,#4382,#4383,#4384,#4385,#4386,
    #4387,#4388));
#4357 = ORIENTED_EDGE('',*,*,#1304,.F.);
#4358 = ORIENTED_EDGE('',*,*,#591,.T.);
#4359 = ORIENTED_EDGE('',*,*,#630,.F.);
#4360 = ORIENTED_EDGE('',*,*,#654,.T.);
#4361 = ORIENTED_EDGE('',*,*,#671,.T.);
#4362 = ORIENTED_EDGE('',*,*,#694,.T.);
#4363 = ORIENTED_EDGE('',*,*,#726,.F.);
#4364 = ORIENTED_EDGE('',*,*,#750,.T.);
#4365 = ORIENTED_EDGE('',*,*,#767,.T.);
#4366 = ORIENTED_EDGE('',*,*,#790,.T.);
#4367 = ORIENTED_EDGE('',*,*,#822,.F.);
#4368 = ORIENTED_EDGE('',*,*,#846,.T.);
#4369 = ORIENTED_EDGE('',*,*,#863,.T.);
#4370 = ORIENTED_EDGE('',*,*,#886,.T.);
#4371 = ORIENTED_EDGE('',*,*,#918,.F.);
#4372 = ORIENTED_EDGE('',*,*,#942,.T.);
#4373 = ORIENTED_EDGE('',*,*,#959,.T.);
#4374 = ORIENTED_EDGE('',*,*,#982,.T.);
#4375 = ORIENTED_EDGE('',*,*,#1014,.F.);
#4376 = ORIENTED_EDGE('',*,*,#1038,.T.);
#4377 = ORIENTED_EDGE('',*,*,#1055,.T.);
#4378 = ORIENTED_EDGE('',*,*,#1078,.T.);
#4379 = ORIENTED_EDGE('',*,*,#1110,.F.);
#4380 = ORIENTED_EDGE('',*,*,#1134,.T.);
#4381 = ORIENTED_EDGE('',*,*,#1151,.T.);
#4382 = ORIENTED_EDGE('',*,*,#1174,.T.);
#4383 = ORIENTED_EDGE('',*,*,#1206,.F.);
#4384 = ORIENTED_EDGE('',*,*,#1230,.T.);
#4385 = ORIENTED_EDGE('',*,*,#1247,.T.);
#4386 = ORIENTED_EDGE('',*,*,#1270,.T.);
#4387 = ORIENTED_EDGE('',*,*,#4342,.T.);
#4388 = ORIENTED_EDGE('',*,*,#4389,.T.);
#4389 = EDGE_CURVE('',#4335,#1305,#4390,.T.);
#4390 = LINE('',#4391,#4392);
#4391 = CARTESIAN_POINT('',(0.,115.,11.));
#4392 = VECTOR('',#4393,1.);
#4393 = DIRECTION('',(-1.,-0.,0.));
#4394 = FACE_BOUND('',#4395,.T.);
#4395 = EDGE_LOOP('',(#4396,#4397,#4398,#4399));
#4396 = ORIENTED_EDGE('',*,*,#2992,.T.);
#4397 = ORIENTED_EDGE('',*,*,#3057,.T.);
#4398 = ORIENTED_EDGE('',*,*,#3040,.F.);
#4399 = ORIENTED_EDGE('',*,*,#3016,.F.);
#4400 = FACE_BOUND('',#4401,.T.);
#4401 = EDGE_LOOP('',(#4402,#4403,#4404,#4405));
#4402 = ORIENTED_EDGE('',*,*,#3088,.T.);
#4403 = ORIENTED_EDGE('',*,*,#3153,.T.);
#4404 = ORIENTED_EDGE('',*,*,#3136,.F.);
#4405 = ORIENTED_EDGE('',*,*,#3112,.F.);
#4406 = FACE_BOUND('',#4407,.T.);
#4407 = EDGE_LOOP('',(#4408,#4409,#4410,#4411));
#4408 = ORIENTED_EDGE('',*,*,#3184,.T.);
#4409 = ORIENTED_EDGE('',*,*,#3249,.T.);
#4410 = ORIENTED_EDGE('',*,*,#3232,.F.);
#4411 = ORIENTED_EDGE('',*,*,#3208,.F.);
#4412 = FACE_BOUND('',#4413,.T.);
#4413 = EDGE_LOOP('',(#4414,#4415,#4416,#4417));
#4414 = ORIENTED_EDGE('',*,*,#3280,.T.);
#4415 = ORIENTED_EDGE('',*,*,#3345,.T.);
#4416 = ORIENTED_EDGE('',*,*,#3328,.F.);
#4417 = ORIENTED_EDGE('',*,*,#3304,.F.);
#4418 = FACE_BOUND('',#4419,.T.);
#4419 = EDGE_LOOP('',(#4420,#4421,#4422,#4423));
#4420 = ORIENTED_EDGE('',*,*,#3376,.T.);
#4421 = ORIENTED_EDGE('',*,*,#3441,.T.);
#4422 = ORIENTED_EDGE('',*,*,#3424,.F.);
#4423 = ORIENTED_EDGE('',*,*,#3400,.F.);
#4424 = FACE_BOUND('',#4425,.T.);
#4425 = EDGE_LOOP('',(#4426,#4427,#4428,#4429));
#4426 = ORIENTED_EDGE('',*,*,#3472,.T.);
#4427 = ORIENTED_EDGE('',*,*,#3537,.T.);
#4428 = ORIENTED_EDGE('',*,*,#3520,.F.);
#4429 = ORIENTED_EDGE('',*,*,#3496,.F.);
#4430 = FACE_BOUND('',#4431,.T.);
#4431 = EDGE_LOOP('',(#4432,#4433,#4434,#4435));
#4432 = ORIENTED_EDGE('',*,*,#3568,.T.);
#4433 = ORIENTED_EDGE('',*,*,#3633,.T.);
#4434 = ORIENTED_EDGE('',*,*,#3616,.F.);
#4435 = ORIENTED_EDGE('',*,*,#3592,.F.);
#4436 = FACE_BOUND('',#4437,.T.);
#4437 = EDGE_LOOP('',(#4438,#4439,#4440,#4441));
#4438 = ORIENTED_EDGE('',*,*,#3664,.T.);
#4439 = ORIENTED_EDGE('',*,*,#3729,.T.);
#4440 = ORIENTED_EDGE('',*,*,#3712,.F.);
#4441 = ORIENTED_EDGE('',*,*,#3688,.F.);
#4442 = FACE_BOUND('',#4443,.T.);
#4443 = EDGE_LOOP('',(#4444,#4445,#4446,#4447));
#4444 = ORIENTED_EDGE('',*,*,#3760,.T.);
#4445 = ORIENTED_EDGE('',*,*,#3825,.T.);
#4446 = ORIENTED_EDGE('',*,*,#3808,.F.);
#4447 = ORIENTED_EDGE('',*,*,#3784,.F.);
#4448 = FACE_BOUND('',#4449,.T.);
#4449 = EDGE_LOOP('',(#4450,#4451,#4452,#4453));
#4450 = ORIENTED_EDGE('',*,*,#3856,.T.);
#4451 = ORIENTED_EDGE('',*,*,#3921,.T.);
#4452 = ORIENTED_EDGE('',*,*,#3904,.F.);
#4453 = ORIENTED_EDGE('',*,*,#3880,.F.);
#4454 = FACE_BOUND('',#4455,.T.);
#4455 = EDGE_LOOP('',(#4456,#4457,#4458,#4459));
#4456 = ORIENTED_EDGE('',*,*,#3952,.T.);
#4457 = ORIENTED_EDGE('',*,*,#4017,.T.);
#4458 = ORIENTED_EDGE('',*,*,#4000,.F.);
#4459 = ORIENTED_EDGE('',*,*,#3976,.F.);
#4460 = FACE_BOUND('',#4461,.T.);
#4461 = EDGE_LOOP('',(#4462,#4463,#4464,#4465));
#4462 = ORIENTED_EDGE('',*,*,#4048,.T.);
#4463 = ORIENTED_EDGE('',*,*,#4113,.T.);
#4464 = ORIENTED_EDGE('',*,*,#4096,.F.);
#4465 = ORIENTED_EDGE('',*,*,#4072,.F.);
#4466 = FACE_BOUND('',#4467,.T.);
#4467 = EDGE_LOOP('',(#4468,#4469,#4470,#4471));
#4468 = ORIENTED_EDGE('',*,*,#4144,.T.);
#4469 = ORIENTED_EDGE('',*,*,#4209,.T.);
#4470 = ORIENTED_EDGE('',*,*,#4192,.F.);
#4471 = ORIENTED_EDGE('',*,*,#4168,.F.);
#4472 = FACE_BOUND('',#4473,.T.);
#4473 = EDGE_LOOP('',(#4474,#4475,#4476,#4477));
#4474 = ORIENTED_EDGE('',*,*,#4240,.T.);
#4475 = ORIENTED_EDGE('',*,*,#4305,.T.);
#4476 = ORIENTED_EDGE('',*,*,#4288,.F.);
#4477 = ORIENTED_EDGE('',*,*,#4264,.F.);
#4478 = PLANE('',#4479);
#4479 = AXIS2_PLACEMENT_3D('',#4480,#4481,#4482);
#4480 = CARTESIAN_POINT('',(90.,94.305172413793,11.));
#4481 = DIRECTION('',(0.,0.,1.));
#4482 = DIRECTION('',(1.,0.,-0.));
#4483 = ADVANCED_FACE('',(#4484),#4495,.T.);
#4484 = FACE_BOUND('',#4485,.T.);
#4485 = EDGE_LOOP('',(#4486,#4487,#4488,#4489));
#4486 = ORIENTED_EDGE('',*,*,#2435,.T.);
#4487 = ORIENTED_EDGE('',*,*,#242,.F.);
#4488 = ORIENTED_EDGE('',*,*,#92,.F.);
#4489 = ORIENTED_EDGE('',*,*,#4490,.T.);
#4490 = EDGE_CURVE('',#93,#2436,#4491,.T.);
#4491 = LINE('',#4492,#4493);
#4492 = CARTESIAN_POINT('',(95.5,65.3,18.7));
#4493 = VECTOR('',#4494,1.);
#4494 = DIRECTION('',(-0.,1.,0.));
#4495 = PLANE('',#4496);
#4496 = AXIS2_PLACEMENT_3D('',#4497,#4498,#4499);
#4497 = CARTESIAN_POINT('',(99.,68.65,18.7));
#4498 = DIRECTION('',(-0.,-0.,-1.));
#4499 = DIRECTION('',(-1.,0.,0.));
#4500 = ADVANCED_FACE('',(#4501),#4526,.T.);
#4501 = FACE_BOUND('',#4502,.T.);
#4502 = EDGE_LOOP('',(#4503,#4504,#4512,#4520));
#4503 = ORIENTED_EDGE('',*,*,#2458,.T.);
#4504 = ORIENTED_EDGE('',*,*,#4505,.F.);
#4505 = EDGE_CURVE('',#4506,#2451,#4508,.T.);
#4506 = VERTEX_POINT('',#4507);
#4507 = CARTESIAN_POINT('',(80.5,65.3,18.7));
#4508 = LINE('',#4509,#4510);
#4509 = CARTESIAN_POINT('',(80.5,65.3,18.7));
#4510 = VECTOR('',#4511,1.);
#4511 = DIRECTION('',(-0.,1.,0.));
#4512 = ORIENTED_EDGE('',*,*,#4513,.F.);
#4513 = EDGE_CURVE('',#4514,#4506,#4516,.T.);
#4514 = VERTEX_POINT('',#4515);
#4515 = CARTESIAN_POINT('',(73.5,65.3,18.7));
#4516 = LINE('',#4517,#4518);
#4517 = CARTESIAN_POINT('',(73.5,65.3,18.7));
#4518 = VECTOR('',#4519,1.);
#4519 = DIRECTION('',(1.,0.,-0.));
#4520 = ORIENTED_EDGE('',*,*,#4521,.T.);
#4521 = EDGE_CURVE('',#4514,#2459,#4522,.T.);
#4522 = LINE('',#4523,#4524);
#4523 = CARTESIAN_POINT('',(73.5,65.3,18.7));
#4524 = VECTOR('',#4525,1.);
#4525 = DIRECTION('',(-0.,1.,0.));
#4526 = PLANE('',#4527);
#4527 = AXIS2_PLACEMENT_3D('',#4528,#4529,#4530);
#4528 = CARTESIAN_POINT('',(77.,68.65,18.7));
#4529 = DIRECTION('',(-0.,-0.,-1.));
#4530 = DIRECTION('',(-1.,0.,0.));
#4531 = ADVANCED_FACE('',(#4532),#4566,.F.);
#4532 = FACE_BOUND('',#4533,.F.);
#4533 = EDGE_LOOP('',(#4534,#4544,#4552,#4560));
#4534 = ORIENTED_EDGE('',*,*,#4535,.T.);
#4535 = EDGE_CURVE('',#4536,#4538,#4540,.T.);
#4536 = VERTEX_POINT('',#4537);
#4537 = CARTESIAN_POINT('',(80.5,70.,23.7));
#4538 = VERTEX_POINT('',#4539);
#4539 = CARTESIAN_POINT('',(73.5,70.,23.7));
#4540 = LINE('',#4541,#4542);
#4541 = CARTESIAN_POINT('',(73.5,70.,23.7));
#4542 = VECTOR('',#4543,1.);
#4543 = DIRECTION('',(-1.,-0.,0.));
#4544 = ORIENTED_EDGE('',*,*,#4545,.T.);
#4545 = EDGE_CURVE('',#4538,#4546,#4548,.T.);
#4546 = VERTEX_POINT('',#4547);
#4547 = CARTESIAN_POINT('',(73.5,70.,27.3));
#4548 = LINE('',#4549,#4550);
#4549 = CARTESIAN_POINT('',(73.5,70.,18.7));
#4550 = VECTOR('',#4551,1.);
#4551 = DIRECTION('',(0.,0.,1.));
#4552 = ORIENTED_EDGE('',*,*,#4553,.F.);
#4553 = EDGE_CURVE('',#4554,#4546,#4556,.T.);
#4554 = VERTEX_POINT('',#4555);
#4555 = CARTESIAN_POINT('',(80.5,70.,27.3));
#4556 = LINE('',#4557,#4558);
#4557 = CARTESIAN_POINT('',(73.5,70.,27.3));
#4558 = VECTOR('',#4559,1.);
#4559 = DIRECTION('',(-1.,-0.,0.));
#4560 = ORIENTED_EDGE('',*,*,#4561,.F.);
#4561 = EDGE_CURVE('',#4536,#4554,#4562,.T.);
#4562 = LINE('',#4563,#4564);
#4563 = CARTESIAN_POINT('',(80.5,70.,18.7));
#4564 = VECTOR('',#4565,1.);
#4565 = DIRECTION('',(0.,0.,1.));
#4566 = PLANE('',#4567);
#4567 = AXIS2_PLACEMENT_3D('',#4568,#4569,#4570);
#4568 = CARTESIAN_POINT('',(73.5,70.,18.7));
#4569 = DIRECTION('',(-0.,1.,0.));
#4570 = DIRECTION('',(0.,0.,1.));
#4571 = ADVANCED_FACE('',(#4572),#4597,.T.);
#4572 = FACE_BOUND('',#4573,.T.);
#4573 = EDGE_LOOP('',(#4574,#4582,#4590,#4596));
#4574 = ORIENTED_EDGE('',*,*,#4575,.F.);
#4575 = EDGE_CURVE('',#4576,#4538,#4578,.T.);
#4576 = VERTEX_POINT('',#4577);
#4577 = CARTESIAN_POINT('',(73.5,65.3,23.7));
#4578 = LINE('',#4579,#4580);
#4579 = CARTESIAN_POINT('',(73.5,65.3,23.7));
#4580 = VECTOR('',#4581,1.);
#4581 = DIRECTION('',(-0.,1.,0.));
#4582 = ORIENTED_EDGE('',*,*,#4583,.T.);
#4583 = EDGE_CURVE('',#4576,#4584,#4586,.T.);
#4584 = VERTEX_POINT('',#4585);
#4585 = CARTESIAN_POINT('',(80.5,65.3,23.7));
#4586 = LINE('',#4587,#4588);
#4587 = CARTESIAN_POINT('',(73.5,65.3,23.7));
#4588 = VECTOR('',#4589,1.);
#4589 = DIRECTION('',(1.,0.,-0.));
#4590 = ORIENTED_EDGE('',*,*,#4591,.T.);
#4591 = EDGE_CURVE('',#4584,#4536,#4592,.T.);
#4592 = LINE('',#4593,#4594);
#4593 = CARTESIAN_POINT('',(80.5,65.3,23.7));
#4594 = VECTOR('',#4595,1.);
#4595 = DIRECTION('',(-0.,1.,0.));
#4596 = ORIENTED_EDGE('',*,*,#4535,.T.);
#4597 = PLANE('',#4598);
#4598 = AXIS2_PLACEMENT_3D('',#4599,#4600,#4601);
#4599 = CARTESIAN_POINT('',(73.5,65.3,23.7));
#4600 = DIRECTION('',(0.,0.,1.));
#4601 = DIRECTION('',(1.,0.,-0.));
#4602 = ADVANCED_FACE('',(#4603),#4619,.F.);
#4603 = FACE_BOUND('',#4604,.F.);
#4604 = EDGE_LOOP('',(#4605,#4606,#4612,#4613));
#4605 = ORIENTED_EDGE('',*,*,#4513,.F.);
#4606 = ORIENTED_EDGE('',*,*,#4607,.T.);
#4607 = EDGE_CURVE('',#4514,#4576,#4608,.T.);
#4608 = LINE('',#4609,#4610);
#4609 = CARTESIAN_POINT('',(73.5,65.3,18.7));
#4610 = VECTOR('',#4611,1.);
#4611 = DIRECTION('',(0.,0.,1.));
#4612 = ORIENTED_EDGE('',*,*,#4583,.T.);
#4613 = ORIENTED_EDGE('',*,*,#4614,.F.);
#4614 = EDGE_CURVE('',#4506,#4584,#4615,.T.);
#4615 = LINE('',#4616,#4617);
#4616 = CARTESIAN_POINT('',(80.5,65.3,18.7));
#4617 = VECTOR('',#4618,1.);
#4618 = DIRECTION('',(0.,0.,1.));
#4619 = PLANE('',#4620);
#4620 = AXIS2_PLACEMENT_3D('',#4621,#4622,#4623);
#4621 = CARTESIAN_POINT('',(73.5,65.3,18.7));
#4622 = DIRECTION('',(-0.,1.,0.));
#4623 = DIRECTION('',(0.,0.,1.));
#4624 = ADVANCED_FACE('',(#4625,#4650),#4661,.F.);
#4625 = FACE_BOUND('',#4626,.F.);
#4626 = EDGE_LOOP('',(#4627,#4635,#4643,#4649));
#4627 = ORIENTED_EDGE('',*,*,#4628,.F.);
#4628 = EDGE_CURVE('',#4629,#4546,#4631,.T.);
#4629 = VERTEX_POINT('',#4630);
#4630 = CARTESIAN_POINT('',(73.5,65.3,27.3));
#4631 = LINE('',#4632,#4633);
#4632 = CARTESIAN_POINT('',(73.5,65.3,27.3));
#4633 = VECTOR('',#4634,1.);
#4634 = DIRECTION('',(-0.,1.,0.));
#4635 = ORIENTED_EDGE('',*,*,#4636,.T.);
#4636 = EDGE_CURVE('',#4629,#4637,#4639,.T.);
#4637 = VERTEX_POINT('',#4638);
#4638 = CARTESIAN_POINT('',(80.5,65.3,27.3));
#4639 = LINE('',#4640,#4641);
#4640 = CARTESIAN_POINT('',(73.5,65.3,27.3));
#4641 = VECTOR('',#4642,1.);
#4642 = DIRECTION('',(1.,0.,-0.));
#4643 = ORIENTED_EDGE('',*,*,#4644,.T.);
#4644 = EDGE_CURVE('',#4637,#4554,#4645,.T.);
#4645 = LINE('',#4646,#4647);
#4646 = CARTESIAN_POINT('',(80.5,65.3,27.3));
#4647 = VECTOR('',#4648,1.);
#4648 = DIRECTION('',(-0.,1.,0.));
#4649 = ORIENTED_EDGE('',*,*,#4553,.T.);
#4650 = FACE_BOUND('',#4651,.F.);
#4651 = EDGE_LOOP('',(#4652));
#4652 = ORIENTED_EDGE('',*,*,#4653,.T.);
#4653 = EDGE_CURVE('',#4654,#4654,#4656,.T.);
#4654 = VERTEX_POINT('',#4655);
#4655 = CARTESIAN_POINT('',(75.7,68.5,27.3));
#4656 = CIRCLE('',#4657,1.3);
#4657 = AXIS2_PLACEMENT_3D('',#4658,#4659,#4660);
#4658 = CARTESIAN_POINT('',(77.,68.5,27.3));
#4659 = DIRECTION('',(0.,0.,-1.));
#4660 = DIRECTION('',(-1.,0.,-0.));
#4661 = PLANE('',#4662);
#4662 = AXIS2_PLACEMENT_3D('',#4663,#4664,#4665);
#4663 = CARTESIAN_POINT('',(73.5,65.3,27.3));
#4664 = DIRECTION('',(0.,0.,1.));
#4665 = DIRECTION('',(1.,0.,-0.));
#4666 = ADVANCED_FACE('',(#4667),#4692,.F.);
#4667 = FACE_BOUND('',#4668,.F.);
#4668 = EDGE_LOOP('',(#4669,#4670,#4678,#4686));
#4669 = ORIENTED_EDGE('',*,*,#4636,.F.);
#4670 = ORIENTED_EDGE('',*,*,#4671,.T.);
#4671 = EDGE_CURVE('',#4629,#4672,#4674,.T.);
#4672 = VERTEX_POINT('',#4673);
#4673 = CARTESIAN_POINT('',(73.5,65.3,32.3));
#4674 = LINE('',#4675,#4676);
#4675 = CARTESIAN_POINT('',(73.5,65.3,27.3));
#4676 = VECTOR('',#4677,1.);
#4677 = DIRECTION('',(0.,0.,1.));
#4678 = ORIENTED_EDGE('',*,*,#4679,.T.);
#4679 = EDGE_CURVE('',#4672,#4680,#4682,.T.);
#4680 = VERTEX_POINT('',#4681);
#4681 = CARTESIAN_POINT('',(80.5,65.3,32.3));
#4682 = LINE('',#4683,#4684);
#4683 = CARTESIAN_POINT('',(73.5,65.3,32.3));
#4684 = VECTOR('',#4685,1.);
#4685 = DIRECTION('',(1.,0.,-0.));
#4686 = ORIENTED_EDGE('',*,*,#4687,.F.);
#4687 = EDGE_CURVE('',#4637,#4680,#4688,.T.);
#4688 = LINE('',#4689,#4690);
#4689 = CARTESIAN_POINT('',(80.5,65.3,27.3));
#4690 = VECTOR('',#4691,1.);
#4691 = DIRECTION('',(0.,0.,1.));
#4692 = PLANE('',#4693);
#4693 = AXIS2_PLACEMENT_3D('',#4694,#4695,#4696);
#4694 = CARTESIAN_POINT('',(73.5,65.3,27.3));
#4695 = DIRECTION('',(-0.,1.,0.));
#4696 = DIRECTION('',(0.,0.,1.));
#4697 = ADVANCED_FACE('',(#4698),#4717,.F.);
#4698 = FACE_BOUND('',#4699,.F.);
#4699 = EDGE_LOOP('',(#4700,#4701,#4709,#4716));
#4700 = ORIENTED_EDGE('',*,*,#4653,.F.);
#4701 = ORIENTED_EDGE('',*,*,#4702,.F.);
#4702 = EDGE_CURVE('',#4703,#4654,#4705,.T.);
#4703 = VERTEX_POINT('',#4704);
#4704 = CARTESIAN_POINT('',(75.7,68.5,32.3));
#4705 = LINE('',#4706,#4707);
#4706 = CARTESIAN_POINT('',(75.7,68.5,32.4));
#4707 = VECTOR('',#4708,1.);
#4708 = DIRECTION('',(0.,0.,-1.));
#4709 = ORIENTED_EDGE('',*,*,#4710,.T.);
#4710 = EDGE_CURVE('',#4703,#4703,#4711,.T.);
#4711 = CIRCLE('',#4712,1.3);
#4712 = AXIS2_PLACEMENT_3D('',#4713,#4714,#4715);
#4713 = CARTESIAN_POINT('',(77.,68.5,32.3));
#4714 = DIRECTION('',(0.,0.,-1.));
#4715 = DIRECTION('',(-1.,0.,-0.));
#4716 = ORIENTED_EDGE('',*,*,#4702,.T.);
#4717 = CYLINDRICAL_SURFACE('',#4718,1.3);
#4718 = AXIS2_PLACEMENT_3D('',#4719,#4720,#4721);
#4719 = CARTESIAN_POINT('',(77.,68.5,32.4));
#4720 = DIRECTION('',(0.,0.,-1.));
#4721 = DIRECTION('',(-1.,0.,-0.));
#4722 = ADVANCED_FACE('',(#4723),#4747,.T.);
#4723 = FACE_BOUND('',#4724,.T.);
#4724 = EDGE_LOOP('',(#4725,#4726,#4727,#4728,#4729,#4730,#4731,#4732,
    #4733,#4741));
#4725 = ORIENTED_EDGE('',*,*,#330,.F.);
#4726 = ORIENTED_EDGE('',*,*,#2443,.T.);
#4727 = ORIENTED_EDGE('',*,*,#4490,.F.);
#4728 = ORIENTED_EDGE('',*,*,#102,.T.);
#4729 = ORIENTED_EDGE('',*,*,#61,.T.);
#4730 = ORIENTED_EDGE('',*,*,#31,.T.);
#4731 = ORIENTED_EDGE('',*,*,#123,.F.);
#4732 = ORIENTED_EDGE('',*,*,#166,.T.);
#4733 = ORIENTED_EDGE('',*,*,#4734,.T.);
#4734 = EDGE_CURVE('',#167,#4735,#4737,.T.);
#4735 = VERTEX_POINT('',#4736);
#4736 = CARTESIAN_POINT('',(95.5,73.,32.3));
#4737 = LINE('',#4738,#4739);
#4738 = CARTESIAN_POINT('',(95.5,65.3,32.3));
#4739 = VECTOR('',#4740,1.);
#4740 = DIRECTION('',(-0.,1.,0.));
#4741 = ORIENTED_EDGE('',*,*,#4742,.F.);
#4742 = EDGE_CURVE('',#331,#4735,#4743,.T.);
#4743 = LINE('',#4744,#4745);
#4744 = CARTESIAN_POINT('',(95.5,73.,27.3));
#4745 = VECTOR('',#4746,1.);
#4746 = DIRECTION('',(0.,0.,1.));
#4747 = PLANE('',#4748);
#4748 = AXIS2_PLACEMENT_3D('',#4749,#4750,#4751);
#4749 = CARTESIAN_POINT('',(95.5,69.121538461538,25.582692307692));
#4750 = DIRECTION('',(-1.,-0.,-0.));
#4751 = DIRECTION('',(0.,0.,-1.));
#4752 = ADVANCED_FACE('',(#4753),#4777,.T.);
#4753 = FACE_BOUND('',#4754,.T.);
#4754 = EDGE_LOOP('',(#4755,#4763,#4769,#4770,#4771,#4772,#4773,#4774,
    #4775,#4776));
#4755 = ORIENTED_EDGE('',*,*,#4756,.T.);
#4756 = EDGE_CURVE('',#307,#4757,#4759,.T.);
#4757 = VERTEX_POINT('',#4758);
#4758 = CARTESIAN_POINT('',(80.5,73.,32.3));
#4759 = LINE('',#4760,#4761);
#4760 = CARTESIAN_POINT('',(80.5,73.,18.7));
#4761 = VECTOR('',#4762,1.);
#4762 = DIRECTION('',(0.,0.,1.));
#4763 = ORIENTED_EDGE('',*,*,#4764,.F.);
#4764 = EDGE_CURVE('',#4680,#4757,#4765,.T.);
#4765 = LINE('',#4766,#4767);
#4766 = CARTESIAN_POINT('',(80.5,65.3,32.3));
#4767 = VECTOR('',#4768,1.);
#4768 = DIRECTION('',(-0.,1.,0.));
#4769 = ORIENTED_EDGE('',*,*,#4687,.F.);
#4770 = ORIENTED_EDGE('',*,*,#4644,.T.);
#4771 = ORIENTED_EDGE('',*,*,#4561,.F.);
#4772 = ORIENTED_EDGE('',*,*,#4591,.F.);
#4773 = ORIENTED_EDGE('',*,*,#4614,.F.);
#4774 = ORIENTED_EDGE('',*,*,#4505,.T.);
#4775 = ORIENTED_EDGE('',*,*,#2450,.F.);
#4776 = ORIENTED_EDGE('',*,*,#314,.T.);
#4777 = PLANE('',#4778);
#4778 = AXIS2_PLACEMENT_3D('',#4779,#4780,#4781);
#4779 = CARTESIAN_POINT('',(80.5,69.121538461538,25.582692307692));
#4780 = DIRECTION('',(1.,0.,0.));
#4781 = DIRECTION('',(-0.,0.,1.));
#4782 = ADVANCED_FACE('',(#4783),#4807,.T.);
#4783 = FACE_BOUND('',#4784,.T.);
#4784 = EDGE_LOOP('',(#4785,#4786,#4787,#4788,#4789,#4790,#4791,#4792,
    #4793,#4801));
#4785 = ORIENTED_EDGE('',*,*,#298,.F.);
#4786 = ORIENTED_EDGE('',*,*,#2466,.T.);
#4787 = ORIENTED_EDGE('',*,*,#4521,.F.);
#4788 = ORIENTED_EDGE('',*,*,#4607,.T.);
#4789 = ORIENTED_EDGE('',*,*,#4575,.T.);
#4790 = ORIENTED_EDGE('',*,*,#4545,.T.);
#4791 = ORIENTED_EDGE('',*,*,#4628,.F.);
#4792 = ORIENTED_EDGE('',*,*,#4671,.T.);
#4793 = ORIENTED_EDGE('',*,*,#4794,.T.);
#4794 = EDGE_CURVE('',#4672,#4795,#4797,.T.);
#4795 = VERTEX_POINT('',#4796);
#4796 = CARTESIAN_POINT('',(73.5,73.,32.3));
#4797 = LINE('',#4798,#4799);
#4798 = CARTESIAN_POINT('',(73.5,65.3,32.3));
#4799 = VECTOR('',#4800,1.);
#4800 = DIRECTION('',(-0.,1.,0.));
#4801 = ORIENTED_EDGE('',*,*,#4802,.F.);
#4802 = EDGE_CURVE('',#299,#4795,#4803,.T.);
#4803 = LINE('',#4804,#4805);
#4804 = CARTESIAN_POINT('',(73.5,73.,27.3));
#4805 = VECTOR('',#4806,1.);
#4806 = DIRECTION('',(0.,0.,1.));
#4807 = PLANE('',#4808);
#4808 = AXIS2_PLACEMENT_3D('',#4809,#4810,#4811);
#4809 = CARTESIAN_POINT('',(73.5,69.121538461538,25.582692307692));
#4810 = DIRECTION('',(-1.,-0.,-0.));
#4811 = DIRECTION('',(0.,0.,-1.));
#4812 = ADVANCED_FACE('',(#4813),#4824,.T.);
#4813 = FACE_BOUND('',#4814,.T.);
#4814 = EDGE_LOOP('',(#4815,#4816,#4817,#4823));
#4815 = ORIENTED_EDGE('',*,*,#338,.T.);
#4816 = ORIENTED_EDGE('',*,*,#4742,.T.);
#4817 = ORIENTED_EDGE('',*,*,#4818,.T.);
#4818 = EDGE_CURVE('',#4735,#224,#4819,.T.);
#4819 = LINE('',#4820,#4821);
#4820 = CARTESIAN_POINT('',(95.5,73.,32.3));
#4821 = VECTOR('',#4822,1.);
#4822 = DIRECTION('',(1.,0.,-0.));
#4823 = ORIENTED_EDGE('',*,*,#221,.F.);
#4824 = PLANE('',#4825);
#4825 = AXIS2_PLACEMENT_3D('',#4826,#4827,#4828);
#4826 = CARTESIAN_POINT('',(99.,73.,27.65));
#4827 = DIRECTION('',(0.,1.,0.));
#4828 = DIRECTION('',(0.,-0.,1.));
#4829 = ADVANCED_FACE('',(#4830),#4841,.T.);
#4830 = FACE_BOUND('',#4831,.T.);
#4831 = EDGE_LOOP('',(#4832,#4833,#4834,#4840));
#4832 = ORIENTED_EDGE('',*,*,#306,.T.);
#4833 = ORIENTED_EDGE('',*,*,#4802,.T.);
#4834 = ORIENTED_EDGE('',*,*,#4835,.T.);
#4835 = EDGE_CURVE('',#4795,#4757,#4836,.T.);
#4836 = LINE('',#4837,#4838);
#4837 = CARTESIAN_POINT('',(73.5,73.,32.3));
#4838 = VECTOR('',#4839,1.);
#4839 = DIRECTION('',(1.,0.,-0.));
#4840 = ORIENTED_EDGE('',*,*,#4756,.F.);
#4841 = PLANE('',#4842);
#4842 = AXIS2_PLACEMENT_3D('',#4843,#4844,#4845);
#4843 = CARTESIAN_POINT('',(77.,73.,27.65));
#4844 = DIRECTION('',(0.,1.,0.));
#4845 = DIRECTION('',(0.,-0.,1.));
#4846 = ADVANCED_FACE('',(#4847,#4858,#4864,#4870,#4876,#4882,#4888,
    #4894),#4900,.F.);
#4847 = FACE_BOUND('',#4848,.T.);
#4848 = EDGE_LOOP('',(#4849,#4850,#4851,#4857));
#4849 = ORIENTED_EDGE('',*,*,#4389,.F.);
#4850 = ORIENTED_EDGE('',*,*,#4334,.T.);
#4851 = ORIENTED_EDGE('',*,*,#4852,.F.);
#4852 = EDGE_CURVE('',#1313,#4327,#4853,.T.);
#4853 = LINE('',#4854,#4855);
#4854 = CARTESIAN_POINT('',(0.,115.,24.));
#4855 = VECTOR('',#4856,1.);
#4856 = DIRECTION('',(1.,0.,-0.));
#4857 = ORIENTED_EDGE('',*,*,#1312,.F.);
#4858 = FACE_BOUND('',#4859,.F.);
#4859 = EDGE_LOOP('',(#4860,#4861,#4862,#4863));
#4860 = ORIENTED_EDGE('',*,*,#1485,.T.);
#4861 = ORIENTED_EDGE('',*,*,#1463,.T.);
#4862 = ORIENTED_EDGE('',*,*,#1423,.F.);
#4863 = ORIENTED_EDGE('',*,*,#1392,.F.);
#4864 = FACE_BOUND('',#4865,.F.);
#4865 = EDGE_LOOP('',(#4866,#4867,#4868,#4869));
#4866 = ORIENTED_EDGE('',*,*,#1827,.T.);
#4867 = ORIENTED_EDGE('',*,*,#1810,.T.);
#4868 = ORIENTED_EDGE('',*,*,#1779,.F.);
#4869 = ORIENTED_EDGE('',*,*,#1755,.F.);
#4870 = FACE_BOUND('',#4871,.F.);
#4871 = EDGE_LOOP('',(#4872,#4873,#4874,#4875));
#4872 = ORIENTED_EDGE('',*,*,#1923,.T.);
#4873 = ORIENTED_EDGE('',*,*,#1906,.T.);
#4874 = ORIENTED_EDGE('',*,*,#1875,.F.);
#4875 = ORIENTED_EDGE('',*,*,#1851,.F.);
#4876 = FACE_BOUND('',#4877,.F.);
#4877 = EDGE_LOOP('',(#4878,#4879,#4880,#4881));
#4878 = ORIENTED_EDGE('',*,*,#2019,.T.);
#4879 = ORIENTED_EDGE('',*,*,#2002,.T.);
#4880 = ORIENTED_EDGE('',*,*,#1971,.F.);
#4881 = ORIENTED_EDGE('',*,*,#1947,.F.);
#4882 = FACE_BOUND('',#4883,.F.);
#4883 = EDGE_LOOP('',(#4884,#4885,#4886,#4887));
#4884 = ORIENTED_EDGE('',*,*,#2115,.T.);
#4885 = ORIENTED_EDGE('',*,*,#2098,.T.);
#4886 = ORIENTED_EDGE('',*,*,#2067,.F.);
#4887 = ORIENTED_EDGE('',*,*,#2043,.F.);
#4888 = FACE_BOUND('',#4889,.F.);
#4889 = EDGE_LOOP('',(#4890,#4891,#4892,#4893));
#4890 = ORIENTED_EDGE('',*,*,#2211,.T.);
#4891 = ORIENTED_EDGE('',*,*,#2194,.T.);
#4892 = ORIENTED_EDGE('',*,*,#2163,.F.);
#4893 = ORIENTED_EDGE('',*,*,#2139,.F.);
#4894 = FACE_BOUND('',#4895,.F.);
#4895 = EDGE_LOOP('',(#4896,#4897,#4898,#4899));
#4896 = ORIENTED_EDGE('',*,*,#2307,.T.);
#4897 = ORIENTED_EDGE('',*,*,#2290,.T.);
#4898 = ORIENTED_EDGE('',*,*,#2259,.F.);
#4899 = ORIENTED_EDGE('',*,*,#2235,.F.);
#4900 = PLANE('',#4901);
#4901 = AXIS2_PLACEMENT_3D('',#4902,#4903,#4904);
#4902 = CARTESIAN_POINT('',(0.,115.,8.));
#4903 = DIRECTION('',(-0.,1.,0.));
#4904 = DIRECTION('',(0.,0.,1.));
#4905 = ADVANCED_FACE('',(#4906),#4912,.T.);
#4906 = FACE_BOUND('',#4907,.T.);
#4907 = EDGE_LOOP('',(#4908,#4909,#4910,#4911));
#4908 = ORIENTED_EDGE('',*,*,#1320,.F.);
#4909 = ORIENTED_EDGE('',*,*,#4852,.T.);
#4910 = ORIENTED_EDGE('',*,*,#4326,.T.);
#4911 = ORIENTED_EDGE('',*,*,#2397,.F.);
#4912 = PLANE('',#4913);
#4913 = AXIS2_PLACEMENT_3D('',#4914,#4915,#4916);
#4914 = CARTESIAN_POINT('',(90.,123.,24.));
#4915 = DIRECTION('',(0.,0.,1.));
#4916 = DIRECTION('',(1.,0.,-0.));
#4917 = ADVANCED_FACE('',(#4918,#4924),#4927,.T.);
#4918 = FACE_BOUND('',#4919,.T.);
#4919 = EDGE_LOOP('',(#4920,#4921,#4922,#4923));
#4920 = ORIENTED_EDGE('',*,*,#4734,.F.);
#4921 = ORIENTED_EDGE('',*,*,#174,.T.);
#4922 = ORIENTED_EDGE('',*,*,#231,.T.);
#4923 = ORIENTED_EDGE('',*,*,#4818,.F.);
#4924 = FACE_BOUND('',#4925,.T.);
#4925 = EDGE_LOOP('',(#4926));
#4926 = ORIENTED_EDGE('',*,*,#205,.T.);
#4927 = PLANE('',#4928);
#4928 = AXIS2_PLACEMENT_3D('',#4929,#4930,#4931);
#4929 = CARTESIAN_POINT('',(95.5,65.3,32.3));
#4930 = DIRECTION('',(0.,0.,1.));
#4931 = DIRECTION('',(1.,0.,-0.));
#4932 = ADVANCED_FACE('',(#4933,#4939),#4942,.T.);
#4933 = FACE_BOUND('',#4934,.T.);
#4934 = EDGE_LOOP('',(#4935,#4936,#4937,#4938));
#4935 = ORIENTED_EDGE('',*,*,#4794,.F.);
#4936 = ORIENTED_EDGE('',*,*,#4679,.T.);
#4937 = ORIENTED_EDGE('',*,*,#4764,.T.);
#4938 = ORIENTED_EDGE('',*,*,#4835,.F.);
#4939 = FACE_BOUND('',#4940,.T.);
#4940 = EDGE_LOOP('',(#4941));
#4941 = ORIENTED_EDGE('',*,*,#4710,.T.);
#4942 = PLANE('',#4943);
#4943 = AXIS2_PLACEMENT_3D('',#4944,#4945,#4946);
#4944 = CARTESIAN_POINT('',(73.5,65.3,32.3));
#4945 = DIRECTION('',(0.,0.,1.));
#4946 = DIRECTION('',(1.,0.,-0.));
#4947 = ( GEOMETRIC_REPRESENTATION_CONTEXT(3) 
GLOBAL_UNCERTAINTY_ASSIGNED_CONTEXT((#4951)) 
GLOBAL_UNIT_ASSIGNED_CONTEXT((#4948,#4949,#4950)) REPRESENTATION_CONTEXT
('Context #1','3D Context with UNIT and UNCERTAINTY') );
#4948 = ( LENGTH_UNIT() NAMED_UNIT(*) SI_UNIT(.MILLI.,.METRE.) );
#4949 = ( NAMED_UNIT(*) PLANE_ANGLE_UNIT() SI_UNIT($,.RADIAN.) );
#4950 = ( NAMED_UNIT(*) SI_UNIT($,.STERADIAN.) SOLID_ANGLE_UNIT() );
#4951 = UNCERTAINTY_MEASURE_WITH_UNIT(LENGTH_MEASURE(2.E-07),#4948,
  'distance_accuracy_value','confusion accuracy');
#4952 = PRODUCT_RELATED_PRODUCT_CATEGORY('part',$,(#7));
ENDSEC;
END-ISO-10303-21;
