# https://github.com/mikedh/trimesh
mtllib material.mtl

o House_Floor
usemtl Brushed spruce
v -3.65000000 -1.25000000 0.62000000
v -3.65000000 -1.25000000 0.77000000
v -3.65000000 1.25000000 0.62000000
v -3.65000000 1.25000000 0.77000000
v 3.65000000 -1.25000000 0.62000000
v 3.65000000 -1.25000000 0.77000000
v 3.65000000 1.25000000 0.62000000
v 3.65000000 1.25000000 0.77000000
f 2 4 1
f 5 2 1
f 1 4 3
f 3 5 1
f 2 8 4
f 6 2 5
f 6 8 2
f 4 8 3
f 7 5 3
f 3 8 7
f 7 6 5
f 8 6 7

o Wall_Entry_Side
usemtl Brushed spruce
v -3.65000000 1.13000000 0.62000000
v -3.65000000 1.13000000 0.67000000
v -3.65000000 1.25000000 0.62000000
v -3.65000000 1.25000000 0.67000000
v -0.75000000 1.13000000 0.62000000
v -0.75000000 1.13000000 0.67000000
v -0.75000000 1.25000000 0.62000000
v -0.75000000 1.25000000 0.67000000
v -3.65000000 1.13000000 0.67000000
v -3.65000000 1.13000000 2.67000000
v -3.65000000 1.25000000 0.67000000
v -3.65000000 1.25000000 2.67000000
v -0.75000000 1.13000000 0.67000000
v -0.75000000 1.13000000 2.67000000
v -0.75000000 1.25000000 0.67000000
v -0.75000000 1.25000000 2.67000000
v -3.65000000 1.13000000 2.67000000
v -3.65000000 1.13000000 3.15700000
v -3.65000000 1.25000000 2.67000000
v -3.65000000 1.25000000 3.15700000
v -0.75000000 1.13000000 2.67000000
v -0.75000000 1.13000000 3.15700000
v -0.75000000 1.25000000 2.67000000
v -0.75000000 1.25000000 3.15700000
v -0.75000000 1.13000000 0.62000000
v -0.75000000 1.13000000 0.67000000
v -0.75000000 1.25000000 0.62000000
v -0.75000000 1.25000000 0.67000000
v 0.75000000 1.13000000 0.62000000
v 0.75000000 1.13000000 0.67000000
v 0.75000000 1.25000000 0.62000000
v 0.75000000 1.25000000 0.67000000
v -0.75000000 1.13000000 2.67000000
v -0.75000000 1.13000000 3.15700000
v -0.75000000 1.25000000 2.67000000
v -0.75000000 1.25000000 3.15700000
v 0.75000000 1.13000000 2.67000000
v 0.75000000 1.13000000 3.15700000
v 0.75000000 1.25000000 2.67000000
v 0.75000000 1.25000000 3.15700000
v 0.75000000 1.13000000 0.62000000
v 0.75000000 1.13000000 0.67000000
v 0.75000000 1.25000000 0.62000000
v 0.75000000 1.25000000 0.67000000
v 3.65000000 1.13000000 0.62000000
v 3.65000000 1.13000000 0.67000000
v 3.65000000 1.25000000 0.62000000
v 3.65000000 1.25000000 0.67000000
v 0.75000000 1.13000000 0.67000000
v 0.75000000 1.13000000 2.67000000
v 0.75000000 1.25000000 0.67000000
v 0.75000000 1.25000000 2.67000000
v 3.65000000 1.13000000 0.67000000
v 3.65000000 1.13000000 2.67000000
v 3.65000000 1.25000000 0.67000000
v 3.65000000 1.25000000 2.67000000
v 0.75000000 1.13000000 2.67000000
v 0.75000000 1.13000000 3.15700000
v 0.75000000 1.25000000 2.67000000
v 0.75000000 1.25000000 3.15700000
v 3.65000000 1.13000000 2.67000000
v 3.65000000 1.13000000 3.15700000
v 3.65000000 1.25000000 2.67000000
v 3.65000000 1.25000000 3.15700000
f 10 12 9
f 13 10 9
f 9 12 11
f 11 13 9
f 10 16 12
f 14 10 13
f 14 16 10
f 12 16 11
f 15 13 11
f 11 16 15
f 15 14 13
f 16 14 15
f 18 20 17
f 21 18 17
f 17 20 19
f 19 21 17
f 18 24 20
f 22 18 21
f 22 24 18
f 20 24 19
f 23 21 19
f 19 24 23
f 23 22 21
f 24 22 23
f 26 28 25
f 29 26 25
f 25 28 27
f 27 29 25
f 26 32 28
f 30 26 29
f 30 32 26
f 28 32 27
f 31 29 27
f 27 32 31
f 31 30 29
f 32 30 31
f 34 36 33
f 37 34 33
f 33 36 35
f 35 37 33
f 34 40 36
f 38 34 37
f 38 40 34
f 36 40 35
f 39 37 35
f 35 40 39
f 39 38 37
f 40 38 39
f 42 44 41
f 45 42 41
f 41 44 43
f 43 45 41
f 42 48 44
f 46 42 45
f 46 48 42
f 44 48 43
f 47 45 43
f 43 48 47
f 47 46 45
f 48 46 47
f 50 52 49
f 53 50 49
f 49 52 51
f 51 53 49
f 50 56 52
f 54 50 53
f 54 56 50
f 52 56 51
f 55 53 51
f 51 56 55
f 55 54 53
f 56 54 55
f 58 60 57
f 61 58 57
f 57 60 59
f 59 61 57
f 58 64 60
f 62 58 61
f 62 64 58
f 60 64 59
f 63 61 59
f 59 64 63
f 63 62 61
f 64 62 63
f 66 68 65
f 69 66 65
f 65 68 67
f 67 69 65
f 66 72 68
f 70 66 69
f 70 72 66
f 68 72 67
f 71 69 67
f 67 72 71
f 71 70 69
f 72 70 71

o Wall_Window_Side
usemtl Brushed spruce
v -3.65000000 -1.25000000 0.62000000
v -3.65000000 -1.25000000 1.64000000
v -3.65000000 -1.13000000 0.62000000
v -3.65000000 -1.13000000 1.64000000
v -0.45000000 -1.25000000 0.62000000
v -0.45000000 -1.25000000 1.64000000
v -0.45000000 -1.13000000 0.62000000
v -0.45000000 -1.13000000 1.64000000
v -3.65000000 -1.25000000 1.64000000
v -3.65000000 -1.25000000 2.64000000
v -3.65000000 -1.13000000 1.64000000
v -3.65000000 -1.13000000 2.64000000
v -0.45000000 -1.25000000 1.64000000
v -0.45000000 -1.25000000 2.64000000
v -0.45000000 -1.13000000 1.64000000
v -0.45000000 -1.13000000 2.64000000
v -3.65000000 -1.25000000 2.64000000
v -3.65000000 -1.25000000 3.15700000
v -3.65000000 -1.13000000 2.64000000
v -3.65000000 -1.13000000 3.15700000
v -0.45000000 -1.25000000 2.64000000
v -0.45000000 -1.25000000 3.15700000
v -0.45000000 -1.13000000 2.64000000
v -0.45000000 -1.13000000 3.15700000
v -0.45000000 -1.25000000 0.62000000
v -0.45000000 -1.25000000 1.64000000
v -0.45000000 -1.13000000 0.62000000
v -0.45000000 -1.13000000 1.64000000
v 1.15000000 -1.25000000 0.62000000
v 1.15000000 -1.25000000 1.64000000
v 1.15000000 -1.13000000 0.62000000
v 1.15000000 -1.13000000 1.64000000
v -0.45000000 -1.25000000 2.64000000
v -0.45000000 -1.25000000 3.15700000
v -0.45000000 -1.13000000 2.64000000
v -0.45000000 -1.13000000 3.15700000
v 1.15000000 -1.25000000 2.64000000
v 1.15000000 -1.25000000 3.15700000
v 1.15000000 -1.13000000 2.64000000
v 1.15000000 -1.13000000 3.15700000
v 1.15000000 -1.25000000 0.62000000
v 1.15000000 -1.25000000 1.64000000
v 1.15000000 -1.13000000 0.62000000
v 1.15000000 -1.13000000 1.64000000
v 3.65000000 -1.25000000 0.62000000
v 3.65000000 -1.25000000 1.64000000
v 3.65000000 -1.13000000 0.62000000
v 3.65000000 -1.13000000 1.64000000
v 1.15000000 -1.25000000 1.64000000
v 1.15000000 -1.25000000 2.64000000
v 1.15000000 -1.13000000 1.64000000
v 1.15000000 -1.13000000 2.64000000
v 3.65000000 -1.25000000 1.64000000
v 3.65000000 -1.25000000 2.64000000
v 3.65000000 -1.13000000 1.64000000
v 3.65000000 -1.13000000 2.64000000
v 1.15000000 -1.25000000 2.64000000
v 1.15000000 -1.25000000 3.15700000
v 1.15000000 -1.13000000 2.64000000
v 1.15000000 -1.13000000 3.15700000
v 3.65000000 -1.25000000 2.64000000
v 3.65000000 -1.25000000 3.15700000
v 3.65000000 -1.13000000 2.64000000
v 3.65000000 -1.13000000 3.15700000
f 74 76 73
f 77 74 73
f 73 76 75
f 75 77 73
f 74 80 76
f 78 74 77
f 78 80 74
f 76 80 75
f 79 77 75
f 75 80 79
f 79 78 77
f 80 78 79
f 82 84 81
f 85 82 81
f 81 84 83
f 83 85 81
f 82 88 84
f 86 82 85
f 86 88 82
f 84 88 83
f 87 85 83
f 83 88 87
f 87 86 85
f 88 86 87
f 90 92 89
f 93 90 89
f 89 92 91
f 91 93 89
f 90 96 92
f 94 90 93
f 94 96 90
f 92 96 91
f 95 93 91
f 91 96 95
f 95 94 93
f 96 94 95
f 98 100 97
f 101 98 97
f 97 100 99
f 99 101 97
f 98 104 100
f 102 98 101
f 102 104 98
f 100 104 99
f 103 101 99
f 99 104 103
f 103 102 101
f 104 102 103
f 106 108 105
f 109 106 105
f 105 108 107
f 107 109 105
f 106 112 108
f 110 106 109
f 110 112 106
f 108 112 107
f 111 109 107
f 107 112 111
f 111 110 109
f 112 110 111
f 114 116 113
f 117 114 113
f 113 116 115
f 115 117 113
f 114 120 116
f 118 114 117
f 118 120 114
f 116 120 115
f 119 117 115
f 115 120 119
f 119 118 117
f 120 118 119
f 122 124 121
f 125 122 121
f 121 124 123
f 123 125 121
f 122 128 124
f 126 122 125
f 126 128 122
f 124 128 123
f 127 125 123
f 123 128 127
f 127 126 125
f 128 126 127
f 130 132 129
f 133 130 129
f 129 132 131
f 131 133 129
f 130 136 132
f 134 130 133
f 134 136 130
f 132 136 131
f 135 133 131
f 131 136 135
f 135 134 133
f 136 134 135

o Wall_Front
usemtl Brushed spruce
v -3.65000000 -1.25000000 0.62000000
v -3.65000000 -1.25000000 3.15700000
v -3.65000000 1.25000000 0.62000000
v -3.65000000 1.25000000 3.15700000
v -3.53000000 -1.25000000 0.62000000
v -3.53000000 -1.25000000 3.15700000
v -3.53000000 1.25000000 0.62000000
v -3.53000000 1.25000000 3.15700000
f 138 140 137
f 141 138 137
f 137 140 139
f 139 141 137
f 138 144 140
f 142 138 141
f 142 144 138
f 140 144 139
f 143 141 139
f 139 144 143
f 143 142 141
f 144 142 143

o Wall_Rear
usemtl Brushed spruce
v 3.53000000 -1.25000000 0.62000000
v 3.53000000 -1.25000000 1.64000000
v 3.53000000 -0.75000000 0.62000000
v 3.53000000 -0.75000000 1.64000000
v 3.65000000 -1.25000000 0.62000000
v 3.65000000 -1.25000000 1.64000000
v 3.65000000 -0.75000000 0.62000000
v 3.65000000 -0.75000000 1.64000000
v 3.53000000 -1.25000000 1.64000000
v 3.53000000 -1.25000000 2.64000000
v 3.53000000 -0.75000000 1.64000000
v 3.53000000 -0.75000000 2.64000000
v 3.65000000 -1.25000000 1.64000000
v 3.65000000 -1.25000000 2.64000000
v 3.65000000 -0.75000000 1.64000000
v 3.65000000 -0.75000000 2.64000000
v 3.53000000 -1.25000000 2.64000000
v 3.53000000 -1.25000000 3.15700000
v 3.53000000 -0.75000000 2.64000000
v 3.53000000 -0.75000000 3.15700000
v 3.65000000 -1.25000000 2.64000000
v 3.65000000 -1.25000000 3.15700000
v 3.65000000 -0.75000000 2.64000000
v 3.65000000 -0.75000000 3.15700000
v 3.53000000 -0.75000000 0.62000000
v 3.53000000 -0.75000000 1.64000000
v 3.53000000 0.75000000 0.62000000
v 3.53000000 0.75000000 1.64000000
v 3.65000000 -0.75000000 0.62000000
v 3.65000000 -0.75000000 1.64000000
v 3.65000000 0.75000000 0.62000000
v 3.65000000 0.75000000 1.64000000
v 3.53000000 -0.75000000 2.64000000
v 3.53000000 -0.75000000 3.15700000
v 3.53000000 0.75000000 2.64000000
v 3.53000000 0.75000000 3.15700000
v 3.65000000 -0.75000000 2.64000000
v 3.65000000 -0.75000000 3.15700000
v 3.65000000 0.75000000 2.64000000
v 3.65000000 0.75000000 3.15700000
v 3.53000000 0.75000000 0.62000000
v 3.53000000 0.75000000 1.64000000
v 3.53000000 1.25000000 0.62000000
v 3.53000000 1.25000000 1.64000000
v 3.65000000 0.75000000 0.62000000
v 3.65000000 0.75000000 1.64000000
v 3.65000000 1.25000000 0.62000000
v 3.65000000 1.25000000 1.64000000
v 3.53000000 0.75000000 1.64000000
v 3.53000000 0.75000000 2.64000000
v 3.53000000 1.25000000 1.64000000
v 3.53000000 1.25000000 2.64000000
v 3.65000000 0.75000000 1.64000000
v 3.65000000 0.75000000 2.64000000
v 3.65000000 1.25000000 1.64000000
v 3.65000000 1.25000000 2.64000000
v 3.53000000 0.75000000 2.64000000
v 3.53000000 0.75000000 3.15700000
v 3.53000000 1.25000000 2.64000000
v 3.53000000 1.25000000 3.15700000
v 3.65000000 0.75000000 2.64000000
v 3.65000000 0.75000000 3.15700000
v 3.65000000 1.25000000 2.64000000
v 3.65000000 1.25000000 3.15700000
f 146 148 145
f 149 146 145
f 145 148 147
f 147 149 145
f 146 152 148
f 150 146 149
f 150 152 146
f 148 152 147
f 151 149 147
f 147 152 151
f 151 150 149
f 152 150 151
f 154 156 153
f 157 154 153
f 153 156 155
f 155 157 153
f 154 160 156
f 158 154 157
f 158 160 154
f 156 160 155
f 159 157 155
f 155 160 159
f 159 158 157
f 160 158 159
f 162 164 161
f 165 162 161
f 161 164 163
f 163 165 161
f 162 168 164
f 166 162 165
f 166 168 162
f 164 168 163
f 167 165 163
f 163 168 167
f 167 166 165
f 168 166 167
f 170 172 169
f 173 170 169
f 169 172 171
f 171 173 169
f 170 176 172
f 174 170 173
f 174 176 170
f 172 176 171
f 175 173 171
f 171 176 175
f 175 174 173
f 176 174 175
f 178 180 177
f 181 178 177
f 177 180 179
f 179 181 177
f 178 184 180
f 182 178 181
f 182 184 178
f 180 184 179
f 183 181 179
f 179 184 183
f 183 182 181
f 184 182 183
f 186 188 185
f 189 186 185
f 185 188 187
f 187 189 185
f 186 192 188
f 190 186 189
f 190 192 186
f 188 192 187
f 191 189 187
f 187 192 191
f 191 190 189
f 192 190 191
f 194 196 193
f 197 194 193
f 193 196 195
f 195 197 193
f 194 200 196
f 198 194 197
f 198 200 194
f 196 200 195
f 199 197 195
f 195 200 199
f 199 198 197
f 200 198 199
f 202 204 201
f 205 202 201
f 201 204 203
f 203 205 201
f 202 208 204
f 206 202 205
f 206 208 202
f 204 208 203
f 207 205 203
f 203 208 207
f 207 206 205
f 208 206 207

o Gable_Front
usemtl Brushed spruce
v -3.65000000 -1.25000000 3.15700000
v -3.65000000 1.25000000 3.15700000
v -3.65000000 0.00000000 4.02000000
v -3.53000000 -1.25000000 3.15700000
v -3.53000000 1.25000000 3.15700000
v -3.53000000 0.00000000 4.02000000
f 209 211 210
f 212 213 214
f 209 210 213
f 209 213 212
f 210 211 214
f 210 214 213
f 211 209 212
f 211 212 214

o Gable_Rear
usemtl Brushed spruce
v 3.53000000 -1.25000000 3.15700000
v 3.53000000 1.25000000 3.15700000
v 3.53000000 0.00000000 4.02000000
v 3.65000000 -1.25000000 3.15700000
v 3.65000000 1.25000000 3.15700000
v 3.65000000 0.00000000 4.02000000
f 215 217 216
f 218 219 220
f 215 216 219
f 215 219 218
f 216 217 220
f 216 220 219
f 217 215 218
f 217 218 220

o Raised_Wall_Entry_Side
usemtl Brushed spruce
v -3.10000000 1.13000000 3.15700000
v -3.10000000 1.13000000 3.82000000
v -3.10000000 1.25000000 3.15700000
v -3.10000000 1.25000000 3.82000000
v 1.58000000 1.13000000 3.15700000
v 1.58000000 1.13000000 3.82000000
v 1.58000000 1.25000000 3.15700000
v 1.58000000 1.25000000 3.82000000
f 222 224 221
f 225 222 221
f 221 224 223
f 223 225 221
f 222 228 224
f 226 222 225
f 226 228 222
f 224 228 223
f 227 225 223
f 223 228 227
f 227 226 225
f 228 226 227

o Raised_Wall_Window_Side
usemtl Brushed spruce
v -3.10000000 -1.25000000 3.15700000
v -3.10000000 -1.25000000 3.30000000
v -3.10000000 -1.13000000 3.15700000
v -3.10000000 -1.13000000 3.30000000
v -2.55000000 -1.25000000 3.15700000
v -2.55000000 -1.25000000 3.30000000
v -2.55000000 -1.13000000 3.15700000
v -2.55000000 -1.13000000 3.30000000
v -3.10000000 -1.25000000 3.30000000
v -3.10000000 -1.25000000 3.75000000
v -3.10000000 -1.13000000 3.30000000
v -3.10000000 -1.13000000 3.75000000
v -2.55000000 -1.25000000 3.30000000
v -2.55000000 -1.25000000 3.75000000
v -2.55000000 -1.13000000 3.30000000
v -2.55000000 -1.13000000 3.75000000
v -3.10000000 -1.25000000 3.75000000
v -3.10000000 -1.25000000 3.82000000
v -3.10000000 -1.13000000 3.75000000
v -3.10000000 -1.13000000 3.82000000
v -2.55000000 -1.25000000 3.75000000
v -2.55000000 -1.25000000 3.82000000
v -2.55000000 -1.13000000 3.75000000
v -2.55000000 -1.13000000 3.82000000
v -2.55000000 -1.25000000 3.15700000
v -2.55000000 -1.25000000 3.30000000
v -2.55000000 -1.13000000 3.15700000
v -2.55000000 -1.13000000 3.30000000
v -1.05000000 -1.25000000 3.15700000
v -1.05000000 -1.25000000 3.30000000
v -1.05000000 -1.13000000 3.15700000
v -1.05000000 -1.13000000 3.30000000
v -2.55000000 -1.25000000 3.75000000
v -2.55000000 -1.25000000 3.82000000
v -2.55000000 -1.13000000 3.75000000
v -2.55000000 -1.13000000 3.82000000
v -1.05000000 -1.25000000 3.75000000
v -1.05000000 -1.25000000 3.82000000
v -1.05000000 -1.13000000 3.75000000
v -1.05000000 -1.13000000 3.82000000
v -1.05000000 -1.25000000 3.15700000
v -1.05000000 -1.25000000 3.30000000
v -1.05000000 -1.13000000 3.15700000
v -1.05000000 -1.13000000 3.30000000
v 1.58000000 -1.25000000 3.15700000
v 1.58000000 -1.25000000 3.30000000
v 1.58000000 -1.13000000 3.15700000
v 1.58000000 -1.13000000 3.30000000
v -1.05000000 -1.25000000 3.30000000
v -1.05000000 -1.25000000 3.75000000
v -1.05000000 -1.13000000 3.30000000
v -1.05000000 -1.13000000 3.75000000
v 1.58000000 -1.25000000 3.30000000
v 1.58000000 -1.25000000 3.75000000
v 1.58000000 -1.13000000 3.30000000
v 1.58000000 -1.13000000 3.75000000
v -1.05000000 -1.25000000 3.75000000
v -1.05000000 -1.25000000 3.82000000
v -1.05000000 -1.13000000 3.75000000
v -1.05000000 -1.13000000 3.82000000
v 1.58000000 -1.25000000 3.75000000
v 1.58000000 -1.25000000 3.82000000
v 1.58000000 -1.13000000 3.75000000
v 1.58000000 -1.13000000 3.82000000
f 230 232 229
f 233 230 229
f 229 232 231
f 231 233 229
f 230 236 232
f 234 230 233
f 234 236 230
f 232 236 231
f 235 233 231
f 231 236 235
f 235 234 233
f 236 234 235
f 238 240 237
f 241 238 237
f 237 240 239
f 239 241 237
f 238 244 240
f 242 238 241
f 242 244 238
f 240 244 239
f 243 241 239
f 239 244 243
f 243 242 241
f 244 242 243
f 246 248 245
f 249 246 245
f 245 248 247
f 247 249 245
f 246 252 248
f 250 246 249
f 250 252 246
f 248 252 247
f 251 249 247
f 247 252 251
f 251 250 249
f 252 250 251
f 254 256 253
f 257 254 253
f 253 256 255
f 255 257 253
f 254 260 256
f 258 254 257
f 258 260 254
f 256 260 255
f 259 257 255
f 255 260 259
f 259 258 257
f 260 258 259
f 262 264 261
f 265 262 261
f 261 264 263
f 263 265 261
f 262 268 264
f 266 262 265
f 266 268 262
f 264 268 263
f 267 265 263
f 263 268 267
f 267 266 265
f 268 266 267
f 270 272 269
f 273 270 269
f 269 272 271
f 271 273 269
f 270 276 272
f 274 270 273
f 274 276 270
f 272 276 271
f 275 273 271
f 271 276 275
f 275 274 273
f 276 274 275
f 278 280 277
f 281 278 277
f 277 280 279
f 279 281 277
f 278 284 280
f 282 278 281
f 282 284 278
f 280 284 279
f 283 281 279
f 279 284 283
f 283 282 281
f 284 282 283
f 286 288 285
f 289 286 285
f 285 288 287
f 287 289 285
f 286 292 288
f 290 286 289
f 290 292 286
f 288 292 287
f 291 289 287
f 287 292 291
f 291 290 289
f 292 290 291

o Raised_End_Front
usemtl Brushed spruce
v -3.10000000 -1.25000000 3.15700000
v -3.10000000 1.25000000 3.15700000
v -3.10000000 1.25000000 3.82000000
v -3.10000000 0.00000000 4.02000000
v -3.10000000 -1.25000000 3.82000000
v -3.02000000 -1.25000000 3.15700000
v -3.02000000 1.25000000 3.15700000
v -3.02000000 1.25000000 3.82000000
v -3.02000000 0.00000000 4.02000000
v -3.02000000 -1.25000000 3.82000000
f 293 295 294
f 298 299 300
f 293 296 295
f 298 300 301
f 293 297 296
f 298 301 302
f 293 294 299
f 293 299 298
f 294 295 300
f 294 300 299
f 295 296 301
f 295 301 300
f 296 297 302
f 296 302 301
f 297 293 298
f 297 298 302

o Raised_End_Rear
usemtl Brushed spruce
v 1.50000000 -1.25000000 3.15700000
v 1.50000000 1.25000000 3.15700000
v 1.50000000 1.25000000 3.82000000
v 1.50000000 0.00000000 4.02000000
v 1.50000000 -1.25000000 3.82000000
v 1.58000000 -1.25000000 3.15700000
v 1.58000000 1.25000000 3.15700000
v 1.58000000 1.25000000 3.82000000
v 1.58000000 0.00000000 4.02000000
v 1.58000000 -1.25000000 3.82000000
f 303 305 304
f 308 309 310
f 303 306 305
f 308 310 311
f 303 307 306
f 308 311 312
f 303 304 309
f 303 309 308
f 304 305 310
f 304 310 309
f 305 306 311
f 305 311 310
f 306 307 312
f 306 312 311
f 307 303 308
f 307 308 312

o Roof_All_Sections
usemtl Dark coated roof
v -3.65000000 -1.24190846 3.12695052
v -3.65000000 -1.27500000 3.17700000
v -3.65000000 0.03309154 3.96995052
v -3.65000000 0.00000000 4.02000000
v -2.37000000 -1.24190846 3.12695052
v -2.37000000 -1.27500000 3.17700000
v -2.37000000 0.03309154 3.96995052
v -2.37000000 0.00000000 4.02000000
v 1.55000000 -1.24190846 3.12695052
v 1.55000000 -1.27500000 3.17700000
v 1.55000000 0.03309154 3.96995052
v 1.55000000 0.00000000 4.02000000
v 3.65000000 -1.24190846 3.12695052
v 3.65000000 -1.27500000 3.17700000
v 3.65000000 0.03309154 3.96995052
v 3.65000000 0.00000000 4.02000000
v -3.20000000 -1.26570193 3.76072483
v -3.20000000 -1.27500000 3.82000000
v -3.20000000 0.00929807 3.96072483
v -3.20000000 0.00000000 4.02000000
v 1.65000000 -1.26570193 3.76072483
v 1.65000000 -1.27500000 3.82000000
v 1.65000000 0.00929807 3.96072483
v 1.65000000 0.00000000 4.02000000
v -3.65000000 -0.03309154 3.96995052
v -3.65000000 0.00000000 4.02000000
v -3.65000000 1.24190846 3.12695052
v -3.65000000 1.27500000 3.17700000
v -2.37000000 -0.03309154 3.96995052
v -2.37000000 0.00000000 4.02000000
v -2.37000000 1.24190846 3.12695052
v -2.37000000 1.27500000 3.17700000
v 1.55000000 -0.03309154 3.96995052
v 1.55000000 0.00000000 4.02000000
v 1.55000000 1.24190846 3.12695052
v 1.55000000 1.27500000 3.17700000
v 3.65000000 -0.03309154 3.96995052
v 3.65000000 0.00000000 4.02000000
v 3.65000000 1.24190846 3.12695052
v 3.65000000 1.27500000 3.17700000
v -3.20000000 -0.00929807 3.96072483
v -3.20000000 0.00000000 4.02000000
v -3.20000000 1.26570193 3.76072483
v -3.20000000 1.27500000 3.82000000
v 1.65000000 -0.00929807 3.96072483
v 1.65000000 0.00000000 4.02000000
v 1.65000000 1.26570193 3.76072483
v 1.65000000 1.27500000 3.82000000
f 314 316 313
f 317 314 313
f 313 316 315
f 315 317 313
f 314 320 316
f 318 314 317
f 318 320 314
f 316 320 315
f 319 317 315
f 315 320 319
f 319 318 317
f 320 318 319
f 322 324 321
f 325 322 321
f 321 324 323
f 323 325 321
f 322 328 324
f 326 322 325
f 326 328 322
f 324 328 323
f 327 325 323
f 323 328 327
f 327 326 325
f 328 326 327
f 330 332 329
f 333 330 329
f 329 332 331
f 331 333 329
f 330 336 332
f 334 330 333
f 334 336 330
f 332 336 331
f 335 333 331
f 331 336 335
f 335 334 333
f 336 334 335
f 338 340 337
f 341 338 337
f 337 340 339
f 339 341 337
f 338 344 340
f 342 338 341
f 342 344 338
f 340 344 339
f 343 341 339
f 339 344 343
f 343 342 341
f 344 342 343
f 346 348 345
f 349 346 345
f 345 348 347
f 347 349 345
f 346 352 348
f 350 346 349
f 350 352 346
f 348 352 347
f 351 349 347
f 347 352 351
f 351 350 349
f 352 350 351
f 354 356 353
f 357 354 353
f 353 356 355
f 355 357 353
f 354 360 356
f 358 354 357
f 358 360 354
f 356 360 355
f 359 357 355
f 355 360 359
f 359 358 357
f 360 358 359

o Roof_Ridge_Caps
usemtl Dark coated roof
v -3.65000000 -0.03500000 3.98000000
v -3.65000000 -0.03500000 4.02000000
v -3.65000000 0.03500000 3.98000000
v -3.65000000 0.03500000 4.02000000
v -2.37000000 -0.03500000 3.98000000
v -2.37000000 -0.03500000 4.02000000
v -2.37000000 0.03500000 3.98000000
v -2.37000000 0.03500000 4.02000000
v -3.20000000 -0.03500000 3.98000000
v -3.20000000 -0.03500000 4.02000000
v -3.20000000 0.03500000 3.98000000
v -3.20000000 0.03500000 4.02000000
v 1.65000000 -0.03500000 3.98000000
v 1.65000000 -0.03500000 4.02000000
v 1.65000000 0.03500000 3.98000000
v 1.65000000 0.03500000 4.02000000
v 1.55000000 -0.03500000 3.98000000
v 1.55000000 -0.03500000 4.02000000
v 1.55000000 0.03500000 3.98000000
v 1.55000000 0.03500000 4.02000000
v 3.65000000 -0.03500000 3.98000000
v 3.65000000 -0.03500000 4.02000000
v 3.65000000 0.03500000 3.98000000
v 3.65000000 0.03500000 4.02000000
f 362 364 361
f 365 362 361
f 361 364 363
f 363 365 361
f 362 368 364
f 366 362 365
f 366 368 362
f 364 368 363
f 367 365 363
f 363 368 367
f 367 366 365
f 368 366 367
f 370 372 369
f 373 370 369
f 369 372 371
f 371 373 369
f 370 376 372
f 374 370 373
f 374 376 370
f 372 376 371
f 375 373 371
f 371 376 375
f 375 374 373
f 376 374 375
f 378 380 377
f 381 378 377
f 377 380 379
f 379 381 377
f 378 384 380
f 382 378 381
f 382 384 378
f 380 384 379
f 383 381 379
f 379 384 383
f 383 382 381
f 384 382 383

o Double_Entry_Door_Frame
usemtl Window frames
v -0.75000000 1.22000000 0.67000000
v -0.75000000 1.22000000 0.74500000
v -0.75000000 1.27500000 0.67000000
v -0.75000000 1.27500000 0.74500000
v 0.75000000 1.22000000 0.67000000
v 0.75000000 1.22000000 0.74500000
v 0.75000000 1.27500000 0.67000000
v 0.75000000 1.27500000 0.74500000
v -0.75000000 1.22000000 2.59500000
v -0.75000000 1.22000000 2.67000000
v -0.75000000 1.27500000 2.59500000
v -0.75000000 1.27500000 2.67000000
v 0.75000000 1.22000000 2.59500000
v 0.75000000 1.22000000 2.67000000
v 0.75000000 1.27500000 2.59500000
v 0.75000000 1.27500000 2.67000000
v -0.75000000 1.22000000 0.67000000
v -0.75000000 1.22000000 2.67000000
v -0.75000000 1.27500000 0.67000000
v -0.75000000 1.27500000 2.67000000
v -0.67500000 1.22000000 0.67000000
v -0.67500000 1.22000000 2.67000000
v -0.67500000 1.27500000 0.67000000
v -0.67500000 1.27500000 2.67000000
v 0.67500000 1.22000000 0.67000000
v 0.67500000 1.22000000 2.67000000
v 0.67500000 1.27500000 0.67000000
v 0.67500000 1.27500000 2.67000000
v 0.75000000 1.22000000 0.67000000
v 0.75000000 1.22000000 2.67000000
v 0.75000000 1.27500000 0.67000000
v 0.75000000 1.27500000 2.67000000
v -0.03750000 1.22000000 0.74500000
v -0.03750000 1.22000000 2.59500000
v -0.03750000 1.27500000 0.74500000
v -0.03750000 1.27500000 2.59500000
v 0.03750000 1.22000000 0.74500000
v 0.03750000 1.22000000 2.59500000
v 0.03750000 1.27500000 0.74500000
v 0.03750000 1.27500000 2.59500000
f 386 388 385
f 389 386 385
f 385 388 387
f 387 389 385
f 386 392 388
f 390 386 389
f 390 392 386
f 388 392 387
f 391 389 387
f 387 392 391
f 391 390 389
f 392 390 391
f 394 396 393
f 397 394 393
f 393 396 395
f 395 397 393
f 394 400 396
f 398 394 397
f 398 400 394
f 396 400 395
f 399 397 395
f 395 400 399
f 399 398 397
f 400 398 399
f 402 404 401
f 405 402 401
f 401 404 403
f 403 405 401
f 402 408 404
f 406 402 405
f 406 408 402
f 404 408 403
f 407 405 403
f 403 408 407
f 407 406 405
f 408 406 407
f 410 412 409
f 413 410 409
f 409 412 411
f 411 413 409
f 410 416 412
f 414 410 413
f 414 416 410
f 412 416 411
f 415 413 411
f 411 416 415
f 415 414 413
f 416 414 415
f 418 420 417
f 421 418 417
f 417 420 419
f 419 421 417
f 418 424 420
f 422 418 421
f 422 424 418
f 420 424 419
f 423 421 419
f 419 424 423
f 423 422 421
f 424 422 423

o Double_Entry_Door_Glass
usemtl Glazing
v -0.67500000 1.25600000 0.74500000
v -0.67500000 1.25600000 2.59500000
v -0.67500000 1.26800000 0.74500000
v -0.67500000 1.26800000 2.59500000
v 0.67500000 1.25600000 0.74500000
v 0.67500000 1.25600000 2.59500000
v 0.67500000 1.26800000 0.74500000
v 0.67500000 1.26800000 2.59500000
f 426 428 425
f 429 426 425
f 425 428 427
f 427 429 425
f 426 432 428
f 430 426 429
f 430 432 426
f 428 432 427
f 431 429 427
f 427 432 431
f 431 430 429
f 432 430 431

o Side_Window_Frame
usemtl Window frames
v -0.45000000 -1.27500000 1.64000000
v -0.45000000 -1.27500000 1.71500000
v -0.45000000 -1.22000000 1.64000000
v -0.45000000 -1.22000000 1.71500000
v 1.15000000 -1.27500000 1.64000000
v 1.15000000 -1.27500000 1.71500000
v 1.15000000 -1.22000000 1.64000000
v 1.15000000 -1.22000000 1.71500000
v -0.45000000 -1.27500000 2.56500000
v -0.45000000 -1.27500000 2.64000000
v -0.45000000 -1.22000000 2.56500000
v -0.45000000 -1.22000000 2.64000000
v 1.15000000 -1.27500000 2.56500000
v 1.15000000 -1.27500000 2.64000000
v 1.15000000 -1.22000000 2.56500000
v 1.15000000 -1.22000000 2.64000000
v -0.45000000 -1.27500000 1.64000000
v -0.45000000 -1.27500000 2.64000000
v -0.45000000 -1.22000000 1.64000000
v -0.45000000 -1.22000000 2.64000000
v -0.37500000 -1.27500000 1.64000000
v -0.37500000 -1.27500000 2.64000000
v -0.37500000 -1.22000000 1.64000000
v -0.37500000 -1.22000000 2.64000000
v 1.07500000 -1.27500000 1.64000000
v 1.07500000 -1.27500000 2.64000000
v 1.07500000 -1.22000000 1.64000000
v 1.07500000 -1.22000000 2.64000000
v 1.15000000 -1.27500000 1.64000000
v 1.15000000 -1.27500000 2.64000000
v 1.15000000 -1.22000000 1.64000000
v 1.15000000 -1.22000000 2.64000000
v 0.31250000 -1.27500000 1.71500000
v 0.31250000 -1.27500000 2.56500000
v 0.31250000 -1.22000000 1.71500000
v 0.31250000 -1.22000000 2.56500000
v 0.38750000 -1.27500000 1.71500000
v 0.38750000 -1.27500000 2.56500000
v 0.38750000 -1.22000000 1.71500000
v 0.38750000 -1.22000000 2.56500000
f 434 436 433
f 437 434 433
f 433 436 435
f 435 437 433
f 434 440 436
f 438 434 437
f 438 440 434
f 436 440 435
f 439 437 435
f 435 440 439
f 439 438 437
f 440 438 439
f 442 444 441
f 445 442 441
f 441 444 443
f 443 445 441
f 442 448 444
f 446 442 445
f 446 448 442
f 444 448 443
f 447 445 443
f 443 448 447
f 447 446 445
f 448 446 447
f 450 452 449
f 453 450 449
f 449 452 451
f 451 453 449
f 450 456 452
f 454 450 453
f 454 456 450
f 452 456 451
f 455 453 451
f 451 456 455
f 455 454 453
f 456 454 455
f 458 460 457
f 461 458 457
f 457 460 459
f 459 461 457
f 458 464 460
f 462 458 461
f 462 464 458
f 460 464 459
f 463 461 459
f 459 464 463
f 463 462 461
f 464 462 463
f 466 468 465
f 469 466 465
f 465 468 467
f 467 469 465
f 466 472 468
f 470 466 469
f 470 472 466
f 468 472 467
f 471 469 467
f 467 472 471
f 471 470 469
f 472 470 471

o Side_Window_Glass
usemtl Glazing
v -0.37500000 -1.26800000 1.71500000
v -0.37500000 -1.26800000 2.56500000
v -0.37500000 -1.25600000 1.71500000
v -0.37500000 -1.25600000 2.56500000
v 1.07500000 -1.26800000 1.71500000
v 1.07500000 -1.26800000 2.56500000
v 1.07500000 -1.25600000 1.71500000
v 1.07500000 -1.25600000 2.56500000
f 474 476 473
f 477 474 473
f 473 476 475
f 475 477 473
f 474 480 476
f 478 474 477
f 478 480 474
f 476 480 475
f 479 477 475
f 475 480 479
f 479 478 477
f 480 478 479

o Clerestory_Window_Frame
usemtl Window frames
v -2.55000000 -1.27500000 3.30000000
v -2.55000000 -1.27500000 3.36500000
v -2.55000000 -1.22500000 3.30000000
v -2.55000000 -1.22500000 3.36500000
v -1.05000000 -1.27500000 3.30000000
v -1.05000000 -1.27500000 3.36500000
v -1.05000000 -1.22500000 3.30000000
v -1.05000000 -1.22500000 3.36500000
v -2.55000000 -1.27500000 3.68500000
v -2.55000000 -1.27500000 3.75000000
v -2.55000000 -1.22500000 3.68500000
v -2.55000000 -1.22500000 3.75000000
v -1.05000000 -1.27500000 3.68500000
v -1.05000000 -1.27500000 3.75000000
v -1.05000000 -1.22500000 3.68500000
v -1.05000000 -1.22500000 3.75000000
v -2.55000000 -1.27500000 3.30000000
v -2.55000000 -1.27500000 3.75000000
v -2.55000000 -1.22500000 3.30000000
v -2.55000000 -1.22500000 3.75000000
v -2.48500000 -1.27500000 3.30000000
v -2.48500000 -1.27500000 3.75000000
v -2.48500000 -1.22500000 3.30000000
v -2.48500000 -1.22500000 3.75000000
v -1.11500000 -1.27500000 3.30000000
v -1.11500000 -1.27500000 3.75000000
v -1.11500000 -1.22500000 3.30000000
v -1.11500000 -1.22500000 3.75000000
v -1.05000000 -1.27500000 3.30000000
v -1.05000000 -1.27500000 3.75000000
v -1.05000000 -1.22500000 3.30000000
v -1.05000000 -1.22500000 3.75000000
f 482 484 481
f 485 482 481
f 481 484 483
f 483 485 481
f 482 488 484
f 486 482 485
f 486 488 482
f 484 488 483
f 487 485 483
f 483 488 487
f 487 486 485
f 488 486 487
f 490 492 489
f 493 490 489
f 489 492 491
f 491 493 489
f 490 496 492
f 494 490 493
f 494 496 490
f 492 496 491
f 495 493 491
f 491 496 495
f 495 494 493
f 496 494 495
f 498 500 497
f 501 498 497
f 497 500 499
f 499 501 497
f 498 504 500
f 502 498 501
f 502 504 498
f 500 504 499
f 503 501 499
f 499 504 503
f 503 502 501
f 504 502 503
f 506 508 505
f 509 506 505
f 505 508 507
f 507 509 505
f 506 512 508
f 510 506 509
f 510 512 506
f 508 512 507
f 511 509 507
f 507 512 511
f 511 510 509
f 512 510 511

o Clerestory_Window_Glass
usemtl Glazing
v -2.48500000 -1.26800000 3.36500000
v -2.48500000 -1.26800000 3.68500000
v -2.48500000 -1.25600000 3.36500000
v -2.48500000 -1.25600000 3.68500000
v -1.11500000 -1.26800000 3.36500000
v -1.11500000 -1.26800000 3.68500000
v -1.11500000 -1.25600000 3.36500000
v -1.11500000 -1.25600000 3.68500000
f 514 516 513
f 517 514 513
f 513 516 515
f 515 517 513
f 514 520 516
f 518 514 517
f 518 520 514
f 516 520 515
f 519 517 515
f 515 520 519
f 519 518 517
f 520 518 519

o Rear_Window_Frame
usemtl Window frames
v 3.59500000 -0.75000000 1.64000000
v 3.59500000 -0.75000000 1.71500000
v 3.59500000 0.75000000 1.64000000
v 3.59500000 0.75000000 1.71500000
v 3.65000000 -0.75000000 1.64000000
v 3.65000000 -0.75000000 1.71500000
v 3.65000000 0.75000000 1.64000000
v 3.65000000 0.75000000 1.71500000
v 3.59500000 -0.75000000 2.56500000
v 3.59500000 -0.75000000 2.64000000
v 3.59500000 0.75000000 2.56500000
v 3.59500000 0.75000000 2.64000000
v 3.65000000 -0.75000000 2.56500000
v 3.65000000 -0.75000000 2.64000000
v 3.65000000 0.75000000 2.56500000
v 3.65000000 0.75000000 2.64000000
v 3.59500000 -0.75000000 1.64000000
v 3.59500000 -0.75000000 2.64000000
v 3.59500000 -0.67500000 1.64000000
v 3.59500000 -0.67500000 2.64000000
v 3.65000000 -0.75000000 1.64000000
v 3.65000000 -0.75000000 2.64000000
v 3.65000000 -0.67500000 1.64000000
v 3.65000000 -0.67500000 2.64000000
v 3.59500000 0.67500000 1.64000000
v 3.59500000 0.67500000 2.64000000
v 3.59500000 0.75000000 1.64000000
v 3.59500000 0.75000000 2.64000000
v 3.65000000 0.67500000 1.64000000
v 3.65000000 0.67500000 2.64000000
v 3.65000000 0.75000000 1.64000000
v 3.65000000 0.75000000 2.64000000
v 3.59500000 -0.03750000 1.71500000
v 3.59500000 -0.03750000 2.56500000
v 3.59500000 0.03750000 1.71500000
v 3.59500000 0.03750000 2.56500000
v 3.65000000 -0.03750000 1.71500000
v 3.65000000 -0.03750000 2.56500000
v 3.65000000 0.03750000 1.71500000
v 3.65000000 0.03750000 2.56500000
f 522 524 521
f 525 522 521
f 521 524 523
f 523 525 521
f 522 528 524
f 526 522 525
f 526 528 522
f 524 528 523
f 527 525 523
f 523 528 527
f 527 526 525
f 528 526 527
f 530 532 529
f 533 530 529
f 529 532 531
f 531 533 529
f 530 536 532
f 534 530 533
f 534 536 530
f 532 536 531
f 535 533 531
f 531 536 535
f 535 534 533
f 536 534 535
f 538 540 537
f 541 538 537
f 537 540 539
f 539 541 537
f 538 544 540
f 542 538 541
f 542 544 538
f 540 544 539
f 543 541 539
f 539 544 543
f 543 542 541
f 544 542 543
f 546 548 545
f 549 546 545
f 545 548 547
f 547 549 545
f 546 552 548
f 550 546 549
f 550 552 546
f 548 552 547
f 551 549 547
f 547 552 551
f 551 550 549
f 552 550 551
f 554 556 553
f 557 554 553
f 553 556 555
f 555 557 553
f 554 560 556
f 558 554 557
f 558 560 554
f 556 560 555
f 559 557 555
f 555 560 559
f 559 558 557
f 560 558 559

o Rear_Window_Glass
usemtl Glazing
v 3.63200000 -0.67500000 1.71500000
v 3.63200000 -0.67500000 2.56500000
v 3.63200000 0.67500000 1.71500000
v 3.63200000 0.67500000 2.56500000
v 3.64400000 -0.67500000 1.71500000
v 3.64400000 -0.67500000 2.56500000
v 3.64400000 0.67500000 1.71500000
v 3.64400000 0.67500000 2.56500000
f 562 564 561
f 565 562 561
f 561 564 563
f 563 565 561
f 562 568 564
f 566 562 565
f 566 568 562
f 564 568 563
f 567 565 563
f 563 568 567
f 567 566 565
f 568 566 567

o Door_Interior_Shadow
usemtl Interior shadow
v -0.73000000 1.16000000 0.70000000
v -0.73000000 1.16000000 2.64000000
v -0.73000000 1.18000000 0.70000000
v -0.73000000 1.18000000 2.64000000
v 0.73000000 1.16000000 0.70000000
v 0.73000000 1.16000000 2.64000000
v 0.73000000 1.18000000 0.70000000
v 0.73000000 1.18000000 2.64000000
f 570 572 569
f 573 570 569
f 569 572 571
f 571 573 569
f 570 576 572
f 574 570 573
f 574 576 570
f 572 576 571
f 575 573 571
f 571 576 575
f 575 574 573
f 576 574 575

o Siding_Entry_Side
usemtl Siding grooves
v -3.65000000 1.25000000 0.80500000
v -3.65000000 1.25000000 0.81500000
v -3.65000000 1.25800000 0.80500000
v -3.65000000 1.25800000 0.81500000
v -0.75000000 1.25000000 0.80500000
v -0.75000000 1.25000000 0.81500000
v -0.75000000 1.25800000 0.80500000
v -0.75000000 1.25800000 0.81500000
v 0.75000000 1.25000000 0.80500000
v 0.75000000 1.25000000 0.81500000
v 0.75000000 1.25800000 0.80500000
v 0.75000000 1.25800000 0.81500000
v 3.65000000 1.25000000 0.80500000
v 3.65000000 1.25000000 0.81500000
v 3.65000000 1.25800000 0.80500000
v 3.65000000 1.25800000 0.81500000
v -3.65000000 1.25000000 0.99500000
v -3.65000000 1.25000000 1.00500000
v -3.65000000 1.25800000 0.99500000
v -3.65000000 1.25800000 1.00500000
v -0.75000000 1.25000000 0.99500000
v -0.75000000 1.25000000 1.00500000
v -0.75000000 1.25800000 0.99500000
v -0.75000000 1.25800000 1.00500000
v 0.75000000 1.25000000 0.99500000
v 0.75000000 1.25000000 1.00500000
v 0.75000000 1.25800000 0.99500000
v 0.75000000 1.25800000 1.00500000
v 3.65000000 1.25000000 0.99500000
v 3.65000000 1.25000000 1.00500000
v 3.65000000 1.25800000 0.99500000
v 3.65000000 1.25800000 1.00500000
v -3.65000000 1.25000000 1.18500000
v -3.65000000 1.25000000 1.19500000
v -3.65000000 1.25800000 1.18500000
v -3.65000000 1.25800000 1.19500000
v -0.75000000 1.25000000 1.18500000
v -0.75000000 1.25000000 1.19500000
v -0.75000000 1.25800000 1.18500000
v -0.75000000 1.25800000 1.19500000
v 0.75000000 1.25000000 1.18500000
v 0.75000000 1.25000000 1.19500000
v 0.75000000 1.25800000 1.18500000
v 0.75000000 1.25800000 1.19500000
v 3.65000000 1.25000000 1.18500000
v 3.65000000 1.25000000 1.19500000
v 3.65000000 1.25800000 1.18500000
v 3.65000000 1.25800000 1.19500000
v -3.65000000 1.25000000 1.37500000
v -3.65000000 1.25000000 1.38500000
v -3.65000000 1.25800000 1.37500000
v -3.65000000 1.25800000 1.38500000
v -0.75000000 1.25000000 1.37500000
v -0.75000000 1.25000000 1.38500000
v -0.75000000 1.25800000 1.37500000
v -0.75000000 1.25800000 1.38500000
v 0.75000000 1.25000000 1.37500000
v 0.75000000 1.25000000 1.38500000
v 0.75000000 1.25800000 1.37500000
v 0.75000000 1.25800000 1.38500000
v 3.65000000 1.25000000 1.37500000
v 3.65000000 1.25000000 1.38500000
v 3.65000000 1.25800000 1.37500000
v 3.65000000 1.25800000 1.38500000
v -3.65000000 1.25000000 1.56500000
v -3.65000000 1.25000000 1.57500000
v -3.65000000 1.25800000 1.56500000
v -3.65000000 1.25800000 1.57500000
v -0.75000000 1.25000000 1.56500000
v -0.75000000 1.25000000 1.57500000
v -0.75000000 1.25800000 1.56500000
v -0.75000000 1.25800000 1.57500000
v 0.75000000 1.25000000 1.56500000
v 0.75000000 1.25000000 1.57500000
v 0.75000000 1.25800000 1.56500000
v 0.75000000 1.25800000 1.57500000
v 3.65000000 1.25000000 1.56500000
v 3.65000000 1.25000000 1.57500000
v 3.65000000 1.25800000 1.56500000
v 3.65000000 1.25800000 1.57500000
v -3.65000000 1.25000000 1.75500000
v -3.65000000 1.25000000 1.76500000
v -3.65000000 1.25800000 1.75500000
v -3.65000000 1.25800000 1.76500000
v -0.75000000 1.25000000 1.75500000
v -0.75000000 1.25000000 1.76500000
v -0.75000000 1.25800000 1.75500000
v -0.75000000 1.25800000 1.76500000
v 0.75000000 1.25000000 1.75500000
v 0.75000000 1.25000000 1.76500000
v 0.75000000 1.25800000 1.75500000
v 0.75000000 1.25800000 1.76500000
v 3.65000000 1.25000000 1.75500000
v 3.65000000 1.25000000 1.76500000
v 3.65000000 1.25800000 1.75500000
v 3.65000000 1.25800000 1.76500000
v -3.65000000 1.25000000 1.94500000
v -3.65000000 1.25000000 1.95500000
v -3.65000000 1.25800000 1.94500000
v -3.65000000 1.25800000 1.95500000
v -0.75000000 1.25000000 1.94500000
v -0.75000000 1.25000000 1.95500000
v -0.75000000 1.25800000 1.94500000
v -0.75000000 1.25800000 1.95500000
v 0.75000000 1.25000000 1.94500000
v 0.75000000 1.25000000 1.95500000
v 0.75000000 1.25800000 1.94500000
v 0.75000000 1.25800000 1.95500000
v 3.65000000 1.25000000 1.94500000
v 3.65000000 1.25000000 1.95500000
v 3.65000000 1.25800000 1.94500000
v 3.65000000 1.25800000 1.95500000
v -3.65000000 1.25000000 2.13500000
v -3.65000000 1.25000000 2.14500000
v -3.65000000 1.25800000 2.13500000
v -3.65000000 1.25800000 2.14500000
v -0.75000000 1.25000000 2.13500000
v -0.75000000 1.25000000 2.14500000
v -0.75000000 1.25800000 2.13500000
v -0.75000000 1.25800000 2.14500000
v 0.75000000 1.25000000 2.13500000
v 0.75000000 1.25000000 2.14500000
v 0.75000000 1.25800000 2.13500000
v 0.75000000 1.25800000 2.14500000
v 3.65000000 1.25000000 2.13500000
v 3.65000000 1.25000000 2.14500000
v 3.65000000 1.25800000 2.13500000
v 3.65000000 1.25800000 2.14500000
v -3.65000000 1.25000000 2.32500000
v -3.65000000 1.25000000 2.33500000
v -3.65000000 1.25800000 2.32500000
v -3.65000000 1.25800000 2.33500000
v -0.75000000 1.25000000 2.32500000
v -0.75000000 1.25000000 2.33500000
v -0.75000000 1.25800000 2.32500000
v -0.75000000 1.25800000 2.33500000
v 0.75000000 1.25000000 2.32500000
v 0.75000000 1.25000000 2.33500000
v 0.75000000 1.25800000 2.32500000
v 0.75000000 1.25800000 2.33500000
v 3.65000000 1.25000000 2.32500000
v 3.65000000 1.25000000 2.33500000
v 3.65000000 1.25800000 2.32500000
v 3.65000000 1.25800000 2.33500000
v -3.65000000 1.25000000 2.51500000
v -3.65000000 1.25000000 2.52500000
v -3.65000000 1.25800000 2.51500000
v -3.65000000 1.25800000 2.52500000
v -0.75000000 1.25000000 2.51500000
v -0.75000000 1.25000000 2.52500000
v -0.75000000 1.25800000 2.51500000
v -0.75000000 1.25800000 2.52500000
v 0.75000000 1.25000000 2.51500000
v 0.75000000 1.25000000 2.52500000
v 0.75000000 1.25800000 2.51500000
v 0.75000000 1.25800000 2.52500000
v 3.65000000 1.25000000 2.51500000
v 3.65000000 1.25000000 2.52500000
v 3.65000000 1.25800000 2.51500000
v 3.65000000 1.25800000 2.52500000
v -3.65000000 1.25000000 2.70500000
v -3.65000000 1.25000000 2.71500000
v -3.65000000 1.25800000 2.70500000
v -3.65000000 1.25800000 2.71500000
v 3.65000000 1.25000000 2.70500000
v 3.65000000 1.25000000 2.71500000
v 3.65000000 1.25800000 2.70500000
v 3.65000000 1.25800000 2.71500000
v -3.65000000 1.25000000 2.89500000
v -3.65000000 1.25000000 2.90500000
v -3.65000000 1.25800000 2.89500000
v -3.65000000 1.25800000 2.90500000
v 3.65000000 1.25000000 2.89500000
v 3.65000000 1.25000000 2.90500000
v 3.65000000 1.25800000 2.89500000
v 3.65000000 1.25800000 2.90500000
v -3.65000000 1.25000000 3.08500000
v -3.65000000 1.25000000 3.09500000
v -3.65000000 1.25800000 3.08500000
v -3.65000000 1.25800000 3.09500000
v 3.65000000 1.25000000 3.08500000
v 3.65000000 1.25000000 3.09500000
v 3.65000000 1.25800000 3.08500000
v 3.65000000 1.25800000 3.09500000
f 578 580 577
f 581 578 577
f 577 580 579
f 579 581 577
f 578 584 580
f 582 578 581
f 582 584 578
f 580 584 579
f 583 581 579
f 579 584 583
f 583 582 581
f 584 582 583
f 586 588 585
f 589 586 585
f 585 588 587
f 587 589 585
f 586 592 588
f 590 586 589
f 590 592 586
f 588 592 587
f 591 589 587
f 587 592 591
f 591 590 589
f 592 590 591
f 594 596 593
f 597 594 593
f 593 596 595
f 595 597 593
f 594 600 596
f 598 594 597
f 598 600 594
f 596 600 595
f 599 597 595
f 595 600 599
f 599 598 597
f 600 598 599
f 602 604 601
f 605 602 601
f 601 604 603
f 603 605 601
f 602 608 604
f 606 602 605
f 606 608 602
f 604 608 603
f 607 605 603
f 603 608 607
f 607 606 605
f 608 606 607
f 610 612 609
f 613 610 609
f 609 612 611
f 611 613 609
f 610 616 612
f 614 610 613
f 614 616 610
f 612 616 611
f 615 613 611
f 611 616 615
f 615 614 613
f 616 614 615
f 618 620 617
f 621 618 617
f 617 620 619
f 619 621 617
f 618 624 620
f 622 618 621
f 622 624 618
f 620 624 619
f 623 621 619
f 619 624 623
f 623 622 621
f 624 622 623
f 626 628 625
f 629 626 625
f 625 628 627
f 627 629 625
f 626 632 628
f 630 626 629
f 630 632 626
f 628 632 627
f 631 629 627
f 627 632 631
f 631 630 629
f 632 630 631
f 634 636 633
f 637 634 633
f 633 636 635
f 635 637 633
f 634 640 636
f 638 634 637
f 638 640 634
f 636 640 635
f 639 637 635
f 635 640 639
f 639 638 637
f 640 638 639
f 642 644 641
f 645 642 641
f 641 644 643
f 643 645 641
f 642 648 644
f 646 642 645
f 646 648 642
f 644 648 643
f 647 645 643
f 643 648 647
f 647 646 645
f 648 646 647
f 650 652 649
f 653 650 649
f 649 652 651
f 651 653 649
f 650 656 652
f 654 650 653
f 654 656 650
f 652 656 651
f 655 653 651
f 651 656 655
f 655 654 653
f 656 654 655
f 658 660 657
f 661 658 657
f 657 660 659
f 659 661 657
f 658 664 660
f 662 658 661
f 662 664 658
f 660 664 659
f 663 661 659
f 659 664 663
f 663 662 661
f 664 662 663
f 666 668 665
f 669 666 665
f 665 668 667
f 667 669 665
f 666 672 668
f 670 666 669
f 670 672 666
f 668 672 667
f 671 669 667
f 667 672 671
f 671 670 669
f 672 670 671
f 674 676 673
f 677 674 673
f 673 676 675
f 675 677 673
f 674 680 676
f 678 674 677
f 678 680 674
f 676 680 675
f 679 677 675
f 675 680 679
f 679 678 677
f 680 678 679
f 682 684 681
f 685 682 681
f 681 684 683
f 683 685 681
f 682 688 684
f 686 682 685
f 686 688 682
f 684 688 683
f 687 685 683
f 683 688 687
f 687 686 685
f 688 686 687
f 690 692 689
f 693 690 689
f 689 692 691
f 691 693 689
f 690 696 692
f 694 690 693
f 694 696 690
f 692 696 691
f 695 693 691
f 691 696 695
f 695 694 693
f 696 694 695
f 698 700 697
f 701 698 697
f 697 700 699
f 699 701 697
f 698 704 700
f 702 698 701
f 702 704 698
f 700 704 699
f 703 701 699
f 699 704 703
f 703 702 701
f 704 702 703
f 706 708 705
f 709 706 705
f 705 708 707
f 707 709 705
f 706 712 708
f 710 706 709
f 710 712 706
f 708 712 707
f 711 709 707
f 707 712 711
f 711 710 709
f 712 710 711
f 714 716 713
f 717 714 713
f 713 716 715
f 715 717 713
f 714 720 716
f 718 714 717
f 718 720 714
f 716 720 715
f 719 717 715
f 715 720 719
f 719 718 717
f 720 718 719
f 722 724 721
f 725 722 721
f 721 724 723
f 723 725 721
f 722 728 724
f 726 722 725
f 726 728 722
f 724 728 723
f 727 725 723
f 723 728 727
f 727 726 725
f 728 726 727
f 730 732 729
f 733 730 729
f 729 732 731
f 731 733 729
f 730 736 732
f 734 730 733
f 734 736 730
f 732 736 731
f 735 733 731
f 731 736 735
f 735 734 733
f 736 734 735
f 738 740 737
f 741 738 737
f 737 740 739
f 739 741 737
f 738 744 740
f 742 738 741
f 742 744 738
f 740 744 739
f 743 741 739
f 739 744 743
f 743 742 741
f 744 742 743
f 746 748 745
f 749 746 745
f 745 748 747
f 747 749 745
f 746 752 748
f 750 746 749
f 750 752 746
f 748 752 747
f 751 749 747
f 747 752 751
f 751 750 749
f 752 750 751
f 754 756 753
f 757 754 753
f 753 756 755
f 755 757 753
f 754 760 756
f 758 754 757
f 758 760 754
f 756 760 755
f 759 757 755
f 755 760 759
f 759 758 757
f 760 758 759

o Siding_Window_Side
usemtl Siding grooves
v -3.65000000 -1.25800000 0.80500000
v -3.65000000 -1.25800000 0.81500000
v -3.65000000 -1.25000000 0.80500000
v -3.65000000 -1.25000000 0.81500000
v 3.65000000 -1.25800000 0.80500000
v 3.65000000 -1.25800000 0.81500000
v 3.65000000 -1.25000000 0.80500000
v 3.65000000 -1.25000000 0.81500000
v -3.65000000 -1.25800000 0.99500000
v -3.65000000 -1.25800000 1.00500000
v -3.65000000 -1.25000000 0.99500000
v -3.65000000 -1.25000000 1.00500000
v 3.65000000 -1.25800000 0.99500000
v 3.65000000 -1.25800000 1.00500000
v 3.65000000 -1.25000000 0.99500000
v 3.65000000 -1.25000000 1.00500000
v -3.65000000 -1.25800000 1.18500000
v -3.65000000 -1.25800000 1.19500000
v -3.65000000 -1.25000000 1.18500000
v -3.65000000 -1.25000000 1.19500000
v 3.65000000 -1.25800000 1.18500000
v 3.65000000 -1.25800000 1.19500000
v 3.65000000 -1.25000000 1.18500000
v 3.65000000 -1.25000000 1.19500000
v -3.65000000 -1.25800000 1.37500000
v -3.65000000 -1.25800000 1.38500000
v -3.65000000 -1.25000000 1.37500000
v -3.65000000 -1.25000000 1.38500000
v 3.65000000 -1.25800000 1.37500000
v 3.65000000 -1.25800000 1.38500000
v 3.65000000 -1.25000000 1.37500000
v 3.65000000 -1.25000000 1.38500000
v -3.65000000 -1.25800000 1.56500000
v -3.65000000 -1.25800000 1.57500000
v -3.65000000 -1.25000000 1.56500000
v -3.65000000 -1.25000000 1.57500000
v 3.65000000 -1.25800000 1.56500000
v 3.65000000 -1.25800000 1.57500000
v 3.65000000 -1.25000000 1.56500000
v 3.65000000 -1.25000000 1.57500000
v -3.65000000 -1.25800000 1.75500000
v -3.65000000 -1.25800000 1.76500000
v -3.65000000 -1.25000000 1.75500000
v -3.65000000 -1.25000000 1.76500000
v -0.45000000 -1.25800000 1.75500000
v -0.45000000 -1.25800000 1.76500000
v -0.45000000 -1.25000000 1.75500000
v -0.45000000 -1.25000000 1.76500000
v 1.15000000 -1.25800000 1.75500000
v 1.15000000 -1.25800000 1.76500000
v 1.15000000 -1.25000000 1.75500000
v 1.15000000 -1.25000000 1.76500000
v 3.65000000 -1.25800000 1.75500000
v 3.65000000 -1.25800000 1.76500000
v 3.65000000 -1.25000000 1.75500000
v 3.65000000 -1.25000000 1.76500000
v -3.65000000 -1.25800000 1.94500000
v -3.65000000 -1.25800000 1.95500000
v -3.65000000 -1.25000000 1.94500000
v -3.65000000 -1.25000000 1.95500000
v -0.45000000 -1.25800000 1.94500000
v -0.45000000 -1.25800000 1.95500000
v -0.45000000 -1.25000000 1.94500000
v -0.45000000 -1.25000000 1.95500000
v 1.15000000 -1.25800000 1.94500000
v 1.15000000 -1.25800000 1.95500000
v 1.15000000 -1.25000000 1.94500000
v 1.15000000 -1.25000000 1.95500000
v 3.65000000 -1.25800000 1.94500000
v 3.65000000 -1.25800000 1.95500000
v 3.65000000 -1.25000000 1.94500000
v 3.65000000 -1.25000000 1.95500000
v -3.65000000 -1.25800000 2.13500000
v -3.65000000 -1.25800000 2.14500000
v -3.65000000 -1.25000000 2.13500000
v -3.65000000 -1.25000000 2.14500000
v -0.45000000 -1.25800000 2.13500000
v -0.45000000 -1.25800000 2.14500000
v -0.45000000 -1.25000000 2.13500000
v -0.45000000 -1.25000000 2.14500000
v 1.15000000 -1.25800000 2.13500000
v 1.15000000 -1.25800000 2.14500000
v 1.15000000 -1.25000000 2.13500000
v 1.15000000 -1.25000000 2.14500000
v 3.65000000 -1.25800000 2.13500000
v 3.65000000 -1.25800000 2.14500000
v 3.65000000 -1.25000000 2.13500000
v 3.65000000 -1.25000000 2.14500000
v -3.65000000 -1.25800000 2.32500000
v -3.65000000 -1.25800000 2.33500000
v -3.65000000 -1.25000000 2.32500000
v -3.65000000 -1.25000000 2.33500000
v -0.45000000 -1.25800000 2.32500000
v -0.45000000 -1.25800000 2.33500000
v -0.45000000 -1.25000000 2.32500000
v -0.45000000 -1.25000000 2.33500000
v 1.15000000 -1.25800000 2.32500000
v 1.15000000 -1.25800000 2.33500000
v 1.15000000 -1.25000000 2.32500000
v 1.15000000 -1.25000000 2.33500000
v 3.65000000 -1.25800000 2.32500000
v 3.65000000 -1.25800000 2.33500000
v 3.65000000 -1.25000000 2.32500000
v 3.65000000 -1.25000000 2.33500000
v -3.65000000 -1.25800000 2.51500000
v -3.65000000 -1.25800000 2.52500000
v -3.65000000 -1.25000000 2.51500000
v -3.65000000 -1.25000000 2.52500000
v -0.45000000 -1.25800000 2.51500000
v -0.45000000 -1.25800000 2.52500000
v -0.45000000 -1.25000000 2.51500000
v -0.45000000 -1.25000000 2.52500000
v 1.15000000 -1.25800000 2.51500000
v 1.15000000 -1.25800000 2.52500000
v 1.15000000 -1.25000000 2.51500000
v 1.15000000 -1.25000000 2.52500000
v 3.65000000 -1.25800000 2.51500000
v 3.65000000 -1.25800000 2.52500000
v 3.65000000 -1.25000000 2.51500000
v 3.65000000 -1.25000000 2.52500000
v -3.65000000 -1.25800000 2.70500000
v -3.65000000 -1.25800000 2.71500000
v -3.65000000 -1.25000000 2.70500000
v -3.65000000 -1.25000000 2.71500000
v 3.65000000 -1.25800000 2.70500000
v 3.65000000 -1.25800000 2.71500000
v 3.65000000 -1.25000000 2.70500000
v 3.65000000 -1.25000000 2.71500000
v -3.65000000 -1.25800000 2.89500000
v -3.65000000 -1.25800000 2.90500000
v -3.65000000 -1.25000000 2.89500000
v -3.65000000 -1.25000000 2.90500000
v 3.65000000 -1.25800000 2.89500000
v 3.65000000 -1.25800000 2.90500000
v 3.65000000 -1.25000000 2.89500000
v 3.65000000 -1.25000000 2.90500000
v -3.65000000 -1.25800000 3.08500000
v -3.65000000 -1.25800000 3.09500000
v -3.65000000 -1.25000000 3.08500000
v -3.65000000 -1.25000000 3.09500000
v 3.65000000 -1.25800000 3.08500000
v 3.65000000 -1.25800000 3.09500000
v 3.65000000 -1.25000000 3.08500000
v 3.65000000 -1.25000000 3.09500000
f 762 764 761
f 765 762 761
f 761 764 763
f 763 765 761
f 762 768 764
f 766 762 765
f 766 768 762
f 764 768 763
f 767 765 763
f 763 768 767
f 767 766 765
f 768 766 767
f 770 772 769
f 773 770 769
f 769 772 771
f 771 773 769
f 770 776 772
f 774 770 773
f 774 776 770
f 772 776 771
f 775 773 771
f 771 776 775
f 775 774 773
f 776 774 775
f 778 780 777
f 781 778 777
f 777 780 779
f 779 781 777
f 778 784 780
f 782 778 781
f 782 784 778
f 780 784 779
f 783 781 779
f 779 784 783
f 783 782 781
f 784 782 783
f 786 788 785
f 789 786 785
f 785 788 787
f 787 789 785
f 786 792 788
f 790 786 789
f 790 792 786
f 788 792 787
f 791 789 787
f 787 792 791
f 791 790 789
f 792 790 791
f 794 796 793
f 797 794 793
f 793 796 795
f 795 797 793
f 794 800 796
f 798 794 797
f 798 800 794
f 796 800 795
f 799 797 795
f 795 800 799
f 799 798 797
f 800 798 799
f 802 804 801
f 805 802 801
f 801 804 803
f 803 805 801
f 802 808 804
f 806 802 805
f 806 808 802
f 804 808 803
f 807 805 803
f 803 808 807
f 807 806 805
f 808 806 807
f 810 812 809
f 813 810 809
f 809 812 811
f 811 813 809
f 810 816 812
f 814 810 813
f 814 816 810
f 812 816 811
f 815 813 811
f 811 816 815
f 815 814 813
f 816 814 815
f 818 820 817
f 821 818 817
f 817 820 819
f 819 821 817
f 818 824 820
f 822 818 821
f 822 824 818
f 820 824 819
f 823 821 819
f 819 824 823
f 823 822 821
f 824 822 823
f 826 828 825
f 829 826 825
f 825 828 827
f 827 829 825
f 826 832 828
f 830 826 829
f 830 832 826
f 828 832 827
f 831 829 827
f 827 832 831
f 831 830 829
f 832 830 831
f 834 836 833
f 837 834 833
f 833 836 835
f 835 837 833
f 834 840 836
f 838 834 837
f 838 840 834
f 836 840 835
f 839 837 835
f 835 840 839
f 839 838 837
f 840 838 839
f 842 844 841
f 845 842 841
f 841 844 843
f 843 845 841
f 842 848 844
f 846 842 845
f 846 848 842
f 844 848 843
f 847 845 843
f 843 848 847
f 847 846 845
f 848 846 847
f 850 852 849
f 853 850 849
f 849 852 851
f 851 853 849
f 850 856 852
f 854 850 853
f 854 856 850
f 852 856 851
f 855 853 851
f 851 856 855
f 855 854 853
f 856 854 855
f 858 860 857
f 861 858 857
f 857 860 859
f 859 861 857
f 858 864 860
f 862 858 861
f 862 864 858
f 860 864 859
f 863 861 859
f 859 864 863
f 863 862 861
f 864 862 863
f 866 868 865
f 869 866 865
f 865 868 867
f 867 869 865
f 866 872 868
f 870 866 869
f 870 872 866
f 868 872 867
f 871 869 867
f 867 872 871
f 871 870 869
f 872 870 871
f 874 876 873
f 877 874 873
f 873 876 875
f 875 877 873
f 874 880 876
f 878 874 877
f 878 880 874
f 876 880 875
f 879 877 875
f 875 880 879
f 879 878 877
f 880 878 879
f 882 884 881
f 885 882 881
f 881 884 883
f 883 885 881
f 882 888 884
f 886 882 885
f 886 888 882
f 884 888 883
f 887 885 883
f 883 888 887
f 887 886 885
f 888 886 887
f 890 892 889
f 893 890 889
f 889 892 891
f 891 893 889
f 890 896 892
f 894 890 893
f 894 896 890
f 892 896 891
f 895 893 891
f 891 896 895
f 895 894 893
f 896 894 895
f 898 900 897
f 901 898 897
f 897 900 899
f 899 901 897
f 898 904 900
f 902 898 901
f 902 904 898
f 900 904 899
f 903 901 899
f 899 904 903
f 903 902 901
f 904 902 903

o Siding_Raised_Entry
usemtl Siding grooves
v -3.10000000 1.25000000 3.34200000
v -3.10000000 1.25000000 3.35200000
v -3.10000000 1.25800000 3.34200000
v -3.10000000 1.25800000 3.35200000
v 1.58000000 1.25000000 3.34200000
v 1.58000000 1.25000000 3.35200000
v 1.58000000 1.25800000 3.34200000
v 1.58000000 1.25800000 3.35200000
v -3.10000000 1.25000000 3.53200000
v -3.10000000 1.25000000 3.54200000
v -3.10000000 1.25800000 3.53200000
v -3.10000000 1.25800000 3.54200000
v 1.58000000 1.25000000 3.53200000
v 1.58000000 1.25000000 3.54200000
v 1.58000000 1.25800000 3.53200000
v 1.58000000 1.25800000 3.54200000
v -3.10000000 1.25000000 3.72200000
v -3.10000000 1.25000000 3.73200000
v -3.10000000 1.25800000 3.72200000
v -3.10000000 1.25800000 3.73200000
v 1.58000000 1.25000000 3.72200000
v 1.58000000 1.25000000 3.73200000
v 1.58000000 1.25800000 3.72200000
v 1.58000000 1.25800000 3.73200000
f 906 908 905
f 909 906 905
f 905 908 907
f 907 909 905
f 906 912 908
f 910 906 909
f 910 912 906
f 908 912 907
f 911 909 907
f 907 912 911
f 911 910 909
f 912 910 911
f 914 916 913
f 917 914 913
f 913 916 915
f 915 917 913
f 914 920 916
f 918 914 917
f 918 920 914
f 916 920 915
f 919 917 915
f 915 920 919
f 919 918 917
f 920 918 919
f 922 924 921
f 925 922 921
f 921 924 923
f 923 925 921
f 922 928 924
f 926 922 925
f 926 928 922
f 924 928 923
f 927 925 923
f 923 928 927
f 927 926 925
f 928 926 927

o Siding_Raised_Window
usemtl Siding grooves
v -3.10000000 -1.25800000 3.34200000
v -3.10000000 -1.25800000 3.35200000
v -3.10000000 -1.25000000 3.34200000
v -3.10000000 -1.25000000 3.35200000
v -2.55000000 -1.25800000 3.34200000
v -2.55000000 -1.25800000 3.35200000
v -2.55000000 -1.25000000 3.34200000
v -2.55000000 -1.25000000 3.35200000
v -1.05000000 -1.25800000 3.34200000
v -1.05000000 -1.25800000 3.35200000
v -1.05000000 -1.25000000 3.34200000
v -1.05000000 -1.25000000 3.35200000
v 1.58000000 -1.25800000 3.34200000
v 1.58000000 -1.25800000 3.35200000
v 1.58000000 -1.25000000 3.34200000
v 1.58000000 -1.25000000 3.35200000
v -3.10000000 -1.25800000 3.53200000
v -3.10000000 -1.25800000 3.54200000
v -3.10000000 -1.25000000 3.53200000
v -3.10000000 -1.25000000 3.54200000
v -2.55000000 -1.25800000 3.53200000
v -2.55000000 -1.25800000 3.54200000
v -2.55000000 -1.25000000 3.53200000
v -2.55000000 -1.25000000 3.54200000
v -1.05000000 -1.25800000 3.53200000
v -1.05000000 -1.25800000 3.54200000
v -1.05000000 -1.25000000 3.53200000
v -1.05000000 -1.25000000 3.54200000
v 1.58000000 -1.25800000 3.53200000
v 1.58000000 -1.25800000 3.54200000
v 1.58000000 -1.25000000 3.53200000
v 1.58000000 -1.25000000 3.54200000
v -3.10000000 -1.25800000 3.72200000
v -3.10000000 -1.25800000 3.73200000
v -3.10000000 -1.25000000 3.72200000
v -3.10000000 -1.25000000 3.73200000
v -2.55000000 -1.25800000 3.72200000
v -2.55000000 -1.25800000 3.73200000
v -2.55000000 -1.25000000 3.72200000
v -2.55000000 -1.25000000 3.73200000
v -1.05000000 -1.25800000 3.72200000
v -1.05000000 -1.25800000 3.73200000
v -1.05000000 -1.25000000 3.72200000
v -1.05000000 -1.25000000 3.73200000
v 1.58000000 -1.25800000 3.72200000
v 1.58000000 -1.25800000 3.73200000
v 1.58000000 -1.25000000 3.72200000
v 1.58000000 -1.25000000 3.73200000
f 930 932 929
f 933 930 929
f 929 932 931
f 931 933 929
f 930 936 932
f 934 930 933
f 934 936 930
f 932 936 931
f 935 933 931
f 931 936 935
f 935 934 933
f 936 934 935
f 938 940 937
f 941 938 937
f 937 940 939
f 939 941 937
f 938 944 940
f 942 938 941
f 942 944 938
f 940 944 939
f 943 941 939
f 939 944 943
f 943 942 941
f 944 942 943
f 946 948 945
f 949 946 945
f 945 948 947
f 947 949 945
f 946 952 948
f 950 946 949
f 950 952 946
f 948 952 947
f 951 949 947
f 947 952 951
f 951 950 949
f 952 950 951
f 954 956 953
f 957 954 953
f 953 956 955
f 955 957 953
f 954 960 956
f 958 954 957
f 958 960 954
f 956 960 955
f 959 957 955
f 955 960 959
f 959 958 957
f 960 958 959
f 962 964 961
f 965 962 961
f 961 964 963
f 963 965 961
f 962 968 964
f 966 962 965
f 966 968 962
f 964 968 963
f 967 965 963
f 963 968 967
f 967 966 965
f 968 966 967
f 970 972 969
f 973 970 969
f 969 972 971
f 971 973 969
f 970 976 972
f 974 970 973
f 974 976 970
f 972 976 971
f 975 973 971
f 971 976 975
f 975 974 973
f 976 974 975

o Siding_Front
usemtl Siding grooves
v -3.65000000 -1.25000000 0.80500000
v -3.65000000 -1.25000000 0.81500000
v -3.65000000 1.25000000 0.80500000
v -3.65000000 1.25000000 0.81500000
v -3.64200000 -1.25000000 0.80500000
v -3.64200000 -1.25000000 0.81500000
v -3.64200000 1.25000000 0.80500000
v -3.64200000 1.25000000 0.81500000
v -3.65000000 -1.25000000 0.99500000
v -3.65000000 -1.25000000 1.00500000
v -3.65000000 1.25000000 0.99500000
v -3.65000000 1.25000000 1.00500000
v -3.64200000 -1.25000000 0.99500000
v -3.64200000 -1.25000000 1.00500000
v -3.64200000 1.25000000 0.99500000
v -3.64200000 1.25000000 1.00500000
v -3.65000000 -1.25000000 1.18500000
v -3.65000000 -1.25000000 1.19500000
v -3.65000000 1.25000000 1.18500000
v -3.65000000 1.25000000 1.19500000
v -3.64200000 -1.25000000 1.18500000
v -3.64200000 -1.25000000 1.19500000
v -3.64200000 1.25000000 1.18500000
v -3.64200000 1.25000000 1.19500000
v -3.65000000 -1.25000000 1.37500000
v -3.65000000 -1.25000000 1.38500000
v -3.65000000 1.25000000 1.37500000
v -3.65000000 1.25000000 1.38500000
v -3.64200000 -1.25000000 1.37500000
v -3.64200000 -1.25000000 1.38500000
v -3.64200000 1.25000000 1.37500000
v -3.64200000 1.25000000 1.38500000
v -3.65000000 -1.25000000 1.56500000
v -3.65000000 -1.25000000 1.57500000
v -3.65000000 1.25000000 1.56500000
v -3.65000000 1.25000000 1.57500000
v -3.64200000 -1.25000000 1.56500000
v -3.64200000 -1.25000000 1.57500000
v -3.64200000 1.25000000 1.56500000
v -3.64200000 1.25000000 1.57500000
v -3.65000000 -1.25000000 1.75500000
v -3.65000000 -1.25000000 1.76500000
v -3.65000000 1.25000000 1.75500000
v -3.65000000 1.25000000 1.76500000
v -3.64200000 -1.25000000 1.75500000
v -3.64200000 -1.25000000 1.76500000
v -3.64200000 1.25000000 1.75500000
v -3.64200000 1.25000000 1.76500000
v -3.65000000 -1.25000000 1.94500000
v -3.65000000 -1.25000000 1.95500000
v -3.65000000 1.25000000 1.94500000
v -3.65000000 1.25000000 1.95500000
v -3.64200000 -1.25000000 1.94500000
v -3.64200000 -1.25000000 1.95500000
v -3.64200000 1.25000000 1.94500000
v -3.64200000 1.25000000 1.95500000
v -3.65000000 -1.25000000 2.13500000
v -3.65000000 -1.25000000 2.14500000
v -3.65000000 1.25000000 2.13500000
v -3.65000000 1.25000000 2.14500000
v -3.64200000 -1.25000000 2.13500000
v -3.64200000 -1.25000000 2.14500000
v -3.64200000 1.25000000 2.13500000
v -3.64200000 1.25000000 2.14500000
v -3.65000000 -1.25000000 2.32500000
v -3.65000000 -1.25000000 2.33500000
v -3.65000000 1.25000000 2.32500000
v -3.65000000 1.25000000 2.33500000
v -3.64200000 -1.25000000 2.32500000
v -3.64200000 -1.25000000 2.33500000
v -3.64200000 1.25000000 2.32500000
v -3.64200000 1.25000000 2.33500000
v -3.65000000 -1.25000000 2.51500000
v -3.65000000 -1.25000000 2.52500000
v -3.65000000 1.25000000 2.51500000
v -3.65000000 1.25000000 2.52500000
v -3.64200000 -1.25000000 2.51500000
v -3.64200000 -1.25000000 2.52500000
v -3.64200000 1.25000000 2.51500000
v -3.64200000 1.25000000 2.52500000
v -3.65000000 -1.25000000 2.70500000
v -3.65000000 -1.25000000 2.71500000
v -3.65000000 1.25000000 2.70500000
v -3.65000000 1.25000000 2.71500000
v -3.64200000 -1.25000000 2.70500000
v -3.64200000 -1.25000000 2.71500000
v -3.64200000 1.25000000 2.70500000
v -3.64200000 1.25000000 2.71500000
v -3.65000000 -1.25000000 2.89500000
v -3.65000000 -1.25000000 2.90500000
v -3.65000000 1.25000000 2.89500000
v -3.65000000 1.25000000 2.90500000
v -3.64200000 -1.25000000 2.89500000
v -3.64200000 -1.25000000 2.90500000
v -3.64200000 1.25000000 2.89500000
v -3.64200000 1.25000000 2.90500000
v -3.65000000 -1.25000000 3.08500000
v -3.65000000 -1.25000000 3.09500000
v -3.65000000 1.25000000 3.08500000
v -3.65000000 1.25000000 3.09500000
v -3.64200000 -1.25000000 3.08500000
v -3.64200000 -1.25000000 3.09500000
v -3.64200000 1.25000000 3.08500000
v -3.64200000 1.25000000 3.09500000
f 978 980 977
f 981 978 977
f 977 980 979
f 979 981 977
f 978 984 980
f 982 978 981
f 982 984 978
f 980 984 979
f 983 981 979
f 979 984 983
f 983 982 981
f 984 982 983
f 986 988 985
f 989 986 985
f 985 988 987
f 987 989 985
f 986 992 988
f 990 986 989
f 990 992 986
f 988 992 987
f 991 989 987
f 987 992 991
f 991 990 989
f 992 990 991
f 994 996 993
f 997 994 993
f 993 996 995
f 995 997 993
f 994 1000 996
f 998 994 997
f 998 1000 994
f 996 1000 995
f 999 997 995
f 995 1000 999
f 999 998 997
f 1000 998 999
f 1002 1004 1001
f 1005 1002 1001
f 1001 1004 1003
f 1003 1005 1001
f 1002 1008 1004
f 1006 1002 1005
f 1006 1008 1002
f 1004 1008 1003
f 1007 1005 1003
f 1003 1008 1007
f 1007 1006 1005
f 1008 1006 1007
f 1010 1012 1009
f 1013 1010 1009
f 1009 1012 1011
f 1011 1013 1009
f 1010 1016 1012
f 1014 1010 1013
f 1014 1016 1010
f 1012 1016 1011
f 1015 1013 1011
f 1011 1016 1015
f 1015 1014 1013
f 1016 1014 1015
f 1018 1020 1017
f 1021 1018 1017
f 1017 1020 1019
f 1019 1021 1017
f 1018 1024 1020
f 1022 1018 1021
f 1022 1024 1018
f 1020 1024 1019
f 1023 1021 1019
f 1019 1024 1023
f 1023 1022 1021
f 1024 1022 1023
f 1026 1028 1025
f 1029 1026 1025
f 1025 1028 1027
f 1027 1029 1025
f 1026 1032 1028
f 1030 1026 1029
f 1030 1032 1026
f 1028 1032 1027
f 1031 1029 1027
f 1027 1032 1031
f 1031 1030 1029
f 1032 1030 1031
f 1034 1036 1033
f 1037 1034 1033
f 1033 1036 1035
f 1035 1037 1033
f 1034 1040 1036
f 1038 1034 1037
f 1038 1040 1034
f 1036 1040 1035
f 1039 1037 1035
f 1035 1040 1039
f 1039 1038 1037
f 1040 1038 1039
f 1042 1044 1041
f 1045 1042 1041
f 1041 1044 1043
f 1043 1045 1041
f 1042 1048 1044
f 1046 1042 1045
f 1046 1048 1042
f 1044 1048 1043
f 1047 1045 1043
f 1043 1048 1047
f 1047 1046 1045
f 1048 1046 1047
f 1050 1052 1049
f 1053 1050 1049
f 1049 1052 1051
f 1051 1053 1049
f 1050 1056 1052
f 1054 1050 1053
f 1054 1056 1050
f 1052 1056 1051
f 1055 1053 1051
f 1051 1056 1055
f 1055 1054 1053
f 1056 1054 1055
f 1058 1060 1057
f 1061 1058 1057
f 1057 1060 1059
f 1059 1061 1057
f 1058 1064 1060
f 1062 1058 1061
f 1062 1064 1058
f 1060 1064 1059
f 1063 1061 1059
f 1059 1064 1063
f 1063 1062 1061
f 1064 1062 1063
f 1066 1068 1065
f 1069 1066 1065
f 1065 1068 1067
f 1067 1069 1065
f 1066 1072 1068
f 1070 1066 1069
f 1070 1072 1066
f 1068 1072 1067
f 1071 1069 1067
f 1067 1072 1071
f 1071 1070 1069
f 1072 1070 1071
f 1074 1076 1073
f 1077 1074 1073
f 1073 1076 1075
f 1075 1077 1073
f 1074 1080 1076
f 1078 1074 1077
f 1078 1080 1074
f 1076 1080 1075
f 1079 1077 1075
f 1075 1080 1079
f 1079 1078 1077
f 1080 1078 1079

o Siding_Rear
usemtl Siding grooves
v 3.64200000 -1.25000000 0.80500000
v 3.64200000 -1.25000000 0.81500000
v 3.64200000 1.25000000 0.80500000
v 3.64200000 1.25000000 0.81500000
v 3.65000000 -1.25000000 0.80500000
v 3.65000000 -1.25000000 0.81500000
v 3.65000000 1.25000000 0.80500000
v 3.65000000 1.25000000 0.81500000
v 3.64200000 -1.25000000 0.99500000
v 3.64200000 -1.25000000 1.00500000
v 3.64200000 1.25000000 0.99500000
v 3.64200000 1.25000000 1.00500000
v 3.65000000 -1.25000000 0.99500000
v 3.65000000 -1.25000000 1.00500000
v 3.65000000 1.25000000 0.99500000
v 3.65000000 1.25000000 1.00500000
v 3.64200000 -1.25000000 1.18500000
v 3.64200000 -1.25000000 1.19500000
v 3.64200000 1.25000000 1.18500000
v 3.64200000 1.25000000 1.19500000
v 3.65000000 -1.25000000 1.18500000
v 3.65000000 -1.25000000 1.19500000
v 3.65000000 1.25000000 1.18500000
v 3.65000000 1.25000000 1.19500000
v 3.64200000 -1.25000000 1.37500000
v 3.64200000 -1.25000000 1.38500000
v 3.64200000 1.25000000 1.37500000
v 3.64200000 1.25000000 1.38500000
v 3.65000000 -1.25000000 1.37500000
v 3.65000000 -1.25000000 1.38500000
v 3.65000000 1.25000000 1.37500000
v 3.65000000 1.25000000 1.38500000
v 3.64200000 -1.25000000 1.56500000
v 3.64200000 -1.25000000 1.57500000
v 3.64200000 1.25000000 1.56500000
v 3.64200000 1.25000000 1.57500000
v 3.65000000 -1.25000000 1.56500000
v 3.65000000 -1.25000000 1.57500000
v 3.65000000 1.25000000 1.56500000
v 3.65000000 1.25000000 1.57500000
v 3.64200000 -1.25000000 1.75500000
v 3.64200000 -1.25000000 1.76500000
v 3.64200000 -0.75000000 1.75500000
v 3.64200000 -0.75000000 1.76500000
v 3.65000000 -1.25000000 1.75500000
v 3.65000000 -1.25000000 1.76500000
v 3.65000000 -0.75000000 1.75500000
v 3.65000000 -0.75000000 1.76500000
v 3.64200000 0.75000000 1.75500000
v 3.64200000 0.75000000 1.76500000
v 3.64200000 1.25000000 1.75500000
v 3.64200000 1.25000000 1.76500000
v 3.65000000 0.75000000 1.75500000
v 3.65000000 0.75000000 1.76500000
v 3.65000000 1.25000000 1.75500000
v 3.65000000 1.25000000 1.76500000
v 3.64200000 -1.25000000 1.94500000
v 3.64200000 -1.25000000 1.95500000
v 3.64200000 -0.75000000 1.94500000
v 3.64200000 -0.75000000 1.95500000
v 3.65000000 -1.25000000 1.94500000
v 3.65000000 -1.25000000 1.95500000
v 3.65000000 -0.75000000 1.94500000
v 3.65000000 -0.75000000 1.95500000
v 3.64200000 0.75000000 1.94500000
v 3.64200000 0.75000000 1.95500000
v 3.64200000 1.25000000 1.94500000
v 3.64200000 1.25000000 1.95500000
v 3.65000000 0.75000000 1.94500000
v 3.65000000 0.75000000 1.95500000
v 3.65000000 1.25000000 1.94500000
v 3.65000000 1.25000000 1.95500000
v 3.64200000 -1.25000000 2.13500000
v 3.64200000 -1.25000000 2.14500000
v 3.64200000 -0.75000000 2.13500000
v 3.64200000 -0.75000000 2.14500000
v 3.65000000 -1.25000000 2.13500000
v 3.65000000 -1.25000000 2.14500000
v 3.65000000 -0.75000000 2.13500000
v 3.65000000 -0.75000000 2.14500000
v 3.64200000 0.75000000 2.13500000
v 3.64200000 0.75000000 2.14500000
v 3.64200000 1.25000000 2.13500000
v 3.64200000 1.25000000 2.14500000
v 3.65000000 0.75000000 2.13500000
v 3.65000000 0.75000000 2.14500000
v 3.65000000 1.25000000 2.13500000
v 3.65000000 1.25000000 2.14500000
v 3.64200000 -1.25000000 2.32500000
v 3.64200000 -1.25000000 2.33500000
v 3.64200000 -0.75000000 2.32500000
v 3.64200000 -0.75000000 2.33500000
v 3.65000000 -1.25000000 2.32500000
v 3.65000000 -1.25000000 2.33500000
v 3.65000000 -0.75000000 2.32500000
v 3.65000000 -0.75000000 2.33500000
v 3.64200000 0.75000000 2.32500000
v 3.64200000 0.75000000 2.33500000
v 3.64200000 1.25000000 2.32500000
v 3.64200000 1.25000000 2.33500000
v 3.65000000 0.75000000 2.32500000
v 3.65000000 0.75000000 2.33500000
v 3.65000000 1.25000000 2.32500000
v 3.65000000 1.25000000 2.33500000
v 3.64200000 -1.25000000 2.51500000
v 3.64200000 -1.25000000 2.52500000
v 3.64200000 -0.75000000 2.51500000
v 3.64200000 -0.75000000 2.52500000
v 3.65000000 -1.25000000 2.51500000
v 3.65000000 -1.25000000 2.52500000
v 3.65000000 -0.75000000 2.51500000
v 3.65000000 -0.75000000 2.52500000
v 3.64200000 0.75000000 2.51500000
v 3.64200000 0.75000000 2.52500000
v 3.64200000 1.25000000 2.51500000
v 3.64200000 1.25000000 2.52500000
v 3.65000000 0.75000000 2.51500000
v 3.65000000 0.75000000 2.52500000
v 3.65000000 1.25000000 2.51500000
v 3.65000000 1.25000000 2.52500000
v 3.64200000 -1.25000000 2.70500000
v 3.64200000 -1.25000000 2.71500000
v 3.64200000 1.25000000 2.70500000
v 3.64200000 1.25000000 2.71500000
v 3.65000000 -1.25000000 2.70500000
v 3.65000000 -1.25000000 2.71500000
v 3.65000000 1.25000000 2.70500000
v 3.65000000 1.25000000 2.71500000
v 3.64200000 -1.25000000 2.89500000
v 3.64200000 -1.25000000 2.90500000
v 3.64200000 1.25000000 2.89500000
v 3.64200000 1.25000000 2.90500000
v 3.65000000 -1.25000000 2.89500000
v 3.65000000 -1.25000000 2.90500000
v 3.65000000 1.25000000 2.89500000
v 3.65000000 1.25000000 2.90500000
v 3.64200000 -1.25000000 3.08500000
v 3.64200000 -1.25000000 3.09500000
v 3.64200000 1.25000000 3.08500000
v 3.64200000 1.25000000 3.09500000
v 3.65000000 -1.25000000 3.08500000
v 3.65000000 -1.25000000 3.09500000
v 3.65000000 1.25000000 3.08500000
v 3.65000000 1.25000000 3.09500000
f 1082 1084 1081
f 1085 1082 1081
f 1081 1084 1083
f 1083 1085 1081
f 1082 1088 1084
f 1086 1082 1085
f 1086 1088 1082
f 1084 1088 1083
f 1087 1085 1083
f 1083 1088 1087
f 1087 1086 1085
f 1088 1086 1087
f 1090 1092 1089
f 1093 1090 1089
f 1089 1092 1091
f 1091 1093 1089
f 1090 1096 1092
f 1094 1090 1093
f 1094 1096 1090
f 1092 1096 1091
f 1095 1093 1091
f 1091 1096 1095
f 1095 1094 1093
f 1096 1094 1095
f 1098 1100 1097
f 1101 1098 1097
f 1097 1100 1099
f 1099 1101 1097
f 1098 1104 1100
f 1102 1098 1101
f 1102 1104 1098
f 1100 1104 1099
f 1103 1101 1099
f 1099 1104 1103
f 1103 1102 1101
f 1104 1102 1103
f 1106 1108 1105
f 1109 1106 1105
f 1105 1108 1107
f 1107 1109 1105
f 1106 1112 1108
f 1110 1106 1109
f 1110 1112 1106
f 1108 1112 1107
f 1111 1109 1107
f 1107 1112 1111
f 1111 1110 1109
f 1112 1110 1111
f 1114 1116 1113
f 1117 1114 1113
f 1113 1116 1115
f 1115 1117 1113
f 1114 1120 1116
f 1118 1114 1117
f 1118 1120 1114
f 1116 1120 1115
f 1119 1117 1115
f 1115 1120 1119
f 1119 1118 1117
f 1120 1118 1119
f 1122 1124 1121
f 1125 1122 1121
f 1121 1124 1123
f 1123 1125 1121
f 1122 1128 1124
f 1126 1122 1125
f 1126 1128 1122
f 1124 1128 1123
f 1127 1125 1123
f 1123 1128 1127
f 1127 1126 1125
f 1128 1126 1127
f 1130 1132 1129
f 1133 1130 1129
f 1129 1132 1131
f 1131 1133 1129
f 1130 1136 1132
f 1134 1130 1133
f 1134 1136 1130
f 1132 1136 1131
f 1135 1133 1131
f 1131 1136 1135
f 1135 1134 1133
f 1136 1134 1135
f 1138 1140 1137
f 1141 1138 1137
f 1137 1140 1139
f 1139 1141 1137
f 1138 1144 1140
f 1142 1138 1141
f 1142 1144 1138
f 1140 1144 1139
f 1143 1141 1139
f 1139 1144 1143
f 1143 1142 1141
f 1144 1142 1143
f 1146 1148 1145
f 1149 1146 1145
f 1145 1148 1147
f 1147 1149 1145
f 1146 1152 1148
f 1150 1146 1149
f 1150 1152 1146
f 1148 1152 1147
f 1151 1149 1147
f 1147 1152 1151
f 1151 1150 1149
f 1152 1150 1151
f 1154 1156 1153
f 1157 1154 1153
f 1153 1156 1155
f 1155 1157 1153
f 1154 1160 1156
f 1158 1154 1157
f 1158 1160 1154
f 1156 1160 1155
f 1159 1157 1155
f 1155 1160 1159
f 1159 1158 1157
f 1160 1158 1159
f 1162 1164 1161
f 1165 1162 1161
f 1161 1164 1163
f 1163 1165 1161
f 1162 1168 1164
f 1166 1162 1165
f 1166 1168 1162
f 1164 1168 1163
f 1167 1165 1163
f 1163 1168 1167
f 1167 1166 1165
f 1168 1166 1167
f 1170 1172 1169
f 1173 1170 1169
f 1169 1172 1171
f 1171 1173 1169
f 1170 1176 1172
f 1174 1170 1173
f 1174 1176 1170
f 1172 1176 1171
f 1175 1173 1171
f 1171 1176 1175
f 1175 1174 1173
f 1176 1174 1175
f 1178 1180 1177
f 1181 1178 1177
f 1177 1180 1179
f 1179 1181 1177
f 1178 1184 1180
f 1182 1178 1181
f 1182 1184 1178
f 1180 1184 1179
f 1183 1181 1179
f 1179 1184 1183
f 1183 1182 1181
f 1184 1182 1183
f 1186 1188 1185
f 1189 1186 1185
f 1185 1188 1187
f 1187 1189 1185
f 1186 1192 1188
f 1190 1186 1189
f 1190 1192 1186
f 1188 1192 1187
f 1191 1189 1187
f 1187 1192 1191
f 1191 1190 1189
f 1192 1190 1191
f 1194 1196 1193
f 1197 1194 1193
f 1193 1196 1195
f 1195 1197 1193
f 1194 1200 1196
f 1198 1194 1197
f 1198 1200 1194
f 1196 1200 1195
f 1199 1197 1195
f 1195 1200 1199
f 1199 1198 1197
f 1200 1198 1199
f 1202 1204 1201
f 1205 1202 1201
f 1201 1204 1203
f 1203 1205 1201
f 1202 1208 1204
f 1206 1202 1205
f 1206 1208 1202
f 1204 1208 1203
f 1207 1205 1203
f 1203 1208 1207
f 1207 1206 1205
f 1208 1206 1207
f 1210 1212 1209
f 1213 1210 1209
f 1209 1212 1211
f 1211 1213 1209
f 1210 1216 1212
f 1214 1210 1213
f 1214 1216 1210
f 1212 1216 1211
f 1215 1213 1211
f 1211 1216 1215
f 1215 1214 1213
f 1216 1214 1215
f 1218 1220 1217
f 1221 1218 1217
f 1217 1220 1219
f 1219 1221 1217
f 1218 1224 1220
f 1222 1218 1221
f 1222 1224 1218
f 1220 1224 1219
f 1223 1221 1219
f 1219 1224 1223
f 1223 1222 1221
f 1224 1222 1223

o Front_Storage_Box
usemtl Brushed spruce
v -4.15000000 -1.10000000 0.62000000
v -4.15000000 -1.10000000 2.64000000
v -4.15000000 1.10000000 0.62000000
v -4.15000000 1.10000000 2.64000000
v -3.65000000 -1.10000000 0.62000000
v -3.65000000 -1.10000000 2.64000000
v -3.65000000 1.10000000 0.62000000
v -3.65000000 1.10000000 2.64000000
f 1226 1228 1225
f 1229 1226 1225
f 1225 1228 1227
f 1227 1229 1225
f 1226 1232 1228
f 1230 1226 1229
f 1230 1232 1226
f 1228 1232 1227
f 1231 1229 1227
f 1227 1232 1231
f 1231 1230 1229
f 1232 1230 1231

o Front_Storage_Roof
usemtl Dark coated roof
v -4.21000000 -1.15000000 2.71250000
v -4.21000000 -1.15000000 2.65750000
v -3.59000000 -1.15000000 2.71250000
v -3.59000000 -1.15000000 2.65750000
v -4.21000000 1.15000000 2.71250000
v -4.21000000 1.15000000 2.65750000
v -3.59000000 1.15000000 2.71250000
v -3.59000000 1.15000000 2.65750000
f 1234 1236 1233
f 1237 1234 1233
f 1233 1236 1235
f 1235 1237 1233
f 1234 1240 1236
f 1238 1234 1237
f 1238 1240 1234
f 1236 1240 1235
f 1239 1237 1235
f 1235 1240 1239
f 1239 1238 1237
f 1240 1238 1239

o Storage_Door_Frame
usemtl Window frames
v -4.15000000 -0.95000000 0.72000000
v -4.15000000 -0.95000000 0.77500000
v -4.15000000 0.95000000 0.72000000
v -4.15000000 0.95000000 0.77500000
v -4.11000000 -0.95000000 0.72000000
v -4.11000000 -0.95000000 0.77500000
v -4.11000000 0.95000000 0.72000000
v -4.11000000 0.95000000 0.77500000
v -4.15000000 -0.95000000 2.44500000
v -4.15000000 -0.95000000 2.50000000
v -4.15000000 0.95000000 2.44500000
v -4.15000000 0.95000000 2.50000000
v -4.11000000 -0.95000000 2.44500000
v -4.11000000 -0.95000000 2.50000000
v -4.11000000 0.95000000 2.44500000
v -4.11000000 0.95000000 2.50000000
v -4.15000000 -0.95000000 0.72000000
v -4.15000000 -0.95000000 2.50000000
v -4.15000000 -0.89500000 0.72000000
v -4.15000000 -0.89500000 2.50000000
v -4.11000000 -0.95000000 0.72000000
v -4.11000000 -0.95000000 2.50000000
v -4.11000000 -0.89500000 0.72000000
v -4.11000000 -0.89500000 2.50000000
v -4.15000000 0.89500000 0.72000000
v -4.15000000 0.89500000 2.50000000
v -4.15000000 0.95000000 0.72000000
v -4.15000000 0.95000000 2.50000000
v -4.11000000 0.89500000 0.72000000
v -4.11000000 0.89500000 2.50000000
v -4.11000000 0.95000000 0.72000000
v -4.11000000 0.95000000 2.50000000
v -4.15000000 -0.02750000 0.77500000
v -4.15000000 -0.02750000 2.44500000
v -4.15000000 0.02750000 0.77500000
v -4.15000000 0.02750000 2.44500000
v -4.11000000 -0.02750000 0.77500000
v -4.11000000 -0.02750000 2.44500000
v -4.11000000 0.02750000 0.77500000
v -4.11000000 0.02750000 2.44500000
f 1242 1244 1241
f 1245 1242 1241
f 1241 1244 1243
f 1243 1245 1241
f 1242 1248 1244
f 1246 1242 1245
f 1246 1248 1242
f 1244 1248 1243
f 1247 1245 1243
f 1243 1248 1247
f 1247 1246 1245
f 1248 1246 1247
f 1250 1252 1249
f 1253 1250 1249
f 1249 1252 1251
f 1251 1253 1249
f 1250 1256 1252
f 1254 1250 1253
f 1254 1256 1250
f 1252 1256 1251
f 1255 1253 1251
f 1251 1256 1255
f 1255 1254 1253
f 1256 1254 1255
f 1258 1260 1257
f 1261 1258 1257
f 1257 1260 1259
f 1259 1261 1257
f 1258 1264 1260
f 1262 1258 1261
f 1262 1264 1258
f 1260 1264 1259
f 1263 1261 1259
f 1259 1264 1263
f 1263 1262 1261
f 1264 1262 1263
f 1266 1268 1265
f 1269 1266 1265
f 1265 1268 1267
f 1267 1269 1265
f 1266 1272 1268
f 1270 1266 1269
f 1270 1272 1266
f 1268 1272 1267
f 1271 1269 1267
f 1267 1272 1271
f 1271 1270 1269
f 1272 1270 1271
f 1274 1276 1273
f 1277 1274 1273
f 1273 1276 1275
f 1275 1277 1273
f 1274 1280 1276
f 1278 1274 1277
f 1278 1280 1274
f 1276 1280 1275
f 1279 1277 1275
f 1275 1280 1279
f 1279 1278 1277
f 1280 1278 1279

o Storage_Door_Panels
usemtl Brushed spruce
v -4.14400000 -0.89500000 0.77500000
v -4.14400000 -0.89500000 2.44500000
v -4.14400000 0.89500000 0.77500000
v -4.14400000 0.89500000 2.44500000
v -4.13200000 -0.89500000 0.77500000
v -4.13200000 -0.89500000 2.44500000
v -4.13200000 0.89500000 0.77500000
v -4.13200000 0.89500000 2.44500000
f 1282 1284 1281
f 1285 1282 1281
f 1281 1284 1283
f 1283 1285 1281
f 1282 1288 1284
f 1286 1282 1285
f 1286 1288 1282
f 1284 1288 1283
f 1287 1285 1283
f 1283 1288 1287
f 1287 1286 1285
f 1288 1286 1287

o Storage_Door_Hinges
usemtl Window frames
v -4.20750000 -0.91000000 0.98250000
v -4.20750000 -0.91000000 1.01750000
v -4.20750000 -0.75000000 0.98250000
v -4.20750000 -0.75000000 1.01750000
v -4.16250000 -0.91000000 0.98250000
v -4.16250000 -0.91000000 1.01750000
v -4.16250000 -0.75000000 0.98250000
v -4.16250000 -0.75000000 1.01750000
v -4.20750000 -0.91000000 2.23250000
v -4.20750000 -0.91000000 2.26750000
v -4.20750000 -0.75000000 2.23250000
v -4.20750000 -0.75000000 2.26750000
v -4.16250000 -0.91000000 2.23250000
v -4.16250000 -0.91000000 2.26750000
v -4.16250000 -0.75000000 2.23250000
v -4.16250000 -0.75000000 2.26750000
v -4.20750000 0.75000000 0.98250000
v -4.20750000 0.75000000 1.01750000
v -4.20750000 0.91000000 0.98250000
v -4.20750000 0.91000000 1.01750000
v -4.16250000 0.75000000 0.98250000
v -4.16250000 0.75000000 1.01750000
v -4.16250000 0.91000000 0.98250000
v -4.16250000 0.91000000 1.01750000
v -4.20750000 0.75000000 2.23250000
v -4.20750000 0.75000000 2.26750000
v -4.20750000 0.91000000 2.23250000
v -4.20750000 0.91000000 2.26750000
v -4.16250000 0.75000000 2.23250000
v -4.16250000 0.75000000 2.26750000
v -4.16250000 0.91000000 2.23250000
v -4.16250000 0.91000000 2.26750000
f 1290 1292 1289
f 1293 1290 1289
f 1289 1292 1291
f 1291 1293 1289
f 1290 1296 1292
f 1294 1290 1293
f 1294 1296 1290
f 1292 1296 1291
f 1295 1293 1291
f 1291 1296 1295
f 1295 1294 1293
f 1296 1294 1295
f 1298 1300 1297
f 1301 1298 1297
f 1297 1300 1299
f 1299 1301 1297
f 1298 1304 1300
f 1302 1298 1301
f 1302 1304 1298
f 1300 1304 1299
f 1303 1301 1299
f 1299 1304 1303
f 1303 1302 1301
f 1304 1302 1303
f 1306 1308 1305
f 1309 1306 1305
f 1305 1308 1307
f 1307 1309 1305
f 1306 1312 1308
f 1310 1306 1309
f 1310 1312 1306
f 1308 1312 1307
f 1311 1309 1307
f 1307 1312 1311
f 1311 1310 1309
f 1312 1310 1311
f 1314 1316 1313
f 1317 1314 1313
f 1313 1316 1315
f 1315 1317 1313
f 1314 1320 1316
f 1318 1314 1317
f 1318 1320 1314
f 1316 1320 1315
f 1319 1317 1315
f 1315 1320 1319
f 1319 1318 1317
f 1320 1318 1319

o Entry_Deck
usemtl Deck wood
v -0.90000000 1.25000000 0.54000000
v -0.90000000 1.25000000 0.64000000
v -0.90000000 2.45000000 0.54000000
v -0.90000000 2.45000000 0.64000000
v 0.90000000 1.25000000 0.54000000
v 0.90000000 1.25000000 0.64000000
v 0.90000000 2.45000000 0.54000000
v 0.90000000 2.45000000 0.64000000
f 1322 1324 1321
f 1325 1322 1321
f 1321 1324 1323
f 1323 1325 1321
f 1322 1328 1324
f 1326 1322 1325
f 1326 1328 1322
f 1324 1328 1323
f 1327 1325 1323
f 1323 1328 1327
f 1327 1326 1325
f 1328 1326 1327

o Entry_Deck_Legs
usemtl Deck wood
v -0.83000000 1.38000000 0.00000000
v -0.83000000 1.38000000 0.54000000
v -0.83000000 1.48000000 0.00000000
v -0.83000000 1.48000000 0.54000000
v -0.73000000 1.38000000 0.00000000
v -0.73000000 1.38000000 0.54000000
v -0.73000000 1.48000000 0.00000000
v -0.73000000 1.48000000 0.54000000
v -0.83000000 2.22000000 0.00000000
v -0.83000000 2.22000000 0.54000000
v -0.83000000 2.32000000 0.00000000
v -0.83000000 2.32000000 0.54000000
v -0.73000000 2.22000000 0.00000000
v -0.73000000 2.22000000 0.54000000
v -0.73000000 2.32000000 0.00000000
v -0.73000000 2.32000000 0.54000000
v 0.73000000 1.38000000 0.00000000
v 0.73000000 1.38000000 0.54000000
v 0.73000000 1.48000000 0.00000000
v 0.73000000 1.48000000 0.54000000
v 0.83000000 1.38000000 0.00000000
v 0.83000000 1.38000000 0.54000000
v 0.83000000 1.48000000 0.00000000
v 0.83000000 1.48000000 0.54000000
v 0.73000000 2.22000000 0.00000000
v 0.73000000 2.22000000 0.54000000
v 0.73000000 2.32000000 0.00000000
v 0.73000000 2.32000000 0.54000000
v 0.83000000 2.22000000 0.00000000
v 0.83000000 2.22000000 0.54000000
v 0.83000000 2.32000000 0.00000000
v 0.83000000 2.32000000 0.54000000
f 1330 1332 1329
f 1333 1330 1329
f 1329 1332 1331
f 1331 1333 1329
f 1330 1336 1332
f 1334 1330 1333
f 1334 1336 1330
f 1332 1336 1331
f 1335 1333 1331
f 1331 1336 1335
f 1335 1334 1333
f 1336 1334 1335
f 1338 1340 1337
f 1341 1338 1337
f 1337 1340 1339
f 1339 1341 1337
f 1338 1344 1340
f 1342 1338 1341
f 1342 1344 1338
f 1340 1344 1339
f 1343 1341 1339
f 1339 1344 1343
f 1343 1342 1341
f 1344 1342 1343
f 1346 1348 1345
f 1349 1346 1345
f 1345 1348 1347
f 1347 1349 1345
f 1346 1352 1348
f 1350 1346 1349
f 1350 1352 1346
f 1348 1352 1347
f 1351 1349 1347
f 1347 1352 1351
f 1351 1350 1349
f 1352 1350 1351
f 1354 1356 1353
f 1357 1354 1353
f 1353 1356 1355
f 1355 1357 1353
f 1354 1360 1356
f 1358 1354 1357
f 1358 1360 1354
f 1356 1360 1355
f 1359 1357 1355
f 1355 1360 1359
f 1359 1358 1357
f 1360 1358 1359

o Entry_Stairs
usemtl Deck wood
v 1.74000000 1.73000000 0.00000000
v 1.74000000 1.73000000 0.16000000
v 1.74000000 2.45000000 0.00000000
v 1.74000000 2.45000000 0.16000000
v 2.02000000 1.73000000 0.00000000
v 2.02000000 1.73000000 0.16000000
v 2.02000000 2.45000000 0.00000000
v 2.02000000 2.45000000 0.16000000
v 1.46000000 1.73000000 0.00000000
v 1.46000000 1.73000000 0.32000000
v 1.46000000 2.45000000 0.00000000
v 1.46000000 2.45000000 0.32000000
v 1.74000000 1.73000000 0.00000000
v 1.74000000 1.73000000 0.32000000
v 1.74000000 2.45000000 0.00000000
v 1.74000000 2.45000000 0.32000000
v 1.18000000 1.73000000 0.00000000
v 1.18000000 1.73000000 0.48000000
v 1.18000000 2.45000000 0.00000000
v 1.18000000 2.45000000 0.48000000
v 1.46000000 1.73000000 0.00000000
v 1.46000000 1.73000000 0.48000000
v 1.46000000 2.45000000 0.00000000
v 1.46000000 2.45000000 0.48000000
v 0.90000000 1.73000000 0.00000000
v 0.90000000 1.73000000 0.64000000
v 0.90000000 2.45000000 0.00000000
v 0.90000000 2.45000000 0.64000000
v 1.18000000 1.73000000 0.00000000
v 1.18000000 1.73000000 0.64000000
v 1.18000000 2.45000000 0.00000000
v 1.18000000 2.45000000 0.64000000
f 1362 1364 1361
f 1365 1362 1361
f 1361 1364 1363
f 1363 1365 1361
f 1362 1368 1364
f 1366 1362 1365
f 1366 1368 1362
f 1364 1368 1363
f 1367 1365 1363
f 1363 1368 1367
f 1367 1366 1365
f 1368 1366 1367
f 1370 1372 1369
f 1373 1370 1369
f 1369 1372 1371
f 1371 1373 1369
f 1370 1376 1372
f 1374 1370 1373
f 1374 1376 1370
f 1372 1376 1371
f 1375 1373 1371
f 1371 1376 1375
f 1375 1374 1373
f 1376 1374 1375
f 1378 1380 1377
f 1381 1378 1377
f 1377 1380 1379
f 1379 1381 1377
f 1378 1384 1380
f 1382 1378 1381
f 1382 1384 1378
f 1380 1384 1379
f 1383 1381 1379
f 1379 1384 1383
f 1383 1382 1381
f 1384 1382 1383
f 1386 1388 1385
f 1389 1386 1385
f 1385 1388 1387
f 1387 1389 1385
f 1386 1392 1388
f 1390 1386 1389
f 1390 1392 1386
f 1388 1392 1387
f 1391 1389 1387
f 1387 1392 1391
f 1391 1390 1389
f 1392 1390 1391

o Entry_Canopy
usemtl Dark coated roof
v -0.95000000 1.24074854 2.91061405
v -0.95000000 1.25000000 2.98000000
v -0.95000000 2.44074854 2.75061405
v -0.95000000 2.45000000 2.82000000
v 0.95000000 1.24074854 2.91061405
v 0.95000000 1.25000000 2.98000000
v 0.95000000 2.44074854 2.75061405
v 0.95000000 2.45000000 2.82000000
f 1394 1396 1393
f 1397 1394 1393
f 1393 1396 1395
f 1395 1397 1393
f 1394 1400 1396
f 1398 1394 1397
f 1398 1400 1394
f 1396 1400 1395
f 1399 1397 1395
f 1395 1400 1399
f 1399 1398 1397
f 1400 1398 1399

o Entry_Canopy_Braces
usemtl Deck wood
v -0.75250000 1.29359525 2.64273603
v -0.75250000 1.28640475 2.69726397
v -0.80750000 1.29359525 2.64273603
v -0.80750000 1.28640475 2.69726397
v -0.75250000 2.20359525 2.76273603
v -0.75250000 2.19640475 2.81726397
v -0.80750000 2.20359525 2.76273603
v -0.80750000 2.19640475 2.81726397
v 0.80750000 1.29359525 2.64273603
v 0.80750000 1.28640475 2.69726397
v 0.75250000 1.29359525 2.64273603
v 0.75250000 1.28640475 2.69726397
v 0.80750000 2.20359525 2.76273603
v 0.80750000 2.19640475 2.81726397
v 0.75250000 2.20359525 2.76273603
v 0.75250000 2.19640475 2.81726397
f 1402 1404 1401
f 1405 1402 1401
f 1401 1404 1403
f 1403 1405 1401
f 1402 1408 1404
f 1406 1402 1405
f 1406 1408 1402
f 1404 1408 1403
f 1407 1405 1403
f 1403 1408 1407
f 1407 1406 1405
f 1408 1406 1407
f 1410 1412 1409
f 1413 1410 1409
f 1409 1412 1411
f 1411 1413 1409
f 1410 1416 1412
f 1414 1410 1413
f 1414 1416 1410
f 1412 1416 1411
f 1415 1413 1411
f 1411 1416 1415
f 1415 1414 1413
f 1416 1414 1415

o Trailer_Chassis
usemtl Trailer steel
v -3.65000000 -1.04500000 0.44000000
v -3.65000000 -1.04500000 0.56000000
v -3.65000000 -0.95500000 0.44000000
v -3.65000000 -0.95500000 0.56000000
v 3.65000000 -1.04500000 0.44000000
v 3.65000000 -1.04500000 0.56000000
v 3.65000000 -0.95500000 0.44000000
v 3.65000000 -0.95500000 0.56000000
v -3.65000000 0.95500000 0.44000000
v -3.65000000 0.95500000 0.56000000
v -3.65000000 1.04500000 0.44000000
v -3.65000000 1.04500000 0.56000000
v 3.65000000 0.95500000 0.44000000
v 3.65000000 0.95500000 0.56000000
v 3.65000000 1.04500000 0.44000000
v 3.65000000 1.04500000 0.56000000
v -3.54000000 -1.05000000 0.47500000
v -3.54000000 -1.05000000 0.56500000
v -3.54000000 1.05000000 0.47500000
v -3.54000000 1.05000000 0.56500000
v -3.46000000 -1.05000000 0.47500000
v -3.46000000 -1.05000000 0.56500000
v -3.46000000 1.05000000 0.47500000
v -3.46000000 1.05000000 0.56500000
v -2.54000000 -1.05000000 0.47500000
v -2.54000000 -1.05000000 0.56500000
v -2.54000000 1.05000000 0.47500000
v -2.54000000 1.05000000 0.56500000
v -2.46000000 -1.05000000 0.47500000
v -2.46000000 -1.05000000 0.56500000
v -2.46000000 1.05000000 0.47500000
v -2.46000000 1.05000000 0.56500000
v -1.54000000 -1.05000000 0.47500000
v -1.54000000 -1.05000000 0.56500000
v -1.54000000 1.05000000 0.47500000
v -1.54000000 1.05000000 0.56500000
v -1.46000000 -1.05000000 0.47500000
v -1.46000000 -1.05000000 0.56500000
v -1.46000000 1.05000000 0.47500000
v -1.46000000 1.05000000 0.56500000
v -0.54000000 -1.05000000 0.47500000
v -0.54000000 -1.05000000 0.56500000
v -0.54000000 1.05000000 0.47500000
v -0.54000000 1.05000000 0.56500000
v -0.46000000 -1.05000000 0.47500000
v -0.46000000 -1.05000000 0.56500000
v -0.46000000 1.05000000 0.47500000
v -0.46000000 1.05000000 0.56500000
v 0.46000000 -1.05000000 0.47500000
v 0.46000000 -1.05000000 0.56500000
v 0.46000000 1.05000000 0.47500000
v 0.46000000 1.05000000 0.56500000
v 0.54000000 -1.05000000 0.47500000
v 0.54000000 -1.05000000 0.56500000
v 0.54000000 1.05000000 0.47500000
v 0.54000000 1.05000000 0.56500000
v 1.46000000 -1.05000000 0.47500000
v 1.46000000 -1.05000000 0.56500000
v 1.46000000 1.05000000 0.47500000
v 1.46000000 1.05000000 0.56500000
v 1.54000000 -1.05000000 0.47500000
v 1.54000000 -1.05000000 0.56500000
v 1.54000000 1.05000000 0.47500000
v 1.54000000 1.05000000 0.56500000
v 2.46000000 -1.05000000 0.47500000
v 2.46000000 -1.05000000 0.56500000
v 2.46000000 1.05000000 0.47500000
v 2.46000000 1.05000000 0.56500000
v 2.54000000 -1.05000000 0.47500000
v 2.54000000 -1.05000000 0.56500000
v 2.54000000 1.05000000 0.47500000
v 2.54000000 1.05000000 0.56500000
v 3.46000000 -1.05000000 0.47500000
v 3.46000000 -1.05000000 0.56500000
v 3.46000000 1.05000000 0.47500000
v 3.46000000 1.05000000 0.56500000
v 3.54000000 -1.05000000 0.47500000
v 3.54000000 -1.05000000 0.56500000
v 3.54000000 1.05000000 0.47500000
v 3.54000000 1.05000000 0.56500000
v -3.62087310 -0.96563185 0.45004548
v -3.62425293 -0.96303199 0.54995452
v -3.67574707 -1.03696801 0.45004548
v -3.67912690 -1.03436815 0.54995452
v -4.92087310 0.03436815 0.38004548
v -4.92425293 0.03696801 0.47995452
v -4.97574707 -0.03696801 0.38004548
v -4.97912690 -0.03436815 0.47995452
v -3.67574707 1.03696801 0.45004548
v -3.67912690 1.03436815 0.54995452
v -3.62087310 0.96563185 0.45004548
v -3.62425293 0.96303199 0.54995452
v -4.97574707 0.03696801 0.38004548
v -4.97912690 0.03436815 0.47995452
v -4.92087310 -0.03436815 0.38004548
v -4.92425293 -0.03696801 0.47995452
v -4.94843573 -0.04000000 0.38502720
v -4.95156427 -0.04000000 0.47497280
v -4.94843573 0.04000000 0.38502720
v -4.95156427 0.04000000 0.47497280
v -3.79843573 -0.04000000 0.42502720
v -3.80156427 -0.04000000 0.51497280
v -3.79843573 0.04000000 0.42502720
v -3.80156427 0.04000000 0.51497280
f 1418 1420 1417
f 1421 1418 1417
f 1417 1420 1419
f 1419 1421 1417
f 1418 1424 1420
f 1422 1418 1421
f 1422 1424 1418
f 1420 1424 1419
f 1423 1421 1419
f 1419 1424 1423
f 1423 1422 1421
f 1424 1422 1423
f 1426 1428 1425
f 1429 1426 1425
f 1425 1428 1427
f 1427 1429 1425
f 1426 1432 1428
f 1430 1426 1429
f 1430 1432 1426
f 1428 1432 1427
f 1431 1429 1427
f 1427 1432 1431
f 1431 1430 1429
f 1432 1430 1431
f 1434 1436 1433
f 1437 1434 1433
f 1433 1436 1435
f 1435 1437 1433
f 1434 1440 1436
f 1438 1434 1437
f 1438 1440 1434
f 1436 1440 1435
f 1439 1437 1435
f 1435 1440 1439
f 1439 1438 1437
f 1440 1438 1439
f 1442 1444 1441
f 1445 1442 1441
f 1441 1444 1443
f 1443 1445 1441
f 1442 1448 1444
f 1446 1442 1445
f 1446 1448 1442
f 1444 1448 1443
f 1447 1445 1443
f 1443 1448 1447
f 1447 1446 1445
f 1448 1446 1447
f 1450 1452 1449
f 1453 1450 1449
f 1449 1452 1451
f 1451 1453 1449
f 1450 1456 1452
f 1454 1450 1453
f 1454 1456 1450
f 1452 1456 1451
f 1455 1453 1451
f 1451 1456 1455
f 1455 1454 1453
f 1456 1454 1455
f 1458 1460 1457
f 1461 1458 1457
f 1457 1460 1459
f 1459 1461 1457
f 1458 1464 1460
f 1462 1458 1461
f 1462 1464 1458
f 1460 1464 1459
f 1463 1461 1459
f 1459 1464 1463
f 1463 1462 1461
f 1464 1462 1463
f 1466 1468 1465
f 1469 1466 1465
f 1465 1468 1467
f 1467 1469 1465
f 1466 1472 1468
f 1470 1466 1469
f 1470 1472 1466
f 1468 1472 1467
f 1471 1469 1467
f 1467 1472 1471
f 1471 1470 1469
f 1472 1470 1471
f 1474 1476 1473
f 1477 1474 1473
f 1473 1476 1475
f 1475 1477 1473
f 1474 1480 1476
f 1478 1474 1477
f 1478 1480 1474
f 1476 1480 1475
f 1479 1477 1475
f 1475 1480 1479
f 1479 1478 1477
f 1480 1478 1479
f 1482 1484 1481
f 1485 1482 1481
f 1481 1484 1483
f 1483 1485 1481
f 1482 1488 1484
f 1486 1482 1485
f 1486 1488 1482
f 1484 1488 1483
f 1487 1485 1483
f 1483 1488 1487
f 1487 1486 1485
f 1488 1486 1487
f 1490 1492 1489
f 1493 1490 1489
f 1489 1492 1491
f 1491 1493 1489
f 1490 1496 1492
f 1494 1490 1493
f 1494 1496 1490
f 1492 1496 1491
f 1495 1493 1491
f 1491 1496 1495
f 1495 1494 1493
f 1496 1494 1495
f 1498 1500 1497
f 1501 1498 1497
f 1497 1500 1499
f 1499 1501 1497
f 1498 1504 1500
f 1502 1498 1501
f 1502 1504 1498
f 1500 1504 1499
f 1503 1501 1499
f 1499 1504 1503
f 1503 1502 1501
f 1504 1502 1503
f 1506 1508 1505
f 1509 1506 1505
f 1505 1508 1507
f 1507 1509 1505
f 1506 1512 1508
f 1510 1506 1509
f 1510 1512 1506
f 1508 1512 1507
f 1511 1509 1507
f 1507 1512 1511
f 1511 1510 1509
f 1512 1510 1511
f 1514 1516 1513
f 1517 1514 1513
f 1513 1516 1515
f 1515 1517 1513
f 1514 1520 1516
f 1518 1514 1517
f 1518 1520 1514
f 1516 1520 1515
f 1519 1517 1515
f 1515 1520 1519
f 1519 1518 1517
f 1520 1518 1519

o Trailer_Hitch
usemtl Galvanized steel
v -5.05000000 -0.08000000 0.38000000
v -5.05000000 -0.08000000 0.48000000
v -5.05000000 0.08000000 0.38000000
v -5.05000000 0.08000000 0.48000000
v -4.95000000 -0.08000000 0.38000000
v -4.95000000 -0.08000000 0.48000000
v -4.95000000 0.08000000 0.38000000
v -4.95000000 0.08000000 0.48000000
f 1522 1524 1521
f 1525 1522 1521
f 1521 1524 1523
f 1523 1525 1521
f 1522 1528 1524
f 1526 1522 1525
f 1526 1528 1522
f 1524 1528 1523
f 1527 1525 1523
f 1523 1528 1527
f 1527 1526 1525
f 1528 1526 1527

o Trailer_Axles
usemtl Trailer steel
v 1.60000000 1.14000000 0.30000000
v 1.64500000 1.14000000 0.30000000
v 1.64500000 -1.14000000 0.30000000
v 1.60000000 -1.14000000 0.30000000
v 1.64346666 1.14000000 0.31164686
v 1.64346666 -1.14000000 0.31164686
v 1.63897114 1.14000000 0.32250000
v 1.63897114 -1.14000000 0.32250000
v 1.63181981 1.14000000 0.33181981
v 1.63181981 -1.14000000 0.33181981
v 1.62250000 1.14000000 0.33897114
v 1.62250000 -1.14000000 0.33897114
v 1.61164686 1.14000000 0.34346666
v 1.61164686 -1.14000000 0.34346666
v 1.60000000 1.14000000 0.34500000
v 1.60000000 -1.14000000 0.34500000
v 1.58835314 1.14000000 0.34346666
v 1.58835314 -1.14000000 0.34346666
v 1.57750000 1.14000000 0.33897114
v 1.57750000 -1.14000000 0.33897114
v 1.56818019 1.14000000 0.33181981
v 1.56818019 -1.14000000 0.33181981
v 1.56102886 1.14000000 0.32250000
v 1.56102886 -1.14000000 0.32250000
v 1.55653334 1.14000000 0.31164686
v 1.55653334 -1.14000000 0.31164686
v 1.55500000 1.14000000 0.30000000
v 1.55500000 -1.14000000 0.30000000
v 1.55653334 1.14000000 0.28835314
v 1.55653334 -1.14000000 0.28835314
v 1.56102886 1.14000000 0.27750000
v 1.56102886 -1.14000000 0.27750000
v 1.56818019 1.14000000 0.26818019
v 1.56818019 -1.14000000 0.26818019
v 1.57750000 1.14000000 0.26102886
v 1.57750000 -1.14000000 0.26102886
v 1.58835314 1.14000000 0.25653334
v 1.58835314 -1.14000000 0.25653334
v 1.60000000 1.14000000 0.25500000
v 1.60000000 -1.14000000 0.25500000
v 1.61164686 1.14000000 0.25653334
v 1.61164686 -1.14000000 0.25653334
v 1.62250000 1.14000000 0.26102886
v 1.62250000 -1.14000000 0.26102886
v 1.63181981 1.14000000 0.26818019
v 1.63181981 -1.14000000 0.26818019
v 1.63897114 1.14000000 0.27750000
v 1.63897114 -1.14000000 0.27750000
v 1.64346666 1.14000000 0.28835314
v 1.64346666 -1.14000000 0.28835314
v 2.27000000 1.14000000 0.30000000
v 2.31500000 1.14000000 0.30000000
v 2.31500000 -1.14000000 0.30000000
v 2.27000000 -1.14000000 0.30000000
v 2.31346666 1.14000000 0.31164686
v 2.31346666 -1.14000000 0.31164686
v 2.30897114 1.14000000 0.32250000
v 2.30897114 -1.14000000 0.32250000
v 2.30181981 1.14000000 0.33181981
v 2.30181981 -1.14000000 0.33181981
v 2.29250000 1.14000000 0.33897114
v 2.29250000 -1.14000000 0.33897114
v 2.28164686 1.14000000 0.34346666
v 2.28164686 -1.14000000 0.34346666
v 2.27000000 1.14000000 0.34500000
v 2.27000000 -1.14000000 0.34500000
v 2.25835314 1.14000000 0.34346666
v 2.25835314 -1.14000000 0.34346666
v 2.24750000 1.14000000 0.33897114
v 2.24750000 -1.14000000 0.33897114
v 2.23818019 1.14000000 0.33181981
v 2.23818019 -1.14000000 0.33181981
v 2.23102886 1.14000000 0.32250000
v 2.23102886 -1.14000000 0.32250000
v 2.22653334 1.14000000 0.31164686
v 2.22653334 -1.14000000 0.31164686
v 2.22500000 1.14000000 0.30000000
v 2.22500000 -1.14000000 0.30000000
v 2.22653334 1.14000000 0.28835314
v 2.22653334 -1.14000000 0.28835314
v 2.23102886 1.14000000 0.27750000
v 2.23102886 -1.14000000 0.27750000
v 2.23818019 1.14000000 0.26818019
v 2.23818019 -1.14000000 0.26818019
v 2.24750000 1.14000000 0.26102886
v 2.24750000 -1.14000000 0.26102886
v 2.25835314 1.14000000 0.25653334
v 2.25835314 -1.14000000 0.25653334
v 2.27000000 1.14000000 0.25500000
v 2.27000000 -1.14000000 0.25500000
v 2.28164686 1.14000000 0.25653334
v 2.28164686 -1.14000000 0.25653334
v 2.29250000 1.14000000 0.26102886
v 2.29250000 -1.14000000 0.26102886
v 2.30181981 1.14000000 0.26818019
v 2.30181981 -1.14000000 0.26818019
v 2.30897114 1.14000000 0.27750000
v 2.30897114 -1.14000000 0.27750000
v 2.31346666 1.14000000 0.28835314
v 2.31346666 -1.14000000 0.28835314
f 1530 1529 1533
f 1530 1533 1531
f 1531 1533 1534
f 1531 1534 1532
f 1533 1529 1535
f 1533 1535 1534
f 1534 1535 1536
f 1534 1536 1532
f 1535 1529 1537
f 1535 1537 1536
f 1536 1537 1538
f 1536 1538 1532
f 1537 1529 1539
f 1537 1539 1538
f 1538 1539 1540
f 1538 1540 1532
f 1539 1529 1541
f 1539 1541 1540
f 1540 1541 1542
f 1540 1542 1532
f 1541 1529 1543
f 1541 1543 1542
f 1542 1543 1544
f 1542 1544 1532
f 1543 1529 1545
f 1543 1545 1544
f 1544 1545 1546
f 1544 1546 1532
f 1545 1529 1547
f 1545 1547 1546
f 1546 1547 1548
f 1546 1548 1532
f 1547 1529 1549
f 1547 1549 1548
f 1548 1549 1550
f 1548 1550 1532
f 1549 1529 1551
f 1549 1551 1550
f 1550 1551 1552
f 1550 1552 1532
f 1551 1529 1553
f 1551 1553 1552
f 1552 1553 1554
f 1552 1554 1532
f 1553 1529 1555
f 1553 1555 1554
f 1554 1555 1556
f 1554 1556 1532
f 1555 1529 1557
f 1555 1557 1556
f 1556 1557 1558
f 1556 1558 1532
f 1557 1529 1559
f 1557 1559 1558
f 1558 1559 1560
f 1558 1560 1532
f 1559 1529 1561
f 1559 1561 1560
f 1560 1561 1562
f 1560 1562 1532
f 1561 1529 1563
f 1561 1563 1562
f 1562 1563 1564
f 1562 1564 1532
f 1563 1529 1565
f 1563 1565 1564
f 1564 1565 1566
f 1564 1566 1532
f 1565 1529 1567
f 1565 1567 1566
f 1566 1567 1568
f 1566 1568 1532
f 1567 1529 1569
f 1567 1569 1568
f 1568 1569 1570
f 1568 1570 1532
f 1569 1529 1571
f 1569 1571 1570
f 1570 1571 1572
f 1570 1572 1532
f 1571 1529 1573
f 1571 1573 1572
f 1572 1573 1574
f 1572 1574 1532
f 1573 1529 1575
f 1573 1575 1574
f 1574 1575 1576
f 1574 1576 1532
f 1575 1529 1577
f 1575 1577 1576
f 1576 1577 1578
f 1576 1578 1532
f 1577 1529 1530
f 1577 1530 1578
f 1578 1530 1531
f 1578 1531 1532
f 1580 1579 1583
f 1580 1583 1581
f 1581 1583 1584
f 1581 1584 1582
f 1583 1579 1585
f 1583 1585 1584
f 1584 1585 1586
f 1584 1586 1582
f 1585 1579 1587
f 1585 1587 1586
f 1586 1587 1588
f 1586 1588 1582
f 1587 1579 1589
f 1587 1589 1588
f 1588 1589 1590
f 1588 1590 1582
f 1589 1579 1591
f 1589 1591 1590
f 1590 1591 1592
f 1590 1592 1582
f 1591 1579 1593
f 1591 1593 1592
f 1592 1593 1594
f 1592 1594 1582
f 1593 1579 1595
f 1593 1595 1594
f 1594 1595 1596
f 1594 1596 1582
f 1595 1579 1597
f 1595 1597 1596
f 1596 1597 1598
f 1596 1598 1582
f 1597 1579 1599
f 1597 1599 1598
f 1598 1599 1600
f 1598 1600 1582
f 1599 1579 1601
f 1599 1601 1600
f 1600 1601 1602
f 1600 1602 1582
f 1601 1579 1603
f 1601 1603 1602
f 1602 1603 1604
f 1602 1604 1582
f 1603 1579 1605
f 1603 1605 1604
f 1604 1605 1606
f 1604 1606 1582
f 1605 1579 1607
f 1605 1607 1606
f 1606 1607 1608
f 1606 1608 1582
f 1607 1579 1609
f 1607 1609 1608
f 1608 1609 1610
f 1608 1610 1582
f 1609 1579 1611
f 1609 1611 1610
f 1610 1611 1612
f 1610 1612 1582
f 1611 1579 1613
f 1611 1613 1612
f 1612 1613 1614
f 1612 1614 1582
f 1613 1579 1615
f 1613 1615 1614
f 1614 1615 1616
f 1614 1616 1582
f 1615 1579 1617
f 1615 1617 1616
f 1616 1617 1618
f 1616 1618 1582
f 1617 1579 1619
f 1617 1619 1618
f 1618 1619 1620
f 1618 1620 1582
f 1619 1579 1621
f 1619 1621 1620
f 1620 1621 1622
f 1620 1622 1582
f 1621 1579 1623
f 1621 1623 1622
f 1622 1623 1624
f 1622 1624 1582
f 1623 1579 1625
f 1623 1625 1624
f 1624 1625 1626
f 1624 1626 1582
f 1625 1579 1627
f 1625 1627 1626
f 1626 1627 1628
f 1626 1628 1582
f 1627 1579 1580
f 1627 1580 1628
f 1628 1580 1581
f 1628 1581 1582

o Trailer_Tires
usemtl Tires
v 1.60000000 -1.07000000 0.30000000
v 1.90000000 -1.07000000 0.30000000
v 1.90000000 -1.25000000 0.30000000
v 1.60000000 -1.25000000 0.30000000
v 1.89743346 -1.07000000 0.33915786
v 1.89743346 -1.25000000 0.33915786
v 1.88977775 -1.07000000 0.37764571
v 1.88977775 -1.25000000 0.37764571
v 1.87716386 -1.07000000 0.41480503
v 1.87716386 -1.25000000 0.41480503
v 1.85980762 -1.07000000 0.45000000
v 1.85980762 -1.25000000 0.45000000
v 1.83800600 -1.07000000 0.48262843
v 1.83800600 -1.25000000 0.48262843
v 1.81213203 -1.07000000 0.51213203
v 1.81213203 -1.25000000 0.51213203
v 1.78262843 -1.07000000 0.53800600
v 1.78262843 -1.25000000 0.53800600
v 1.75000000 -1.07000000 0.55980762
v 1.75000000 -1.25000000 0.55980762
v 1.71480503 -1.07000000 0.57716386
v 1.71480503 -1.25000000 0.57716386
v 1.67764571 -1.07000000 0.58977775
v 1.67764571 -1.25000000 0.58977775
v 1.63915786 -1.07000000 0.59743346
v 1.63915786 -1.25000000 0.59743346
v 1.60000000 -1.07000000 0.60000000
v 1.60000000 -1.25000000 0.60000000
v 1.56084214 -1.07000000 0.59743346
v 1.56084214 -1.25000000 0.59743346
v 1.52235429 -1.07000000 0.58977775
v 1.52235429 -1.25000000 0.58977775
v 1.48519497 -1.07000000 0.57716386
v 1.48519497 -1.25000000 0.57716386
v 1.45000000 -1.07000000 0.55980762
v 1.45000000 -1.25000000 0.55980762
v 1.41737157 -1.07000000 0.53800600
v 1.41737157 -1.25000000 0.53800600
v 1.38786797 -1.07000000 0.51213203
v 1.38786797 -1.25000000 0.51213203
v 1.36199400 -1.07000000 0.48262843
v 1.36199400 -1.25000000 0.48262843
v 1.34019238 -1.07000000 0.45000000
v 1.34019238 -1.25000000 0.45000000
v 1.32283614 -1.07000000 0.41480503
v 1.32283614 -1.25000000 0.41480503
v 1.31022225 -1.07000000 0.37764571
v 1.31022225 -1.25000000 0.37764571
v 1.30256654 -1.07000000 0.33915786
v 1.30256654 -1.25000000 0.33915786
v 1.30000000 -1.07000000 0.30000000
v 1.30000000 -1.25000000 0.30000000
v 1.30256654 -1.07000000 0.26084214
v 1.30256654 -1.25000000 0.26084214
v 1.31022225 -1.07000000 0.22235429
v 1.31022225 -1.25000000 0.22235429
v 1.32283614 -1.07000000 0.18519497
v 1.32283614 -1.25000000 0.18519497
v 1.34019238 -1.07000000 0.15000000
v 1.34019238 -1.25000000 0.15000000
v 1.36199400 -1.07000000 0.11737157
v 1.36199400 -1.25000000 0.11737157
v 1.38786797 -1.07000000 0.08786797
v 1.38786797 -1.25000000 0.08786797
v 1.41737157 -1.07000000 0.06199400
v 1.41737157 -1.25000000 0.06199400
v 1.45000000 -1.07000000 0.04019238
v 1.45000000 -1.25000000 0.04019238
v 1.48519497 -1.07000000 0.02283614
v 1.48519497 -1.25000000 0.02283614
v 1.52235429 -1.07000000 0.01022225
v 1.52235429 -1.25000000 0.01022225
v 1.56084214 -1.07000000 0.00256654
v 1.56084214 -1.25000000 0.00256654
v 1.60000000 -1.07000000 0.00000000
v 1.60000000 -1.25000000 0.00000000
v 1.63915786 -1.07000000 0.00256654
v 1.63915786 -1.25000000 0.00256654
v 1.67764571 -1.07000000 0.01022225
v 1.67764571 -1.25000000 0.01022225
v 1.71480503 -1.07000000 0.02283614
v 1.71480503 -1.25000000 0.02283614
v 1.75000000 -1.07000000 0.04019238
v 1.75000000 -1.25000000 0.04019238
v 1.78262843 -1.07000000 0.06199400
v 1.78262843 -1.25000000 0.06199400
v 1.81213203 -1.07000000 0.08786797
v 1.81213203 -1.25000000 0.08786797
v 1.83800600 -1.07000000 0.11737157
v 1.83800600 -1.25000000 0.11737157
v 1.85980762 -1.07000000 0.15000000
v 1.85980762 -1.25000000 0.15000000
v 1.87716386 -1.07000000 0.18519497
v 1.87716386 -1.25000000 0.18519497
v 1.88977775 -1.07000000 0.22235429
v 1.88977775 -1.25000000 0.22235429
v 1.89743346 -1.07000000 0.26084214
v 1.89743346 -1.25000000 0.26084214
v 1.60000000 1.25000000 0.30000000
v 1.90000000 1.25000000 0.30000000
v 1.90000000 1.07000000 0.30000000
v 1.60000000 1.07000000 0.30000000
v 1.89743346 1.25000000 0.33915786
v 1.89743346 1.07000000 0.33915786
v 1.88977775 1.25000000 0.37764571
v 1.88977775 1.07000000 0.37764571
v 1.87716386 1.25000000 0.41480503
v 1.87716386 1.07000000 0.41480503
v 1.85980762 1.25000000 0.45000000
v 1.85980762 1.07000000 0.45000000
v 1.83800600 1.25000000 0.48262843
v 1.83800600 1.07000000 0.48262843
v 1.81213203 1.25000000 0.51213203
v 1.81213203 1.07000000 0.51213203
v 1.78262843 1.25000000 0.53800600
v 1.78262843 1.07000000 0.53800600
v 1.75000000 1.25000000 0.55980762
v 1.75000000 1.07000000 0.55980762
v 1.71480503 1.25000000 0.57716386
v 1.71480503 1.07000000 0.57716386
v 1.67764571 1.25000000 0.58977775
v 1.67764571 1.07000000 0.58977775
v 1.63915786 1.25000000 0.59743346
v 1.63915786 1.07000000 0.59743346
v 1.60000000 1.25000000 0.60000000
v 1.60000000 1.07000000 0.60000000
v 1.56084214 1.25000000 0.59743346
v 1.56084214 1.07000000 0.59743346
v 1.52235429 1.25000000 0.58977775
v 1.52235429 1.07000000 0.58977775
v 1.48519497 1.25000000 0.57716386
v 1.48519497 1.07000000 0.57716386
v 1.45000000 1.25000000 0.55980762
v 1.45000000 1.07000000 0.55980762
v 1.41737157 1.25000000 0.53800600
v 1.41737157 1.07000000 0.53800600
v 1.38786797 1.25000000 0.51213203
v 1.38786797 1.07000000 0.51213203
v 1.36199400 1.25000000 0.48262843
v 1.36199400 1.07000000 0.48262843
v 1.34019238 1.25000000 0.45000000
v 1.34019238 1.07000000 0.45000000
v 1.32283614 1.25000000 0.41480503
v 1.32283614 1.07000000 0.41480503
v 1.31022225 1.25000000 0.37764571
v 1.31022225 1.07000000 0.37764571
v 1.30256654 1.25000000 0.33915786
v 1.30256654 1.07000000 0.33915786
v 1.30000000 1.25000000 0.30000000
v 1.30000000 1.07000000 0.30000000
v 1.30256654 1.25000000 0.26084214
v 1.30256654 1.07000000 0.26084214
v 1.31022225 1.25000000 0.22235429
v 1.31022225 1.07000000 0.22235429
v 1.32283614 1.25000000 0.18519497
v 1.32283614 1.07000000 0.18519497
v 1.34019238 1.25000000 0.15000000
v 1.34019238 1.07000000 0.15000000
v 1.36199400 1.25000000 0.11737157
v 1.36199400 1.07000000 0.11737157
v 1.38786797 1.25000000 0.08786797
v 1.38786797 1.07000000 0.08786797
v 1.41737157 1.25000000 0.06199400
v 1.41737157 1.07000000 0.06199400
v 1.45000000 1.25000000 0.04019238
v 1.45000000 1.07000000 0.04019238
v 1.48519497 1.25000000 0.02283614
v 1.48519497 1.07000000 0.02283614
v 1.52235429 1.25000000 0.01022225
v 1.52235429 1.07000000 0.01022225
v 1.56084214 1.25000000 0.00256654
v 1.56084214 1.07000000 0.00256654
v 1.60000000 1.25000000 0.00000000
v 1.60000000 1.07000000 0.00000000
v 1.63915786 1.25000000 0.00256654
v 1.63915786 1.07000000 0.00256654
v 1.67764571 1.25000000 0.01022225
v 1.67764571 1.07000000 0.01022225
v 1.71480503 1.25000000 0.02283614
v 1.71480503 1.07000000 0.02283614
v 1.75000000 1.25000000 0.04019238
v 1.75000000 1.07000000 0.04019238
v 1.78262843 1.25000000 0.06199400
v 1.78262843 1.07000000 0.06199400
v 1.81213203 1.25000000 0.08786797
v 1.81213203 1.07000000 0.08786797
v 1.83800600 1.25000000 0.11737157
v 1.83800600 1.07000000 0.11737157
v 1.85980762 1.25000000 0.15000000
v 1.85980762 1.07000000 0.15000000
v 1.87716386 1.25000000 0.18519497
v 1.87716386 1.07000000 0.18519497
v 1.88977775 1.25000000 0.22235429
v 1.88977775 1.07000000 0.22235429
v 1.89743346 1.25000000 0.26084214
v 1.89743346 1.07000000 0.26084214
v 2.27000000 -1.07000000 0.30000000
v 2.57000000 -1.07000000 0.30000000
v 2.57000000 -1.25000000 0.30000000
v 2.27000000 -1.25000000 0.30000000
v 2.56743346 -1.07000000 0.33915786
v 2.56743346 -1.25000000 0.33915786
v 2.55977775 -1.07000000 0.37764571
v 2.55977775 -1.25000000 0.37764571
v 2.54716386 -1.07000000 0.41480503
v 2.54716386 -1.25000000 0.41480503
v 2.52980762 -1.07000000 0.45000000
v 2.52980762 -1.25000000 0.45000000
v 2.50800600 -1.07000000 0.48262843
v 2.50800600 -1.25000000 0.48262843
v 2.48213203 -1.07000000 0.51213203
v 2.48213203 -1.25000000 0.51213203
v 2.45262843 -1.07000000 0.53800600
v 2.45262843 -1.25000000 0.53800600
v 2.42000000 -1.07000000 0.55980762
v 2.42000000 -1.25000000 0.55980762
v 2.38480503 -1.07000000 0.57716386
v 2.38480503 -1.25000000 0.57716386
v 2.34764571 -1.07000000 0.58977775
v 2.34764571 -1.25000000 0.58977775
v 2.30915786 -1.07000000 0.59743346
v 2.30915786 -1.25000000 0.59743346
v 2.27000000 -1.07000000 0.60000000
v 2.27000000 -1.25000000 0.60000000
v 2.23084214 -1.07000000 0.59743346
v 2.23084214 -1.25000000 0.59743346
v 2.19235429 -1.07000000 0.58977775
v 2.19235429 -1.25000000 0.58977775
v 2.15519497 -1.07000000 0.57716386
v 2.15519497 -1.25000000 0.57716386
v 2.12000000 -1.07000000 0.55980762
v 2.12000000 -1.25000000 0.55980762
v 2.08737157 -1.07000000 0.53800600
v 2.08737157 -1.25000000 0.53800600
v 2.05786797 -1.07000000 0.51213203
v 2.05786797 -1.25000000 0.51213203
v 2.03199400 -1.07000000 0.48262843
v 2.03199400 -1.25000000 0.48262843
v 2.01019238 -1.07000000 0.45000000
v 2.01019238 -1.25000000 0.45000000
v 1.99283614 -1.07000000 0.41480503
v 1.99283614 -1.25000000 0.41480503
v 1.98022225 -1.07000000 0.37764571
v 1.98022225 -1.25000000 0.37764571
v 1.97256654 -1.07000000 0.33915786
v 1.97256654 -1.25000000 0.33915786
v 1.97000000 -1.07000000 0.30000000
v 1.97000000 -1.25000000 0.30000000
v 1.97256654 -1.07000000 0.26084214
v 1.97256654 -1.25000000 0.26084214
v 1.98022225 -1.07000000 0.22235429
v 1.98022225 -1.25000000 0.22235429
v 1.99283614 -1.07000000 0.18519497
v 1.99283614 -1.25000000 0.18519497
v 2.01019238 -1.07000000 0.15000000
v 2.01019238 -1.25000000 0.15000000
v 2.03199400 -1.07000000 0.11737157
v 2.03199400 -1.25000000 0.11737157
v 2.05786797 -1.07000000 0.08786797
v 2.05786797 -1.25000000 0.08786797
v 2.08737157 -1.07000000 0.06199400
v 2.08737157 -1.25000000 0.06199400
v 2.12000000 -1.07000000 0.04019238
v 2.12000000 -1.25000000 0.04019238
v 2.15519497 -1.07000000 0.02283614
v 2.15519497 -1.25000000 0.02283614
v 2.19235429 -1.07000000 0.01022225
v 2.19235429 -1.25000000 0.01022225
v 2.23084214 -1.07000000 0.00256654
v 2.23084214 -1.25000000 0.00256654
v 2.27000000 -1.07000000 0.00000000
v 2.27000000 -1.25000000 0.00000000
v 2.30915786 -1.07000000 0.00256654
v 2.30915786 -1.25000000 0.00256654
v 2.34764571 -1.07000000 0.01022225
v 2.34764571 -1.25000000 0.01022225
v 2.38480503 -1.07000000 0.02283614
v 2.38480503 -1.25000000 0.02283614
v 2.42000000 -1.07000000 0.04019238
v 2.42000000 -1.25000000 0.04019238
v 2.45262843 -1.07000000 0.06199400
v 2.45262843 -1.25000000 0.06199400
v 2.48213203 -1.07000000 0.08786797
v 2.48213203 -1.25000000 0.08786797
v 2.50800600 -1.07000000 0.11737157
v 2.50800600 -1.25000000 0.11737157
v 2.52980762 -1.07000000 0.15000000
v 2.52980762 -1.25000000 0.15000000
v 2.54716386 -1.07000000 0.18519497
v 2.54716386 -1.25000000 0.18519497
v 2.55977775 -1.07000000 0.22235429
v 2.55977775 -1.25000000 0.22235429
v 2.56743346 -1.07000000 0.26084214
v 2.56743346 -1.25000000 0.26084214
v 2.27000000 1.25000000 0.30000000
v 2.57000000 1.25000000 0.30000000
v 2.57000000 1.07000000 0.30000000
v 2.27000000 1.07000000 0.30000000
v 2.56743346 1.25000000 0.33915786
v 2.56743346 1.07000000 0.33915786
v 2.55977775 1.25000000 0.37764571
v 2.55977775 1.07000000 0.37764571
v 2.54716386 1.25000000 0.41480503
v 2.54716386 1.07000000 0.41480503
v 2.52980762 1.25000000 0.45000000
v 2.52980762 1.07000000 0.45000000
v 2.50800600 1.25000000 0.48262843
v 2.50800600 1.07000000 0.48262843
v 2.48213203 1.25000000 0.51213203
v 2.48213203 1.07000000 0.51213203
v 2.45262843 1.25000000 0.53800600
v 2.45262843 1.07000000 0.53800600
v 2.42000000 1.25000000 0.55980762
v 2.42000000 1.07000000 0.55980762
v 2.38480503 1.25000000 0.57716386
v 2.38480503 1.07000000 0.57716386
v 2.34764571 1.25000000 0.58977775
v 2.34764571 1.07000000 0.58977775
v 2.30915786 1.25000000 0.59743346
v 2.30915786 1.07000000 0.59743346
v 2.27000000 1.25000000 0.60000000
v 2.27000000 1.07000000 0.60000000
v 2.23084214 1.25000000 0.59743346
v 2.23084214 1.07000000 0.59743346
v 2.19235429 1.25000000 0.58977775
v 2.19235429 1.07000000 0.58977775
v 2.15519497 1.25000000 0.57716386
v 2.15519497 1.07000000 0.57716386
v 2.12000000 1.25000000 0.55980762
v 2.12000000 1.07000000 0.55980762
v 2.08737157 1.25000000 0.53800600
v 2.08737157 1.07000000 0.53800600
v 2.05786797 1.25000000 0.51213203
v 2.05786797 1.07000000 0.51213203
v 2.03199400 1.25000000 0.48262843
v 2.03199400 1.07000000 0.48262843
v 2.01019238 1.25000000 0.45000000
v 2.01019238 1.07000000 0.45000000
v 1.99283614 1.25000000 0.41480503
v 1.99283614 1.07000000 0.41480503
v 1.98022225 1.25000000 0.37764571
v 1.98022225 1.07000000 0.37764571
v 1.97256654 1.25000000 0.33915786
v 1.97256654 1.07000000 0.33915786
v 1.97000000 1.25000000 0.30000000
v 1.97000000 1.07000000 0.30000000
v 1.97256654 1.25000000 0.26084214
v 1.97256654 1.07000000 0.26084214
v 1.98022225 1.25000000 0.22235429
v 1.98022225 1.07000000 0.22235429
v 1.99283614 1.25000000 0.18519497
v 1.99283614 1.07000000 0.18519497
v 2.01019238 1.25000000 0.15000000
v 2.01019238 1.07000000 0.15000000
v 2.03199400 1.25000000 0.11737157
v 2.03199400 1.07000000 0.11737157
v 2.05786797 1.25000000 0.08786797
v 2.05786797 1.07000000 0.08786797
v 2.08737157 1.25000000 0.06199400
v 2.08737157 1.07000000 0.06199400
v 2.12000000 1.25000000 0.04019238
v 2.12000000 1.07000000 0.04019238
v 2.15519497 1.25000000 0.02283614
v 2.15519497 1.07000000 0.02283614
v 2.19235429 1.25000000 0.01022225
v 2.19235429 1.07000000 0.01022225
v 2.23084214 1.25000000 0.00256654
v 2.23084214 1.07000000 0.00256654
v 2.27000000 1.25000000 0.00000000
v 2.27000000 1.07000000 0.00000000
v 2.30915786 1.25000000 0.00256654
v 2.30915786 1.07000000 0.00256654
v 2.34764571 1.25000000 0.01022225
v 2.34764571 1.07000000 0.01022225
v 2.38480503 1.25000000 0.02283614
v 2.38480503 1.07000000 0.02283614
v 2.42000000 1.25000000 0.04019238
v 2.42000000 1.07000000 0.04019238
v 2.45262843 1.25000000 0.06199400
v 2.45262843 1.07000000 0.06199400
v 2.48213203 1.25000000 0.08786797
v 2.48213203 1.07000000 0.08786797
v 2.50800600 1.25000000 0.11737157
v 2.50800600 1.07000000 0.11737157
v 2.52980762 1.25000000 0.15000000
v 2.52980762 1.07000000 0.15000000
v 2.54716386 1.25000000 0.18519497
v 2.54716386 1.07000000 0.18519497
v 2.55977775 1.25000000 0.22235429
v 2.55977775 1.07000000 0.22235429
v 2.56743346 1.25000000 0.26084214
v 2.56743346 1.07000000 0.26084214
f 1630 1629 1633
f 1630 1633 1631
f 1631 1633 1634
f 1631 1634 1632
f 1633 1629 1635
f 1633 1635 1634
f 1634 1635 1636
f 1634 1636 1632
f 1635 1629 1637
f 1635 1637 1636
f 1636 1637 1638
f 1636 1638 1632
f 1637 1629 1639
f 1637 1639 1638
f 1638 1639 1640
f 1638 1640 1632
f 1639 1629 1641
f 1639 1641 1640
f 1640 1641 1642
f 1640 1642 1632
f 1641 1629 1643
f 1641 1643 1642
f 1642 1643 1644
f 1642 1644 1632
f 1643 1629 1645
f 1643 1645 1644
f 1644 1645 1646
f 1644 1646 1632
f 1645 1629 1647
f 1645 1647 1646
f 1646 1647 1648
f 1646 1648 1632
f 1647 1629 1649
f 1647 1649 1648
f 1648 1649 1650
f 1648 1650 1632
f 1649 1629 1651
f 1649 1651 1650
f 1650 1651 1652
f 1650 1652 1632
f 1651 1629 1653
f 1651 1653 1652
f 1652 1653 1654
f 1652 1654 1632
f 1653 1629 1655
f 1653 1655 1654
f 1654 1655 1656
f 1654 1656 1632
f 1655 1629 1657
f 1655 1657 1656
f 1656 1657 1658
f 1656 1658 1632
f 1657 1629 1659
f 1657 1659 1658
f 1658 1659 1660
f 1658 1660 1632
f 1659 1629 1661
f 1659 1661 1660
f 1660 1661 1662
f 1660 1662 1632
f 1661 1629 1663
f 1661 1663 1662
f 1662 1663 1664
f 1662 1664 1632
f 1663 1629 1665
f 1663 1665 1664
f 1664 1665 1666
f 1664 1666 1632
f 1665 1629 1667
f 1665 1667 1666
f 1666 1667 1668
f 1666 1668 1632
f 1667 1629 1669
f 1667 1669 1668
f 1668 1669 1670
f 1668 1670 1632
f 1669 1629 1671
f 1669 1671 1670
f 1670 1671 1672
f 1670 1672 1632
f 1671 1629 1673
f 1671 1673 1672
f 1672 1673 1674
f 1672 1674 1632
f 1673 1629 1675
f 1673 1675 1674
f 1674 1675 1676
f 1674 1676 1632
f 1675 1629 1677
f 1675 1677 1676
f 1676 1677 1678
f 1676 1678 1632
f 1677 1629 1679
f 1677 1679 1678
f 1678 1679 1680
f 1678 1680 1632
f 1679 1629 1681
f 1679 1681 1680
f 1680 1681 1682
f 1680 1682 1632
f 1681 1629 1683
f 1681 1683 1682
f 1682 1683 1684
f 1682 1684 1632
f 1683 1629 1685
f 1683 1685 1684
f 1684 1685 1686
f 1684 1686 1632
f 1685 1629 1687
f 1685 1687 1686
f 1686 1687 1688
f 1686 1688 1632
f 1687 1629 1689
f 1687 1689 1688
f 1688 1689 1690
f 1688 1690 1632
f 1689 1629 1691
f 1689 1691 1690
f 1690 1691 1692
f 1690 1692 1632
f 1691 1629 1693
f 1691 1693 1692
f 1692 1693 1694
f 1692 1694 1632
f 1693 1629 1695
f 1693 1695 1694
f 1694 1695 1696
f 1694 1696 1632
f 1695 1629 1697
f 1695 1697 1696
f 1696 1697 1698
f 1696 1698 1632
f 1697 1629 1699
f 1697 1699 1698
f 1698 1699 1700
f 1698 1700 1632
f 1699 1629 1701
f 1699 1701 1700
f 1700 1701 1702
f 1700 1702 1632
f 1701 1629 1703
f 1701 1703 1702
f 1702 1703 1704
f 1702 1704 1632
f 1703 1629 1705
f 1703 1705 1704
f 1704 1705 1706
f 1704 1706 1632
f 1705 1629 1707
f 1705 1707 1706
f 1706 1707 1708
f 1706 1708 1632
f 1707 1629 1709
f 1707 1709 1708
f 1708 1709 1710
f 1708 1710 1632
f 1709 1629 1711
f 1709 1711 1710
f 1710 1711 1712
f 1710 1712 1632
f 1711 1629 1713
f 1711 1713 1712
f 1712 1713 1714
f 1712 1714 1632
f 1713 1629 1715
f 1713 1715 1714
f 1714 1715 1716
f 1714 1716 1632
f 1715 1629 1717
f 1715 1717 1716
f 1716 1717 1718
f 1716 1718 1632
f 1717 1629 1719
f 1717 1719 1718
f 1718 1719 1720
f 1718 1720 1632
f 1719 1629 1721
f 1719 1721 1720
f 1720 1721 1722
f 1720 1722 1632
f 1721 1629 1723
f 1721 1723 1722
f 1722 1723 1724
f 1722 1724 1632
f 1723 1629 1725
f 1723 1725 1724
f 1724 1725 1726
f 1724 1726 1632
f 1725 1629 1630
f 1725 1630 1726
f 1726 1630 1631
f 1726 1631 1632
f 1728 1727 1731
f 1728 1731 1729
f 1729 1731 1732
f 1729 1732 1730
f 1731 1727 1733
f 1731 1733 1732
f 1732 1733 1734
f 1732 1734 1730
f 1733 1727 1735
f 1733 1735 1734
f 1734 1735 1736
f 1734 1736 1730
f 1735 1727 1737
f 1735 1737 1736
f 1736 1737 1738
f 1736 1738 1730
f 1737 1727 1739
f 1737 1739 1738
f 1738 1739 1740
f 1738 1740 1730
f 1739 1727 1741
f 1739 1741 1740
f 1740 1741 1742
f 1740 1742 1730
f 1741 1727 1743
f 1741 1743 1742
f 1742 1743 1744
f 1742 1744 1730
f 1743 1727 1745
f 1743 1745 1744
f 1744 1745 1746
f 1744 1746 1730
f 1745 1727 1747
f 1745 1747 1746
f 1746 1747 1748
f 1746 1748 1730
f 1747 1727 1749
f 1747 1749 1748
f 1748 1749 1750
f 1748 1750 1730
f 1749 1727 1751
f 1749 1751 1750
f 1750 1751 1752
f 1750 1752 1730
f 1751 1727 1753
f 1751 1753 1752
f 1752 1753 1754
f 1752 1754 1730
f 1753 1727 1755
f 1753 1755 1754
f 1754 1755 1756
f 1754 1756 1730
f 1755 1727 1757
f 1755 1757 1756
f 1756 1757 1758
f 1756 1758 1730
f 1757 1727 1759
f 1757 1759 1758
f 1758 1759 1760
f 1758 1760 1730
f 1759 1727 1761
f 1759 1761 1760
f 1760 1761 1762
f 1760 1762 1730
f 1761 1727 1763
f 1761 1763 1762
f 1762 1763 1764
f 1762 1764 1730
f 1763 1727 1765
f 1763 1765 1764
f 1764 1765 1766
f 1764 1766 1730
f 1765 1727 1767
f 1765 1767 1766
f 1766 1767 1768
f 1766 1768 1730
f 1767 1727 1769
f 1767 1769 1768
f 1768 1769 1770
f 1768 1770 1730
f 1769 1727 1771
f 1769 1771 1770
f 1770 1771 1772
f 1770 1772 1730
f 1771 1727 1773
f 1771 1773 1772
f 1772 1773 1774
f 1772 1774 1730
f 1773 1727 1775
f 1773 1775 1774
f 1774 1775 1776
f 1774 1776 1730
f 1775 1727 1777
f 1775 1777 1776
f 1776 1777 1778
f 1776 1778 1730
f 1777 1727 1779
f 1777 1779 1778
f 1778 1779 1780
f 1778 1780 1730
f 1779 1727 1781
f 1779 1781 1780
f 1780 1781 1782
f 1780 1782 1730
f 1781 1727 1783
f 1781 1783 1782
f 1782 1783 1784
f 1782 1784 1730
f 1783 1727 1785
f 1783 1785 1784
f 1784 1785 1786
f 1784 1786 1730
f 1785 1727 1787
f 1785 1787 1786
f 1786 1787 1788
f 1786 1788 1730
f 1787 1727 1789
f 1787 1789 1788
f 1788 1789 1790
f 1788 1790 1730
f 1789 1727 1791
f 1789 1791 1790
f 1790 1791 1792
f 1790 1792 1730
f 1791 1727 1793
f 1791 1793 1792
f 1792 1793 1794
f 1792 1794 1730
f 1793 1727 1795
f 1793 1795 1794
f 1794 1795 1796
f 1794 1796 1730
f 1795 1727 1797
f 1795 1797 1796
f 1796 1797 1798
f 1796 1798 1730
f 1797 1727 1799
f 1797 1799 1798
f 1798 1799 1800
f 1798 1800 1730
f 1799 1727 1801
f 1799 1801 1800
f 1800 1801 1802
f 1800 1802 1730
f 1801 1727 1803
f 1801 1803 1802
f 1802 1803 1804
f 1802 1804 1730
f 1803 1727 1805
f 1803 1805 1804
f 1804 1805 1806
f 1804 1806 1730
f 1805 1727 1807
f 1805 1807 1806
f 1806 1807 1808
f 1806 1808 1730
f 1807 1727 1809
f 1807 1809 1808
f 1808 1809 1810
f 1808 1810 1730
f 1809 1727 1811
f 1809 1811 1810
f 1810 1811 1812
f 1810 1812 1730
f 1811 1727 1813
f 1811 1813 1812
f 1812 1813 1814
f 1812 1814 1730
f 1813 1727 1815
f 1813 1815 1814
f 1814 1815 1816
f 1814 1816 1730
f 1815 1727 1817
f 1815 1817 1816
f 1816 1817 1818
f 1816 1818 1730
f 1817 1727 1819
f 1817 1819 1818
f 1818 1819 1820
f 1818 1820 1730
f 1819 1727 1821
f 1819 1821 1820
f 1820 1821 1822
f 1820 1822 1730
f 1821 1727 1823
f 1821 1823 1822
f 1822 1823 1824
f 1822 1824 1730
f 1823 1727 1728
f 1823 1728 1824
f 1824 1728 1729
f 1824 1729 1730
f 1826 1825 1829
f 1826 1829 1827
f 1827 1829 1830
f 1827 1830 1828
f 1829 1825 1831
f 1829 1831 1830
f 1830 1831 1832
f 1830 1832 1828
f 1831 1825 1833
f 1831 1833 1832
f 1832 1833 1834
f 1832 1834 1828
f 1833 1825 1835
f 1833 1835 1834
f 1834 1835 1836
f 1834 1836 1828
f 1835 1825 1837
f 1835 1837 1836
f 1836 1837 1838
f 1836 1838 1828
f 1837 1825 1839
f 1837 1839 1838
f 1838 1839 1840
f 1838 1840 1828
f 1839 1825 1841
f 1839 1841 1840
f 1840 1841 1842
f 1840 1842 1828
f 1841 1825 1843
f 1841 1843 1842
f 1842 1843 1844
f 1842 1844 1828
f 1843 1825 1845
f 1843 1845 1844
f 1844 1845 1846
f 1844 1846 1828
f 1845 1825 1847
f 1845 1847 1846
f 1846 1847 1848
f 1846 1848 1828
f 1847 1825 1849
f 1847 1849 1848
f 1848 1849 1850
f 1848 1850 1828
f 1849 1825 1851
f 1849 1851 1850
f 1850 1851 1852
f 1850 1852 1828
f 1851 1825 1853
f 1851 1853 1852
f 1852 1853 1854
f 1852 1854 1828
f 1853 1825 1855
f 1853 1855 1854
f 1854 1855 1856
f 1854 1856 1828
f 1855 1825 1857
f 1855 1857 1856
f 1856 1857 1858
f 1856 1858 1828
f 1857 1825 1859
f 1857 1859 1858
f 1858 1859 1860
f 1858 1860 1828
f 1859 1825 1861
f 1859 1861 1860
f 1860 1861 1862
f 1860 1862 1828
f 1861 1825 1863
f 1861 1863 1862
f 1862 1863 1864
f 1862 1864 1828
f 1863 1825 1865
f 1863 1865 1864
f 1864 1865 1866
f 1864 1866 1828
f 1865 1825 1867
f 1865 1867 1866
f 1866 1867 1868
f 1866 1868 1828
f 1867 1825 1869
f 1867 1869 1868
f 1868 1869 1870
f 1868 1870 1828
f 1869 1825 1871
f 1869 1871 1870
f 1870 1871 1872
f 1870 1872 1828
f 1871 1825 1873
f 1871 1873 1872
f 1872 1873 1874
f 1872 1874 1828
f 1873 1825 1875
f 1873 1875 1874
f 1874 1875 1876
f 1874 1876 1828
f 1875 1825 1877
f 1875 1877 1876
f 1876 1877 1878
f 1876 1878 1828
f 1877 1825 1879
f 1877 1879 1878
f 1878 1879 1880
f 1878 1880 1828
f 1879 1825 1881
f 1879 1881 1880
f 1880 1881 1882
f 1880 1882 1828
f 1881 1825 1883
f 1881 1883 1882
f 1882 1883 1884
f 1882 1884 1828
f 1883 1825 1885
f 1883 1885 1884
f 1884 1885 1886
f 1884 1886 1828
f 1885 1825 1887
f 1885 1887 1886
f 1886 1887 1888
f 1886 1888 1828
f 1887 1825 1889
f 1887 1889 1888
f 1888 1889 1890
f 1888 1890 1828
f 1889 1825 1891
f 1889 1891 1890
f 1890 1891 1892
f 1890 1892 1828
f 1891 1825 1893
f 1891 1893 1892
f 1892 1893 1894
f 1892 1894 1828
f 1893 1825 1895
f 1893 1895 1894
f 1894 1895 1896
f 1894 1896 1828
f 1895 1825 1897
f 1895 1897 1896
f 1896 1897 1898
f 1896 1898 1828
f 1897 1825 1899
f 1897 1899 1898
f 1898 1899 1900
f 1898 1900 1828
f 1899 1825 1901
f 1899 1901 1900
f 1900 1901 1902
f 1900 1902 1828
f 1901 1825 1903
f 1901 1903 1902
f 1902 1903 1904
f 1902 1904 1828
f 1903 1825 1905
f 1903 1905 1904
f 1904 1905 1906
f 1904 1906 1828
f 1905 1825 1907
f 1905 1907 1906
f 1906 1907 1908
f 1906 1908 1828
f 1907 1825 1909
f 1907 1909 1908
f 1908 1909 1910
f 1908 1910 1828
f 1909 1825 1911
f 1909 1911 1910
f 1910 1911 1912
f 1910 1912 1828
f 1911 1825 1913
f 1911 1913 1912
f 1912 1913 1914
f 1912 1914 1828
f 1913 1825 1915
f 1913 1915 1914
f 1914 1915 1916
f 1914 1916 1828
f 1915 1825 1917
f 1915 1917 1916
f 1916 1917 1918
f 1916 1918 1828
f 1917 1825 1919
f 1917 1919 1918
f 1918 1919 1920
f 1918 1920 1828
f 1919 1825 1921
f 1919 1921 1920
f 1920 1921 1922
f 1920 1922 1828
f 1921 1825 1826
f 1921 1826 1922
f 1922 1826 1827
f 1922 1827 1828
f 1924 1923 1927
f 1924 1927 1925
f 1925 1927 1928
f 1925 1928 1926
f 1927 1923 1929
f 1927 1929 1928
f 1928 1929 1930
f 1928 1930 1926
f 1929 1923 1931
f 1929 1931 1930
f 1930 1931 1932
f 1930 1932 1926
f 1931 1923 1933
f 1931 1933 1932
f 1932 1933 1934
f 1932 1934 1926
f 1933 1923 1935
f 1933 1935 1934
f 1934 1935 1936
f 1934 1936 1926
f 1935 1923 1937
f 1935 1937 1936
f 1936 1937 1938
f 1936 1938 1926
f 1937 1923 1939
f 1937 1939 1938
f 1938 1939 1940
f 1938 1940 1926
f 1939 1923 1941
f 1939 1941 1940
f 1940 1941 1942
f 1940 1942 1926
f 1941 1923 1943
f 1941 1943 1942
f 1942 1943 1944
f 1942 1944 1926
f 1943 1923 1945
f 1943 1945 1944
f 1944 1945 1946
f 1944 1946 1926
f 1945 1923 1947
f 1945 1947 1946
f 1946 1947 1948
f 1946 1948 1926
f 1947 1923 1949
f 1947 1949 1948
f 1948 1949 1950
f 1948 1950 1926
f 1949 1923 1951
f 1949 1951 1950
f 1950 1951 1952
f 1950 1952 1926
f 1951 1923 1953
f 1951 1953 1952
f 1952 1953 1954
f 1952 1954 1926
f 1953 1923 1955
f 1953 1955 1954
f 1954 1955 1956
f 1954 1956 1926
f 1955 1923 1957
f 1955 1957 1956
f 1956 1957 1958
f 1956 1958 1926
f 1957 1923 1959
f 1957 1959 1958
f 1958 1959 1960
f 1958 1960 1926
f 1959 1923 1961
f 1959 1961 1960
f 1960 1961 1962
f 1960 1962 1926
f 1961 1923 1963
f 1961 1963 1962
f 1962 1963 1964
f 1962 1964 1926
f 1963 1923 1965
f 1963 1965 1964
f 1964 1965 1966
f 1964 1966 1926
f 1965 1923 1967
f 1965 1967 1966
f 1966 1967 1968
f 1966 1968 1926
f 1967 1923 1969
f 1967 1969 1968
f 1968 1969 1970
f 1968 1970 1926
f 1969 1923 1971
f 1969 1971 1970
f 1970 1971 1972
f 1970 1972 1926
f 1971 1923 1973
f 1971 1973 1972
f 1972 1973 1974
f 1972 1974 1926
f 1973 1923 1975
f 1973 1975 1974
f 1974 1975 1976
f 1974 1976 1926
f 1975 1923 1977
f 1975 1977 1976
f 1976 1977 1978
f 1976 1978 1926
f 1977 1923 1979
f 1977 1979 1978
f 1978 1979 1980
f 1978 1980 1926
f 1979 1923 1981
f 1979 1981 1980
f 1980 1981 1982
f 1980 1982 1926
f 1981 1923 1983
f 1981 1983 1982
f 1982 1983 1984
f 1982 1984 1926
f 1983 1923 1985
f 1983 1985 1984
f 1984 1985 1986
f 1984 1986 1926
f 1985 1923 1987
f 1985 1987 1986
f 1986 1987 1988
f 1986 1988 1926
f 1987 1923 1989
f 1987 1989 1988
f 1988 1989 1990
f 1988 1990 1926
f 1989 1923 1991
f 1989 1991 1990
f 1990 1991 1992
f 1990 1992 1926
f 1991 1923 1993
f 1991 1993 1992
f 1992 1993 1994
f 1992 1994 1926
f 1993 1923 1995
f 1993 1995 1994
f 1994 1995 1996
f 1994 1996 1926
f 1995 1923 1997
f 1995 1997 1996
f 1996 1997 1998
f 1996 1998 1926
f 1997 1923 1999
f 1997 1999 1998
f 1998 1999 2000
f 1998 2000 1926
f 1999 1923 2001
f 1999 2001 2000
f 2000 2001 2002
f 2000 2002 1926
f 2001 1923 2003
f 2001 2003 2002
f 2002 2003 2004
f 2002 2004 1926
f 2003 1923 2005
f 2003 2005 2004
f 2004 2005 2006
f 2004 2006 1926
f 2005 1923 2007
f 2005 2007 2006
f 2006 2007 2008
f 2006 2008 1926
f 2007 1923 2009
f 2007 2009 2008
f 2008 2009 2010
f 2008 2010 1926
f 2009 1923 2011
f 2009 2011 2010
f 2010 2011 2012
f 2010 2012 1926
f 2011 1923 2013
f 2011 2013 2012
f 2012 2013 2014
f 2012 2014 1926
f 2013 1923 2015
f 2013 2015 2014
f 2014 2015 2016
f 2014 2016 1926
f 2015 1923 2017
f 2015 2017 2016
f 2016 2017 2018
f 2016 2018 1926
f 2017 1923 2019
f 2017 2019 2018
f 2018 2019 2020
f 2018 2020 1926
f 2019 1923 1924
f 2019 1924 2020
f 2020 1924 1925
f 2020 1925 1926

o Trailer_Rims
usemtl Galvanized steel
v 1.60000000 -1.06500000 0.30000000
v 1.77000000 -1.06500000 0.30000000
v 1.77000000 -1.25500000 0.30000000
v 1.60000000 -1.25500000 0.30000000
v 1.76673350 -1.06500000 0.33316535
v 1.76673350 -1.25500000 0.33316535
v 1.75705952 -1.06500000 0.36505618
v 1.75705952 -1.25500000 0.36505618
v 1.74134983 -1.06500000 0.39444694
v 1.74134983 -1.25500000 0.39444694
v 1.72020815 -1.06500000 0.42020815
v 1.72020815 -1.25500000 0.42020815
v 1.69444694 -1.06500000 0.44134983
v 1.69444694 -1.25500000 0.44134983
v 1.66505618 -1.06500000 0.45705952
v 1.66505618 -1.25500000 0.45705952
v 1.63316535 -1.06500000 0.46673350
v 1.63316535 -1.25500000 0.46673350
v 1.60000000 -1.06500000 0.47000000
v 1.60000000 -1.25500000 0.47000000
v 1.56683465 -1.06500000 0.46673350
v 1.56683465 -1.25500000 0.46673350
v 1.53494382 -1.06500000 0.45705952
v 1.53494382 -1.25500000 0.45705952
v 1.50555306 -1.06500000 0.44134983
v 1.50555306 -1.25500000 0.44134983
v 1.47979185 -1.06500000 0.42020815
v 1.47979185 -1.25500000 0.42020815
v 1.45865017 -1.06500000 0.39444694
v 1.45865017 -1.25500000 0.39444694
v 1.44294048 -1.06500000 0.36505618
v 1.44294048 -1.25500000 0.36505618
v 1.43326650 -1.06500000 0.33316535
v 1.43326650 -1.25500000 0.33316535
v 1.43000000 -1.06500000 0.30000000
v 1.43000000 -1.25500000 0.30000000
v 1.43326650 -1.06500000 0.26683465
v 1.43326650 -1.25500000 0.26683465
v 1.44294048 -1.06500000 0.23494382
v 1.44294048 -1.25500000 0.23494382
v 1.45865017 -1.06500000 0.20555306
v 1.45865017 -1.25500000 0.20555306
v 1.47979185 -1.06500000 0.17979185
v 1.47979185 -1.25500000 0.17979185
v 1.50555306 -1.06500000 0.15865017
v 1.50555306 -1.25500000 0.15865017
v 1.53494382 -1.06500000 0.14294048
v 1.53494382 -1.25500000 0.14294048
v 1.56683465 -1.06500000 0.13326650
v 1.56683465 -1.25500000 0.13326650
v 1.60000000 -1.06500000 0.13000000
v 1.60000000 -1.25500000 0.13000000
v 1.63316535 -1.06500000 0.13326650
v 1.63316535 -1.25500000 0.13326650
v 1.66505618 -1.06500000 0.14294048
v 1.66505618 -1.25500000 0.14294048
v 1.69444694 -1.06500000 0.15865017
v 1.69444694 -1.25500000 0.15865017
v 1.72020815 -1.06500000 0.17979185
v 1.72020815 -1.25500000 0.17979185
v 1.74134983 -1.06500000 0.20555306
v 1.74134983 -1.25500000 0.20555306
v 1.75705952 -1.06500000 0.23494382
v 1.75705952 -1.25500000 0.23494382
v 1.76673350 -1.06500000 0.26683465
v 1.76673350 -1.25500000 0.26683465
v 1.60000000 1.25500000 0.30000000
v 1.77000000 1.25500000 0.30000000
v 1.77000000 1.06500000 0.30000000
v 1.60000000 1.06500000 0.30000000
v 1.76673350 1.25500000 0.33316535
v 1.76673350 1.06500000 0.33316535
v 1.75705952 1.25500000 0.36505618
v 1.75705952 1.06500000 0.36505618
v 1.74134983 1.25500000 0.39444694
v 1.74134983 1.06500000 0.39444694
v 1.72020815 1.25500000 0.42020815
v 1.72020815 1.06500000 0.42020815
v 1.69444694 1.25500000 0.44134983
v 1.69444694 1.06500000 0.44134983
v 1.66505618 1.25500000 0.45705952
v 1.66505618 1.06500000 0.45705952
v 1.63316535 1.25500000 0.46673350
v 1.63316535 1.06500000 0.46673350
v 1.60000000 1.25500000 0.47000000
v 1.60000000 1.06500000 0.47000000
v 1.56683465 1.25500000 0.46673350
v 1.56683465 1.06500000 0.46673350
v 1.53494382 1.25500000 0.45705952
v 1.53494382 1.06500000 0.45705952
v 1.50555306 1.25500000 0.44134983
v 1.50555306 1.06500000 0.44134983
v 1.47979185 1.25500000 0.42020815
v 1.47979185 1.06500000 0.42020815
v 1.45865017 1.25500000 0.39444694
v 1.45865017 1.06500000 0.39444694
v 1.44294048 1.25500000 0.36505618
v 1.44294048 1.06500000 0.36505618
v 1.43326650 1.25500000 0.33316535
v 1.43326650 1.06500000 0.33316535
v 1.43000000 1.25500000 0.30000000
v 1.43000000 1.06500000 0.30000000
v 1.43326650 1.25500000 0.26683465
v 1.43326650 1.06500000 0.26683465
v 1.44294048 1.25500000 0.23494382
v 1.44294048 1.06500000 0.23494382
v 1.45865017 1.25500000 0.20555306
v 1.45865017 1.06500000 0.20555306
v 1.47979185 1.25500000 0.17979185
v 1.47979185 1.06500000 0.17979185
v 1.50555306 1.25500000 0.15865017
v 1.50555306 1.06500000 0.15865017
v 1.53494382 1.25500000 0.14294048
v 1.53494382 1.06500000 0.14294048
v 1.56683465 1.25500000 0.13326650
v 1.56683465 1.06500000 0.13326650
v 1.60000000 1.25500000 0.13000000
v 1.60000000 1.06500000 0.13000000
v 1.63316535 1.25500000 0.13326650
v 1.63316535 1.06500000 0.13326650
v 1.66505618 1.25500000 0.14294048
v 1.66505618 1.06500000 0.14294048
v 1.69444694 1.25500000 0.15865017
v 1.69444694 1.06500000 0.15865017
v 1.72020815 1.25500000 0.17979185
v 1.72020815 1.06500000 0.17979185
v 1.74134983 1.25500000 0.20555306
v 1.74134983 1.06500000 0.20555306
v 1.75705952 1.25500000 0.23494382
v 1.75705952 1.06500000 0.23494382
v 1.76673350 1.25500000 0.26683465
v 1.76673350 1.06500000 0.26683465
v 2.27000000 -1.06500000 0.30000000
v 2.44000000 -1.06500000 0.30000000
v 2.44000000 -1.25500000 0.30000000
v 2.27000000 -1.25500000 0.30000000
v 2.43673350 -1.06500000 0.33316535
v 2.43673350 -1.25500000 0.33316535
v 2.42705952 -1.06500000 0.36505618
v 2.42705952 -1.25500000 0.36505618
v 2.41134983 -1.06500000 0.39444694
v 2.41134983 -1.25500000 0.39444694
v 2.39020815 -1.06500000 0.42020815
v 2.39020815 -1.25500000 0.42020815
v 2.36444694 -1.06500000 0.44134983
v 2.36444694 -1.25500000 0.44134983
v 2.33505618 -1.06500000 0.45705952
v 2.33505618 -1.25500000 0.45705952
v 2.30316535 -1.06500000 0.46673350
v 2.30316535 -1.25500000 0.46673350
v 2.27000000 -1.06500000 0.47000000
v 2.27000000 -1.25500000 0.47000000
v 2.23683465 -1.06500000 0.46673350
v 2.23683465 -1.25500000 0.46673350
v 2.20494382 -1.06500000 0.45705952
v 2.20494382 -1.25500000 0.45705952
v 2.17555306 -1.06500000 0.44134983
v 2.17555306 -1.25500000 0.44134983
v 2.14979185 -1.06500000 0.42020815
v 2.14979185 -1.25500000 0.42020815
v 2.12865017 -1.06500000 0.39444694
v 2.12865017 -1.25500000 0.39444694
v 2.11294048 -1.06500000 0.36505618
v 2.11294048 -1.25500000 0.36505618
v 2.10326650 -1.06500000 0.33316535
v 2.10326650 -1.25500000 0.33316535
v 2.10000000 -1.06500000 0.30000000
v 2.10000000 -1.25500000 0.30000000
v 2.10326650 -1.06500000 0.26683465
v 2.10326650 -1.25500000 0.26683465
v 2.11294048 -1.06500000 0.23494382
v 2.11294048 -1.25500000 0.23494382
v 2.12865017 -1.06500000 0.20555306
v 2.12865017 -1.25500000 0.20555306
v 2.14979185 -1.06500000 0.17979185
v 2.14979185 -1.25500000 0.17979185
v 2.17555306 -1.06500000 0.15865017
v 2.17555306 -1.25500000 0.15865017
v 2.20494382 -1.06500000 0.14294048
v 2.20494382 -1.25500000 0.14294048
v 2.23683465 -1.06500000 0.13326650
v 2.23683465 -1.25500000 0.13326650
v 2.27000000 -1.06500000 0.13000000
v 2.27000000 -1.25500000 0.13000000
v 2.30316535 -1.06500000 0.13326650
v 2.30316535 -1.25500000 0.13326650
v 2.33505618 -1.06500000 0.14294048
v 2.33505618 -1.25500000 0.14294048
v 2.36444694 -1.06500000 0.15865017
v 2.36444694 -1.25500000 0.15865017
v 2.39020815 -1.06500000 0.17979185
v 2.39020815 -1.25500000 0.17979185
v 2.41134983 -1.06500000 0.20555306
v 2.41134983 -1.25500000 0.20555306
v 2.42705952 -1.06500000 0.23494382
v 2.42705952 -1.25500000 0.23494382
v 2.43673350 -1.06500000 0.26683465
v 2.43673350 -1.25500000 0.26683465
v 2.27000000 1.25500000 0.30000000
v 2.44000000 1.25500000 0.30000000
v 2.44000000 1.06500000 0.30000000
v 2.27000000 1.06500000 0.30000000
v 2.43673350 1.25500000 0.33316535
v 2.43673350 1.06500000 0.33316535
v 2.42705952 1.25500000 0.36505618
v 2.42705952 1.06500000 0.36505618
v 2.41134983 1.25500000 0.39444694
v 2.41134983 1.06500000 0.39444694
v 2.39020815 1.25500000 0.42020815
v 2.39020815 1.06500000 0.42020815
v 2.36444694 1.25500000 0.44134983
v 2.36444694 1.06500000 0.44134983
v 2.33505618 1.25500000 0.45705952
v 2.33505618 1.06500000 0.45705952
v 2.30316535 1.25500000 0.46673350
v 2.30316535 1.06500000 0.46673350
v 2.27000000 1.25500000 0.47000000
v 2.27000000 1.06500000 0.47000000
v 2.23683465 1.25500000 0.46673350
v 2.23683465 1.06500000 0.46673350
v 2.20494382 1.25500000 0.45705952
v 2.20494382 1.06500000 0.45705952
v 2.17555306 1.25500000 0.44134983
v 2.17555306 1.06500000 0.44134983
v 2.14979185 1.25500000 0.42020815
v 2.14979185 1.06500000 0.42020815
v 2.12865017 1.25500000 0.39444694
v 2.12865017 1.06500000 0.39444694
v 2.11294048 1.25500000 0.36505618
v 2.11294048 1.06500000 0.36505618
v 2.10326650 1.25500000 0.33316535
v 2.10326650 1.06500000 0.33316535
v 2.10000000 1.25500000 0.30000000
v 2.10000000 1.06500000 0.30000000
v 2.10326650 1.25500000 0.26683465
v 2.10326650 1.06500000 0.26683465
v 2.11294048 1.25500000 0.23494382
v 2.11294048 1.06500000 0.23494382
v 2.12865017 1.25500000 0.20555306
v 2.12865017 1.06500000 0.20555306
v 2.14979185 1.25500000 0.17979185
v 2.14979185 1.06500000 0.17979185
v 2.17555306 1.25500000 0.15865017
v 2.17555306 1.06500000 0.15865017
v 2.20494382 1.25500000 0.14294048
v 2.20494382 1.06500000 0.14294048
v 2.23683465 1.25500000 0.13326650
v 2.23683465 1.06500000 0.13326650
v 2.27000000 1.25500000 0.13000000
v 2.27000000 1.06500000 0.13000000
v 2.30316535 1.25500000 0.13326650
v 2.30316535 1.06500000 0.13326650
v 2.33505618 1.25500000 0.14294048
v 2.33505618 1.06500000 0.14294048
v 2.36444694 1.25500000 0.15865017
v 2.36444694 1.06500000 0.15865017
v 2.39020815 1.25500000 0.17979185
v 2.39020815 1.06500000 0.17979185
v 2.41134983 1.25500000 0.20555306
v 2.41134983 1.06500000 0.20555306
v 2.42705952 1.25500000 0.23494382
v 2.42705952 1.06500000 0.23494382
v 2.43673350 1.25500000 0.26683465
v 2.43673350 1.06500000 0.26683465
f 2022 2021 2025
f 2022 2025 2023
f 2023 2025 2026
f 2023 2026 2024
f 2025 2021 2027
f 2025 2027 2026
f 2026 2027 2028
f 2026 2028 2024
f 2027 2021 2029
f 2027 2029 2028
f 2028 2029 2030
f 2028 2030 2024
f 2029 2021 2031
f 2029 2031 2030
f 2030 2031 2032
f 2030 2032 2024
f 2031 2021 2033
f 2031 2033 2032
f 2032 2033 2034
f 2032 2034 2024
f 2033 2021 2035
f 2033 2035 2034
f 2034 2035 2036
f 2034 2036 2024
f 2035 2021 2037
f 2035 2037 2036
f 2036 2037 2038
f 2036 2038 2024
f 2037 2021 2039
f 2037 2039 2038
f 2038 2039 2040
f 2038 2040 2024
f 2039 2021 2041
f 2039 2041 2040
f 2040 2041 2042
f 2040 2042 2024
f 2041 2021 2043
f 2041 2043 2042
f 2042 2043 2044
f 2042 2044 2024
f 2043 2021 2045
f 2043 2045 2044
f 2044 2045 2046
f 2044 2046 2024
f 2045 2021 2047
f 2045 2047 2046
f 2046 2047 2048
f 2046 2048 2024
f 2047 2021 2049
f 2047 2049 2048
f 2048 2049 2050
f 2048 2050 2024
f 2049 2021 2051
f 2049 2051 2050
f 2050 2051 2052
f 2050 2052 2024
f 2051 2021 2053
f 2051 2053 2052
f 2052 2053 2054
f 2052 2054 2024
f 2053 2021 2055
f 2053 2055 2054
f 2054 2055 2056
f 2054 2056 2024
f 2055 2021 2057
f 2055 2057 2056
f 2056 2057 2058
f 2056 2058 2024
f 2057 2021 2059
f 2057 2059 2058
f 2058 2059 2060
f 2058 2060 2024
f 2059 2021 2061
f 2059 2061 2060
f 2060 2061 2062
f 2060 2062 2024
f 2061 2021 2063
f 2061 2063 2062
f 2062 2063 2064
f 2062 2064 2024
f 2063 2021 2065
f 2063 2065 2064
f 2064 2065 2066
f 2064 2066 2024
f 2065 2021 2067
f 2065 2067 2066
f 2066 2067 2068
f 2066 2068 2024
f 2067 2021 2069
f 2067 2069 2068
f 2068 2069 2070
f 2068 2070 2024
f 2069 2021 2071
f 2069 2071 2070
f 2070 2071 2072
f 2070 2072 2024
f 2071 2021 2073
f 2071 2073 2072
f 2072 2073 2074
f 2072 2074 2024
f 2073 2021 2075
f 2073 2075 2074
f 2074 2075 2076
f 2074 2076 2024
f 2075 2021 2077
f 2075 2077 2076
f 2076 2077 2078
f 2076 2078 2024
f 2077 2021 2079
f 2077 2079 2078
f 2078 2079 2080
f 2078 2080 2024
f 2079 2021 2081
f 2079 2081 2080
f 2080 2081 2082
f 2080 2082 2024
f 2081 2021 2083
f 2081 2083 2082
f 2082 2083 2084
f 2082 2084 2024
f 2083 2021 2085
f 2083 2085 2084
f 2084 2085 2086
f 2084 2086 2024
f 2085 2021 2022
f 2085 2022 2086
f 2086 2022 2023
f 2086 2023 2024
f 2088 2087 2091
f 2088 2091 2089
f 2089 2091 2092
f 2089 2092 2090
f 2091 2087 2093
f 2091 2093 2092
f 2092 2093 2094
f 2092 2094 2090
f 2093 2087 2095
f 2093 2095 2094
f 2094 2095 2096
f 2094 2096 2090
f 2095 2087 2097
f 2095 2097 2096
f 2096 2097 2098
f 2096 2098 2090
f 2097 2087 2099
f 2097 2099 2098
f 2098 2099 2100
f 2098 2100 2090
f 2099 2087 2101
f 2099 2101 2100
f 2100 2101 2102
f 2100 2102 2090
f 2101 2087 2103
f 2101 2103 2102
f 2102 2103 2104
f 2102 2104 2090
f 2103 2087 2105
f 2103 2105 2104
f 2104 2105 2106
f 2104 2106 2090
f 2105 2087 2107
f 2105 2107 2106
f 2106 2107 2108
f 2106 2108 2090
f 2107 2087 2109
f 2107 2109 2108
f 2108 2109 2110
f 2108 2110 2090
f 2109 2087 2111
f 2109 2111 2110
f 2110 2111 2112
f 2110 2112 2090
f 2111 2087 2113
f 2111 2113 2112
f 2112 2113 2114
f 2112 2114 2090
f 2113 2087 2115
f 2113 2115 2114
f 2114 2115 2116
f 2114 2116 2090
f 2115 2087 2117
f 2115 2117 2116
f 2116 2117 2118
f 2116 2118 2090
f 2117 2087 2119
f 2117 2119 2118
f 2118 2119 2120
f 2118 2120 2090
f 2119 2087 2121
f 2119 2121 2120
f 2120 2121 2122
f 2120 2122 2090
f 2121 2087 2123
f 2121 2123 2122
f 2122 2123 2124
f 2122 2124 2090
f 2123 2087 2125
f 2123 2125 2124
f 2124 2125 2126
f 2124 2126 2090
f 2125 2087 2127
f 2125 2127 2126
f 2126 2127 2128
f 2126 2128 2090
f 2127 2087 2129
f 2127 2129 2128
f 2128 2129 2130
f 2128 2130 2090
f 2129 2087 2131
f 2129 2131 2130
f 2130 2131 2132
f 2130 2132 2090
f 2131 2087 2133
f 2131 2133 2132
f 2132 2133 2134
f 2132 2134 2090
f 2133 2087 2135
f 2133 2135 2134
f 2134 2135 2136
f 2134 2136 2090
f 2135 2087 2137
f 2135 2137 2136
f 2136 2137 2138
f 2136 2138 2090
f 2137 2087 2139
f 2137 2139 2138
f 2138 2139 2140
f 2138 2140 2090
f 2139 2087 2141
f 2139 2141 2140
f 2140 2141 2142
f 2140 2142 2090
f 2141 2087 2143
f 2141 2143 2142
f 2142 2143 2144
f 2142 2144 2090
f 2143 2087 2145
f 2143 2145 2144
f 2144 2145 2146
f 2144 2146 2090
f 2145 2087 2147
f 2145 2147 2146
f 2146 2147 2148
f 2146 2148 2090
f 2147 2087 2149
f 2147 2149 2148
f 2148 2149 2150
f 2148 2150 2090
f 2149 2087 2151
f 2149 2151 2150
f 2150 2151 2152
f 2150 2152 2090
f 2151 2087 2088
f 2151 2088 2152
f 2152 2088 2089
f 2152 2089 2090
f 2154 2153 2157
f 2154 2157 2155
f 2155 2157 2158
f 2155 2158 2156
f 2157 2153 2159
f 2157 2159 2158
f 2158 2159 2160
f 2158 2160 2156
f 2159 2153 2161
f 2159 2161 2160
f 2160 2161 2162
f 2160 2162 2156
f 2161 2153 2163
f 2161 2163 2162
f 2162 2163 2164
f 2162 2164 2156
f 2163 2153 2165
f 2163 2165 2164
f 2164 2165 2166
f 2164 2166 2156
f 2165 2153 2167
f 2165 2167 2166
f 2166 2167 2168
f 2166 2168 2156
f 2167 2153 2169
f 2167 2169 2168
f 2168 2169 2170
f 2168 2170 2156
f 2169 2153 2171
f 2169 2171 2170
f 2170 2171 2172
f 2170 2172 2156
f 2171 2153 2173
f 2171 2173 2172
f 2172 2173 2174
f 2172 2174 2156
f 2173 2153 2175
f 2173 2175 2174
f 2174 2175 2176
f 2174 2176 2156
f 2175 2153 2177
f 2175 2177 2176
f 2176 2177 2178
f 2176 2178 2156
f 2177 2153 2179
f 2177 2179 2178
f 2178 2179 2180
f 2178 2180 2156
f 2179 2153 2181
f 2179 2181 2180
f 2180 2181 2182
f 2180 2182 2156
f 2181 2153 2183
f 2181 2183 2182
f 2182 2183 2184
f 2182 2184 2156
f 2183 2153 2185
f 2183 2185 2184
f 2184 2185 2186
f 2184 2186 2156
f 2185 2153 2187
f 2185 2187 2186
f 2186 2187 2188
f 2186 2188 2156
f 2187 2153 2189
f 2187 2189 2188
f 2188 2189 2190
f 2188 2190 2156
f 2189 2153 2191
f 2189 2191 2190
f 2190 2191 2192
f 2190 2192 2156
f 2191 2153 2193
f 2191 2193 2192
f 2192 2193 2194
f 2192 2194 2156
f 2193 2153 2195
f 2193 2195 2194
f 2194 2195 2196
f 2194 2196 2156
f 2195 2153 2197
f 2195 2197 2196
f 2196 2197 2198
f 2196 2198 2156
f 2197 2153 2199
f 2197 2199 2198
f 2198 2199 2200
f 2198 2200 2156
f 2199 2153 2201
f 2199 2201 2200
f 2200 2201 2202
f 2200 2202 2156
f 2201 2153 2203
f 2201 2203 2202
f 2202 2203 2204
f 2202 2204 2156
f 2203 2153 2205
f 2203 2205 2204
f 2204 2205 2206
f 2204 2206 2156
f 2205 2153 2207
f 2205 2207 2206
f 2206 2207 2208
f 2206 2208 2156
f 2207 2153 2209
f 2207 2209 2208
f 2208 2209 2210
f 2208 2210 2156
f 2209 2153 2211
f 2209 2211 2210
f 2210 2211 2212
f 2210 2212 2156
f 2211 2153 2213
f 2211 2213 2212
f 2212 2213 2214
f 2212 2214 2156
f 2213 2153 2215
f 2213 2215 2214
f 2214 2215 2216
f 2214 2216 2156
f 2215 2153 2217
f 2215 2217 2216
f 2216 2217 2218
f 2216 2218 2156
f 2217 2153 2154
f 2217 2154 2218
f 2218 2154 2155
f 2218 2155 2156
f 2220 2219 2223
f 2220 2223 2221
f 2221 2223 2224
f 2221 2224 2222
f 2223 2219 2225
f 2223 2225 2224
f 2224 2225 2226
f 2224 2226 2222
f 2225 2219 2227
f 2225 2227 2226
f 2226 2227 2228
f 2226 2228 2222
f 2227 2219 2229
f 2227 2229 2228
f 2228 2229 2230
f 2228 2230 2222
f 2229 2219 2231
f 2229 2231 2230
f 2230 2231 2232
f 2230 2232 2222
f 2231 2219 2233
f 2231 2233 2232
f 2232 2233 2234
f 2232 2234 2222
f 2233 2219 2235
f 2233 2235 2234
f 2234 2235 2236
f 2234 2236 2222
f 2235 2219 2237
f 2235 2237 2236
f 2236 2237 2238
f 2236 2238 2222
f 2237 2219 2239
f 2237 2239 2238
f 2238 2239 2240
f 2238 2240 2222
f 2239 2219 2241
f 2239 2241 2240
f 2240 2241 2242
f 2240 2242 2222
f 2241 2219 2243
f 2241 2243 2242
f 2242 2243 2244
f 2242 2244 2222
f 2243 2219 2245
f 2243 2245 2244
f 2244 2245 2246
f 2244 2246 2222
f 2245 2219 2247
f 2245 2247 2246
f 2246 2247 2248
f 2246 2248 2222
f 2247 2219 2249
f 2247 2249 2248
f 2248 2249 2250
f 2248 2250 2222
f 2249 2219 2251
f 2249 2251 2250
f 2250 2251 2252
f 2250 2252 2222
f 2251 2219 2253
f 2251 2253 2252
f 2252 2253 2254
f 2252 2254 2222
f 2253 2219 2255
f 2253 2255 2254
f 2254 2255 2256
f 2254 2256 2222
f 2255 2219 2257
f 2255 2257 2256
f 2256 2257 2258
f 2256 2258 2222
f 2257 2219 2259
f 2257 2259 2258
f 2258 2259 2260
f 2258 2260 2222
f 2259 2219 2261
f 2259 2261 2260
f 2260 2261 2262
f 2260 2262 2222
f 2261 2219 2263
f 2261 2263 2262
f 2262 2263 2264
f 2262 2264 2222
f 2263 2219 2265
f 2263 2265 2264
f 2264 2265 2266
f 2264 2266 2222
f 2265 2219 2267
f 2265 2267 2266
f 2266 2267 2268
f 2266 2268 2222
f 2267 2219 2269
f 2267 2269 2268
f 2268 2269 2270
f 2268 2270 2222
f 2269 2219 2271
f 2269 2271 2270
f 2270 2271 2272
f 2270 2272 2222
f 2271 2219 2273
f 2271 2273 2272
f 2272 2273 2274
f 2272 2274 2222
f 2273 2219 2275
f 2273 2275 2274
f 2274 2275 2276
f 2274 2276 2222
f 2275 2219 2277
f 2275 2277 2276
f 2276 2277 2278
f 2276 2278 2222
f 2277 2219 2279
f 2277 2279 2278
f 2278 2279 2280
f 2278 2280 2222
f 2279 2219 2281
f 2279 2281 2280
f 2280 2281 2282
f 2280 2282 2222
f 2281 2219 2283
f 2281 2283 2282
f 2282 2283 2284
f 2282 2284 2222
f 2283 2219 2220
f 2283 2220 2284
f 2284 2220 2221
f 2284 2221 2222

o Trailer_Fenders
usemtl Trailer steel
v 1.24500000 -1.27500000 0.55000000
v 1.24500000 -1.27500000 0.67000000
v 1.24500000 -1.20000000 0.55000000
v 1.24500000 -1.20000000 0.67000000
v 2.62500000 -1.27500000 0.55000000
v 2.62500000 -1.27500000 0.67000000
v 2.62500000 -1.20000000 0.55000000
v 2.62500000 -1.20000000 0.67000000
v 1.24500000 1.20000000 0.55000000
v 1.24500000 1.20000000 0.67000000
v 1.24500000 1.27500000 0.55000000
v 1.24500000 1.27500000 0.67000000
v 2.62500000 1.20000000 0.55000000
v 2.62500000 1.20000000 0.67000000
v 2.62500000 1.27500000 0.55000000
v 2.62500000 1.27500000 0.67000000
f 2286 2288 2285
f 2289 2286 2285
f 2285 2288 2287
f 2287 2289 2285
f 2286 2292 2288
f 2290 2286 2289
f 2290 2292 2286
f 2288 2292 2287
f 2291 2289 2287
f 2287 2292 2291
f 2291 2290 2289
f 2292 2290 2291
f 2294 2296 2293
f 2297 2294 2293
f 2293 2296 2295
f 2295 2297 2293
f 2294 2300 2296
f 2298 2294 2297
f 2298 2300 2294
f 2296 2300 2295
f 2299 2297 2295
f 2295 2300 2299
f 2299 2298 2297
f 2300 2298 2299

o Jockey_Post
usemtl Galvanized steel
v -4.42000000 0.00000000 0.05000000
v -4.38500000 0.00000000 0.05000000
v -4.38500000 0.00000000 0.57000000
v -4.42000000 0.00000000 0.57000000
v -4.38619260 0.00905867 0.05000000
v -4.38619260 0.00905867 0.57000000
v -4.38968911 0.01750000 0.05000000
v -4.38968911 0.01750000 0.57000000
v -4.39525126 0.02474874 0.05000000
v -4.39525126 0.02474874 0.57000000
v -4.40250000 0.03031089 0.05000000
v -4.40250000 0.03031089 0.57000000
v -4.41094133 0.03380740 0.05000000
v -4.41094133 0.03380740 0.57000000
v -4.42000000 0.03500000 0.05000000
v -4.42000000 0.03500000 0.57000000
v -4.42905867 0.03380740 0.05000000
v -4.42905867 0.03380740 0.57000000
v -4.43750000 0.03031089 0.05000000
v -4.43750000 0.03031089 0.57000000
v -4.44474874 0.02474874 0.05000000
v -4.44474874 0.02474874 0.57000000
v -4.45031089 0.01750000 0.05000000
v -4.45031089 0.01750000 0.57000000
v -4.45380740 0.00905867 0.05000000
v -4.45380740 0.00905867 0.57000000
v -4.45500000 0.00000000 0.05000000
v -4.45500000 0.00000000 0.57000000
v -4.45380740 -0.00905867 0.05000000
v -4.45380740 -0.00905867 0.57000000
v -4.45031089 -0.01750000 0.05000000
v -4.45031089 -0.01750000 0.57000000
v -4.44474874 -0.02474874 0.05000000
v -4.44474874 -0.02474874 0.57000000
v -4.43750000 -0.03031089 0.05000000
v -4.43750000 -0.03031089 0.57000000
v -4.42905867 -0.03380740 0.05000000
v -4.42905867 -0.03380740 0.57000000
v -4.42000000 -0.03500000 0.05000000
v -4.42000000 -0.03500000 0.57000000
v -4.41094133 -0.03380740 0.05000000
v -4.41094133 -0.03380740 0.57000000
v -4.40250000 -0.03031089 0.05000000
v -4.40250000 -0.03031089 0.57000000
v -4.39525126 -0.02474874 0.05000000
v -4.39525126 -0.02474874 0.57000000
v -4.38968911 -0.01750000 0.05000000
v -4.38968911 -0.01750000 0.57000000
v -4.38619260 -0.00905867 0.05000000
v -4.38619260 -0.00905867 0.57000000
f 2302 2301 2305
f 2302 2305 2303
f 2303 2305 2306
f 2303 2306 2304
f 2305 2301 2307
f 2305 2307 2306
f 2306 2307 2308
f 2306 2308 2304
f 2307 2301 2309
f 2307 2309 2308
f 2308 2309 2310
f 2308 2310 2304
f 2309 2301 2311
f 2309 2311 2310
f 2310 2311 2312
f 2310 2312 2304
f 2311 2301 2313
f 2311 2313 2312
f 2312 2313 2314
f 2312 2314 2304
f 2313 2301 2315
f 2313 2315 2314
f 2314 2315 2316
f 2314 2316 2304
f 2315 2301 2317
f 2315 2317 2316
f 2316 2317 2318
f 2316 2318 2304
f 2317 2301 2319
f 2317 2319 2318
f 2318 2319 2320
f 2318 2320 2304
f 2319 2301 2321
f 2319 2321 2320
f 2320 2321 2322
f 2320 2322 2304
f 2321 2301 2323
f 2321 2323 2322
f 2322 2323 2324
f 2322 2324 2304
f 2323 2301 2325
f 2323 2325 2324
f 2324 2325 2326
f 2324 2326 2304
f 2325 2301 2327
f 2325 2327 2326
f 2326 2327 2328
f 2326 2328 2304
f 2327 2301 2329
f 2327 2329 2328
f 2328 2329 2330
f 2328 2330 2304
f 2329 2301 2331
f 2329 2331 2330
f 2330 2331 2332
f 2330 2332 2304
f 2331 2301 2333
f 2331 2333 2332
f 2332 2333 2334
f 2332 2334 2304
f 2333 2301 2335
f 2333 2335 2334
f 2334 2335 2336
f 2334 2336 2304
f 2335 2301 2337
f 2335 2337 2336
f 2336 2337 2338
f 2336 2338 2304
f 2337 2301 2339
f 2337 2339 2338
f 2338 2339 2340
f 2338 2340 2304
f 2339 2301 2341
f 2339 2341 2340
f 2340 2341 2342
f 2340 2342 2304
f 2341 2301 2343
f 2341 2343 2342
f 2342 2343 2344
f 2342 2344 2304
f 2343 2301 2345
f 2343 2345 2344
f 2344 2345 2346
f 2344 2346 2304
f 2345 2301 2347
f 2345 2347 2346
f 2346 2347 2348
f 2346 2348 2304
f 2347 2301 2349
f 2347 2349 2348
f 2348 2349 2350
f 2348 2350 2304
f 2349 2301 2302
f 2349 2302 2350
f 2350 2302 2303
f 2350 2303 2304

o Jockey_Wheel
usemtl Tires
v -4.42000000 0.03600000 0.12000000
v -4.30000000 0.03600000 0.12000000
v -4.30000000 -0.03600000 0.12000000
v -4.42000000 -0.03600000 0.12000000
v -4.30102662 0.03600000 0.13566314
v -4.30102662 -0.03600000 0.13566314
v -4.30408890 0.03600000 0.15105829
v -4.30408890 -0.03600000 0.15105829
v -4.30913446 0.03600000 0.16592201
v -4.30913446 -0.03600000 0.16592201
v -4.31607695 0.03600000 0.18000000
v -4.31607695 -0.03600000 0.18000000
v -4.32479760 0.03600000 0.19305137
v -4.32479760 -0.03600000 0.19305137
v -4.33514719 0.03600000 0.20485281
v -4.33514719 -0.03600000 0.20485281
v -4.34694863 0.03600000 0.21520240
v -4.34694863 -0.03600000 0.21520240
v -4.36000000 0.03600000 0.22392305
v -4.36000000 -0.03600000 0.22392305
v -4.37407799 0.03600000 0.23086554
v -4.37407799 -0.03600000 0.23086554
v -4.38894171 0.03600000 0.23591110
v -4.38894171 -0.03600000 0.23591110
v -4.40433686 0.03600000 0.23897338
v -4.40433686 -0.03600000 0.23897338
v -4.42000000 0.03600000 0.24000000
v -4.42000000 -0.03600000 0.24000000
v -4.43566314 0.03600000 0.23897338
v -4.43566314 -0.03600000 0.23897338
v -4.45105829 0.03600000 0.23591110
v -4.45105829 -0.03600000 0.23591110
v -4.46592201 0.03600000 0.23086554
v -4.46592201 -0.03600000 0.23086554
v -4.48000000 0.03600000 0.22392305
v -4.48000000 -0.03600000 0.22392305
v -4.49305137 0.03600000 0.21520240
v -4.49305137 -0.03600000 0.21520240
v -4.50485281 0.03600000 0.20485281
v -4.50485281 -0.03600000 0.20485281
v -4.51520240 0.03600000 0.19305137
v -4.51520240 -0.03600000 0.19305137
v -4.52392305 0.03600000 0.18000000
v -4.52392305 -0.03600000 0.18000000
v -4.53086554 0.03600000 0.16592201
v -4.53086554 -0.03600000 0.16592201
v -4.53591110 0.03600000 0.15105829
v -4.53591110 -0.03600000 0.15105829
v -4.53897338 0.03600000 0.13566314
v -4.53897338 -0.03600000 0.13566314
v -4.54000000 0.03600000 0.12000000
v -4.54000000 -0.03600000 0.12000000
v -4.53897338 0.03600000 0.10433686
v -4.53897338 -0.03600000 0.10433686
v -4.53591110 0.03600000 0.08894171
v -4.53591110 -0.03600000 0.08894171
v -4.53086554 0.03600000 0.07407799
v -4.53086554 -0.03600000 0.07407799
v -4.52392305 0.03600000 0.06000000
v -4.52392305 -0.03600000 0.06000000
v -4.51520240 0.03600000 0.04694863
v -4.51520240 -0.03600000 0.04694863
v -4.50485281 0.03600000 0.03514719
v -4.50485281 -0.03600000 0.03514719
v -4.49305137 0.03600000 0.02479760
v -4.49305137 -0.03600000 0.02479760
v -4.48000000 0.03600000 0.01607695
v -4.48000000 -0.03600000 0.01607695
v -4.46592201 0.03600000 0.00913446
v -4.46592201 -0.03600000 0.00913446
v -4.45105829 0.03600000 0.00408890
v -4.45105829 -0.03600000 0.00408890
v -4.43566314 0.03600000 0.00102662
v -4.43566314 -0.03600000 0.00102662
v -4.42000000 0.03600000 0.00000000
v -4.42000000 -0.03600000 0.00000000
v -4.40433686 0.03600000 0.00102662
v -4.40433686 -0.03600000 0.00102662
v -4.38894171 0.03600000 0.00408890
v -4.38894171 -0.03600000 0.00408890
v -4.37407799 0.03600000 0.00913446
v -4.37407799 -0.03600000 0.00913446
v -4.36000000 0.03600000 0.01607695
v -4.36000000 -0.03600000 0.01607695
v -4.34694863 0.03600000 0.02479760
v -4.34694863 -0.03600000 0.02479760
v -4.33514719 0.03600000 0.03514719
v -4.33514719 -0.03600000 0.03514719
v -4.32479760 0.03600000 0.04694863
v -4.32479760 -0.03600000 0.04694863
v -4.31607695 0.03600000 0.06000000
v -4.31607695 -0.03600000 0.06000000
v -4.30913446 0.03600000 0.07407799
v -4.30913446 -0.03600000 0.07407799
v -4.30408890 0.03600000 0.08894171
v -4.30408890 -0.03600000 0.08894171
v -4.30102662 0.03600000 0.10433686
v -4.30102662 -0.03600000 0.10433686
f 2352 2351 2355
f 2352 2355 2353
f 2353 2355 2356
f 2353 2356 2354
f 2355 2351 2357
f 2355 2357 2356
f 2356 2357 2358
f 2356 2358 2354
f 2357 2351 2359
f 2357 2359 2358
f 2358 2359 2360
f 2358 2360 2354
f 2359 2351 2361
f 2359 2361 2360
f 2360 2361 2362
f 2360 2362 2354
f 2361 2351 2363
f 2361 2363 2362
f 2362 2363 2364
f 2362 2364 2354
f 2363 2351 2365
f 2363 2365 2364
f 2364 2365 2366
f 2364 2366 2354
f 2365 2351 2367
f 2365 2367 2366
f 2366 2367 2368
f 2366 2368 2354
f 2367 2351 2369
f 2367 2369 2368
f 2368 2369 2370
f 2368 2370 2354
f 2369 2351 2371
f 2369 2371 2370
f 2370 2371 2372
f 2370 2372 2354
f 2371 2351 2373
f 2371 2373 2372
f 2372 2373 2374
f 2372 2374 2354
f 2373 2351 2375
f 2373 2375 2374
f 2374 2375 2376
f 2374 2376 2354
f 2375 2351 2377
f 2375 2377 2376
f 2376 2377 2378
f 2376 2378 2354
f 2377 2351 2379
f 2377 2379 2378
f 2378 2379 2380
f 2378 2380 2354
f 2379 2351 2381
f 2379 2381 2380
f 2380 2381 2382
f 2380 2382 2354
f 2381 2351 2383
f 2381 2383 2382
f 2382 2383 2384
f 2382 2384 2354
f 2383 2351 2385
f 2383 2385 2384
f 2384 2385 2386
f 2384 2386 2354
f 2385 2351 2387
f 2385 2387 2386
f 2386 2387 2388
f 2386 2388 2354
f 2387 2351 2389
f 2387 2389 2388
f 2388 2389 2390
f 2388 2390 2354
f 2389 2351 2391
f 2389 2391 2390
f 2390 2391 2392
f 2390 2392 2354
f 2391 2351 2393
f 2391 2393 2392
f 2392 2393 2394
f 2392 2394 2354
f 2393 2351 2395
f 2393 2395 2394
f 2394 2395 2396
f 2394 2396 2354
f 2395 2351 2397
f 2395 2397 2396
f 2396 2397 2398
f 2396 2398 2354
f 2397 2351 2399
f 2397 2399 2398
f 2398 2399 2400
f 2398 2400 2354
f 2399 2351 2401
f 2399 2401 2400
f 2400 2401 2402
f 2400 2402 2354
f 2401 2351 2403
f 2401 2403 2402
f 2402 2403 2404
f 2402 2404 2354
f 2403 2351 2405
f 2403 2405 2404
f 2404 2405 2406
f 2404 2406 2354
f 2405 2351 2407
f 2405 2407 2406
f 2406 2407 2408
f 2406 2408 2354
f 2407 2351 2409
f 2407 2409 2408
f 2408 2409 2410
f 2408 2410 2354
f 2409 2351 2411
f 2409 2411 2410
f 2410 2411 2412
f 2410 2412 2354
f 2411 2351 2413
f 2411 2413 2412
f 2412 2413 2414
f 2412 2414 2354
f 2413 2351 2415
f 2413 2415 2414
f 2414 2415 2416
f 2414 2416 2354
f 2415 2351 2417
f 2415 2417 2416
f 2416 2417 2418
f 2416 2418 2354
f 2417 2351 2419
f 2417 2419 2418
f 2418 2419 2420
f 2418 2420 2354
f 2419 2351 2421
f 2419 2421 2420
f 2420 2421 2422
f 2420 2422 2354
f 2421 2351 2423
f 2421 2423 2422
f 2422 2423 2424
f 2422 2424 2354
f 2423 2351 2425
f 2423 2425 2424
f 2424 2425 2426
f 2424 2426 2354
f 2425 2351 2427
f 2425 2427 2426
f 2426 2427 2428
f 2426 2428 2354
f 2427 2351 2429
f 2427 2429 2428
f 2428 2429 2430
f 2428 2430 2354
f 2429 2351 2431
f 2429 2431 2430
f 2430 2431 2432
f 2430 2432 2354
f 2431 2351 2433
f 2431 2433 2432
f 2432 2433 2434
f 2432 2434 2354
f 2433 2351 2435
f 2433 2435 2434
f 2434 2435 2436
f 2434 2436 2354
f 2435 2351 2437
f 2435 2437 2436
f 2436 2437 2438
f 2436 2438 2354
f 2437 2351 2439
f 2437 2439 2438
f 2438 2439 2440
f 2438 2440 2354
f 2439 2351 2441
f 2439 2441 2440
f 2440 2441 2442
f 2440 2442 2354
f 2441 2351 2443
f 2441 2443 2442
f 2442 2443 2444
f 2442 2444 2354
f 2443 2351 2445
f 2443 2445 2444
f 2444 2445 2446
f 2444 2446 2354
f 2445 2351 2447
f 2445 2447 2446
f 2446 2447 2448
f 2446 2448 2354
f 2447 2351 2352
f 2447 2352 2448
f 2448 2352 2353
f 2448 2353 2354

o Jockey_Wheel_Rim
usemtl Galvanized steel
v -4.42000000 0.03800000 0.12000000
v -4.35200000 0.03800000 0.12000000
v -4.35200000 -0.03800000 0.12000000
v -4.42000000 -0.03800000 0.12000000
v -4.35330660 0.03800000 0.13326614
v -4.35330660 -0.03800000 0.13326614
v -4.35717619 0.03800000 0.14602247
v -4.35717619 -0.03800000 0.14602247
v -4.36346007 0.03800000 0.15777878
v -4.36346007 -0.03800000 0.15777878
v -4.37191674 0.03800000 0.16808326
v -4.37191674 -0.03800000 0.16808326
v -4.38222122 0.03800000 0.17653993
v -4.38222122 -0.03800000 0.17653993
v -4.39397753 0.03800000 0.18282381
v -4.39397753 -0.03800000 0.18282381
v -4.40673386 0.03800000 0.18669340
v -4.40673386 -0.03800000 0.18669340
v -4.42000000 0.03800000 0.18800000
v -4.42000000 -0.03800000 0.18800000
v -4.43326614 0.03800000 0.18669340
v -4.43326614 -0.03800000 0.18669340
v -4.44602247 0.03800000 0.18282381
v -4.44602247 -0.03800000 0.18282381
v -4.45777878 0.03800000 0.17653993
v -4.45777878 -0.03800000 0.17653993
v -4.46808326 0.03800000 0.16808326
v -4.46808326 -0.03800000 0.16808326
v -4.47653993 0.03800000 0.15777878
v -4.47653993 -0.03800000 0.15777878
v -4.48282381 0.03800000 0.14602247
v -4.48282381 -0.03800000 0.14602247
v -4.48669340 0.03800000 0.13326614
v -4.48669340 -0.03800000 0.13326614
v -4.48800000 0.03800000 0.12000000
v -4.48800000 -0.03800000 0.12000000
v -4.48669340 0.03800000 0.10673386
v -4.48669340 -0.03800000 0.10673386
v -4.48282381 0.03800000 0.09397753
v -4.48282381 -0.03800000 0.09397753
v -4.47653993 0.03800000 0.08222122
v -4.47653993 -0.03800000 0.08222122
v -4.46808326 0.03800000 0.07191674
v -4.46808326 -0.03800000 0.07191674
v -4.45777878 0.03800000 0.06346007
v -4.45777878 -0.03800000 0.06346007
v -4.44602247 0.03800000 0.05717619
v -4.44602247 -0.03800000 0.05717619
v -4.43326614 0.03800000 0.05330660
v -4.43326614 -0.03800000 0.05330660
v -4.42000000 0.03800000 0.05200000
v -4.42000000 -0.03800000 0.05200000
v -4.40673386 0.03800000 0.05330660
v -4.40673386 -0.03800000 0.05330660
v -4.39397753 0.03800000 0.05717619
v -4.39397753 -0.03800000 0.05717619
v -4.38222122 0.03800000 0.06346007
v -4.38222122 -0.03800000 0.06346007
v -4.37191674 0.03800000 0.07191674
v -4.37191674 -0.03800000 0.07191674
v -4.36346007 0.03800000 0.08222122
v -4.36346007 -0.03800000 0.08222122
v -4.35717619 0.03800000 0.09397753
v -4.35717619 -0.03800000 0.09397753
v -4.35330660 0.03800000 0.10673386
v -4.35330660 -0.03800000 0.10673386
f 2450 2449 2453
f 2450 2453 2451
f 2451 2453 2454
f 2451 2454 2452
f 2453 2449 2455
f 2453 2455 2454
f 2454 2455 2456
f 2454 2456 2452
f 2455 2449 2457
f 2455 2457 2456
f 2456 2457 2458
f 2456 2458 2452
f 2457 2449 2459
f 2457 2459 2458
f 2458 2459 2460
f 2458 2460 2452
f 2459 2449 2461
f 2459 2461 2460
f 2460 2461 2462
f 2460 2462 2452
f 2461 2449 2463
f 2461 2463 2462
f 2462 2463 2464
f 2462 2464 2452
f 2463 2449 2465
f 2463 2465 2464
f 2464 2465 2466
f 2464 2466 2452
f 2465 2449 2467
f 2465 2467 2466
f 2466 2467 2468
f 2466 2468 2452
f 2467 2449 2469
f 2467 2469 2468
f 2468 2469 2470
f 2468 2470 2452
f 2469 2449 2471
f 2469 2471 2470
f 2470 2471 2472
f 2470 2472 2452
f 2471 2449 2473
f 2471 2473 2472
f 2472 2473 2474
f 2472 2474 2452
f 2473 2449 2475
f 2473 2475 2474
f 2474 2475 2476
f 2474 2476 2452
f 2475 2449 2477
f 2475 2477 2476
f 2476 2477 2478
f 2476 2478 2452
f 2477 2449 2479
f 2477 2479 2478
f 2478 2479 2480
f 2478 2480 2452
f 2479 2449 2481
f 2479 2481 2480
f 2480 2481 2482
f 2480 2482 2452
f 2481 2449 2483
f 2481 2483 2482
f 2482 2483 2484
f 2482 2484 2452
f 2483 2449 2485
f 2483 2485 2484
f 2484 2485 2486
f 2484 2486 2452
f 2485 2449 2487
f 2485 2487 2486
f 2486 2487 2488
f 2486 2488 2452
f 2487 2449 2489
f 2487 2489 2488
f 2488 2489 2490
f 2488 2490 2452
f 2489 2449 2491
f 2489 2491 2490
f 2490 2491 2492
f 2490 2492 2452
f 2491 2449 2493
f 2491 2493 2492
f 2492 2493 2494
f 2492 2494 2452
f 2493 2449 2495
f 2493 2495 2494
f 2494 2495 2496
f 2494 2496 2452
f 2495 2449 2497
f 2495 2497 2496
f 2496 2497 2498
f 2496 2498 2452
f 2497 2449 2499
f 2497 2499 2498
f 2498 2499 2500
f 2498 2500 2452
f 2499 2449 2501
f 2499 2501 2500
f 2500 2501 2502
f 2500 2502 2452
f 2501 2449 2503
f 2501 2503 2502
f 2502 2503 2504
f 2502 2504 2452
f 2503 2449 2505
f 2503 2505 2504
f 2504 2505 2506
f 2504 2506 2452
f 2505 2449 2507
f 2505 2507 2506
f 2506 2507 2508
f 2506 2508 2452
f 2507 2449 2509
f 2507 2509 2508
f 2508 2509 2510
f 2508 2510 2452
f 2509 2449 2511
f 2509 2511 2510
f 2510 2511 2512
f 2510 2512 2452
f 2511 2449 2513
f 2511 2513 2512
f 2512 2513 2514
f 2512 2514 2452
f 2513 2449 2450
f 2513 2450 2514
f 2514 2450 2451
f 2514 2451 2452

